0.000000
0.000000
0.000000
0.000000
0.000000
0.000000
0.000000
0.000000
0.000000
0.000000
285.350006
285.350006
285.350006
285.350006
285.350006
285.350006
285.350006
286.239990
286.239990
286.239990
286.239990
286.239990
286.239990
286.239990
286.239990
286.239990
286.239990
286.239990
286.239990
286.239990
286.239990
286.239990
286.239990
286.239990
286.239990
286.239990
286.239990
286.239990
284.500000
284.000000
283.500000
283.500000
283.500000
283.500000
283.500000
283.500000
283.500000
283.500000
282.899994
281.220001
280.940002
280.619995
278.989990
278.989990
278.989990
278.989990
278.989990
278.920013
278.920013
278.920013
278.920013
278.920013
278.920013
278.920013
278.920013
278.570007
278.570007
278.570007
278.570007
278.570007
278.570007
278.570007
278.570007
278.570007
278.570007
278.570007
278.570007
278.570007
278.570007
278.000000
277.299988
277.299988
277.299988
277.299988
277.299988
277.299988
277.500000
277.750000
277.750000
277.750000
277.750000
277.750000
277.750000
277.750000
277.750000
277.750000
277.750000
277.750000
277.750000
277.750000
277.750000
277.750000
277.750000
277.750000
277.750000
277.750000
277.750000
277.750000
276.450012
276.450012
276.450012
276.450012
276.450012
276.489990
277.250000
277.250000
277.250000
277.250000
277.250000
277.250000
277.250000
277.250000
277.250000
277.250000
277.250000
277.250000
277.250000
277.250000
277.250000
277.250000
277.250000
277.250000
277.250000
277.250000
277.250000
275.869995
274.950012
274.950012
274.950012
274.950012
274.950012
274.950012
274.950012
274.950012
274.950012
274.950012
274.950012
274.950012
274.950012
274.950012
273.720001
273.720001
273.720001
273.720001
273.720001
273.720001
273.720001
274.179993
274.179993
274.179993
274.320007
274.350006
274.519989
274.519989
274.519989
274.519989
274.519989
274.519989
275.000000
275.290009
275.519989
275.790009
276.440002
276.440002
276.440002
276.440002
276.440002
276.440002
276.779999
277.260010
277.260010
277.260010
277.260010
277.260010
277.260010
277.260010
277.260010
277.260010
277.260010
277.260010
277.260010
277.260010
277.260010
277.260010
277.260010
277.260010
277.260010
277.260010
277.260010
277.260010
277.190002
277.190002
277.190002
277.190002
277.190002
277.190002
275.899994
275.899994
275.899994
276.070007
276.149994
276.489990
276.489990
276.489990
277.470001
277.470001
277.470001
277.470001
277.470001
277.730011
277.779999
277.790009
277.970001
278.070007
278.070007
278.070007
278.119995
278.869995
278.869995
278.869995
278.869995
278.869995
278.869995
278.869995
278.869995
278.869995
278.869995
278.869995
278.869995
278.980011
279.170013
279.170013
279.170013
279.170013
279.170013
279.170013
279.170013
279.170013
279.170013
279.170013
279.170013
279.170013
279.170013
279.170013
279.170013
279.170013
279.170013
279.170013
279.170013
279.170013
279.170013
278.950012
277.989990
276.450012
276.500000
276.769989
276.769989
276.799988
277.260010
277.429993
277.730011
277.730011
277.730011
277.730011
277.730011
277.730011
277.730011
277.730011
277.730011
277.730011
277.730011
277.730011
277.730011
277.730011
277.730011
277.730011
277.730011
277.730011
277.730011
277.730011
277.730011
276.959991
276.959991
276.959991
276.959991
276.959991
276.959991
276.959991
276.959991
276.959991
276.959991
276.959991
276.959991
276.959991
276.959991
276.000000
276.000000
276.000000
276.000000
276.000000
276.000000
276.000000
276.160004
276.160004
276.160004
276.160004
276.160004
276.190002
276.200012
276.200012
276.200012
276.200012
276.200012
276.200012
276.200012
276.200012
278.000000
278.000000
278.000000
278.000000
278.000000
278.000000
278.000000
278.000000
278.000000
278.000000
278.000000
278.000000
278.000000
278.000000
278.000000
278.000000
278.000000
278.000000
278.000000
278.000000
278.000000
277.000000
277.000000
277.000000
277.000000
277.000000
277.000000
277.000000
277.000000
277.000000
277.000000
276.489990
275.399994
275.399994
275.399994
275.399994
274.690002
274.690002
274.690002
274.690002
274.690002
274.890015
274.910004
275.480011
275.480011
275.480011
275.480011
275.480011
275.480011
275.480011
275.480011
275.480011
275.480011
275.480011
275.480011
275.480011
275.480011
275.480011
275.480011
275.480011
275.480011
275.480011
275.480011
275.480011
274.700012
274.450012
274.450012
274.450012
274.450012
274.450012
274.450012
274.450012
274.450012
274.359985
274.359985
274.359985
274.359985
273.700012
272.589996
272.589996
272.589996
272.589996
272.589996
272.589996
272.589996
272.589996
272.589996
272.589996
272.589996
272.589996
272.589996
272.589996
272.480011
272.480011
272.480011
272.480011
272.480011
272.500000
272.589996
272.589996
272.589996
272.589996
272.589996
272.589996
272.589996
272.589996
272.890015
272.890015
272.890015
272.890015
272.890015
272.890015
272.890015
272.890015
272.890015
272.890015
272.890015
272.890015
272.890015
272.890015
272.890015
272.890015
272.890015
272.890015
273.000000
273.220001
273.730011
273.850006
273.850006
273.850006
273.850006
273.850006
273.850006
273.850006
273.850006
273.850006
273.850006
273.850006
273.850006
273.850006
273.850006
273.850006
273.850006
273.850006
273.850006
273.850006
273.850006
273.850006
271.899994
271.899994
271.899994
271.899994
271.899994
271.899994
271.899994
271.899994
271.899994
271.899994
271.899994
271.380005
271.380005
271.380005
268.000000
268.000000
268.000000
268.750000
268.760010
269.100006
269.100006
269.100006
269.100006
269.100006
269.100006
269.100006
269.100006
269.100006
269.100006
269.100006
269.100006
269.100006
269.100006
269.100006
269.100006
269.500000
269.709991
269.709991
269.709991
269.709991
269.709991
269.709991
269.709991
269.709991
269.709991
269.720001
269.720001
269.720001
269.720001
269.720001
269.720001
270.440002
270.440002
270.440002
270.440002
270.440002
270.440002
270.440002
270.440002
270.440002
270.440002
270.440002
270.440002
270.440002
270.440002
270.440002
270.440002
270.440002
270.440002
270.440002
270.440002
270.440002
268.910004
268.910004
268.910004
268.910004
268.910004
268.910004
268.910004
268.220001
265.299988
265.299988
262.750000
262.750000
262.750000
262.750000
262.750000
262.750000
262.750000
262.750000
262.750000
262.750000
262.750000
262.750000
262.750000
262.750000
262.750000
262.750000
262.750000
262.750000
261.390015
262.600006
262.880005
262.880005
262.880005
262.880005
262.880005
262.880005
262.880005
262.880005
262.880005
262.880005
262.880005
262.880005
262.880005
262.880005
262.880005
262.880005
262.880005
262.880005
262.880005
266.470001
266.470001
266.470001
266.470001
266.470001
266.470001
266.470001
266.470001
266.470001
266.470001
266.779999
267.829987
267.829987
268.230011
268.230011
268.230011
268.230011
268.230011
268.230011
268.230011
268.230011
268.230011
268.230011
268.230011
268.230011
268.230011
268.230011
269.000000
270.440002
270.440002
270.440002
270.440002
270.440002
270.440002
270.529999
270.880005
271.279999
271.799988
272.390015
273.679993
274.470001
274.790009
280.790009
280.790009
280.790009
280.790009
280.790009
280.790009
280.790009
280.790009
280.790009
280.790009
280.790009
280.790009
280.790009
280.790009
280.790009
280.790009
280.790009
280.790009
280.790009
280.790009
280.790009
279.649994
279.450012
279.450012
278.739990
277.690002
277.690002
277.200012
276.350006
276.350006
274.950012
275.000000
275.000000
275.160004
276.000000
276.000000
276.000000
276.630005
277.369995
277.980011
277.980011
277.980011
277.980011
277.980011
277.980011
278.000000
278.000000
278.000000
278.649994
278.649994
278.649994
278.649994
278.649994
278.649994
278.649994
278.649994
278.649994
278.649994
278.649994
278.649994
278.649994
278.649994
278.649994
278.649994
278.649994
279.000000
279.000000
279.000000
279.000000
279.000000
279.200012
280.559998
280.559998
280.559998
280.559998
280.570007
280.570007
280.869995
280.869995
280.869995
280.869995
280.869995
280.869995
280.869995
280.869995
282.510010
282.660004
282.790009
282.790009
282.790009
282.790009
282.790009
282.790009
286.079987
286.540009
286.890015
287.320007
288.309998
288.399994
289.000000
289.000000
289.000000
289.000000
289.000000
289.000000
289.000000
289.000000
289.000000
289.000000
289.000000
289.000000
289.000000
289.000000
289.000000
289.000000
289.000000
289.000000
289.000000
289.000000
289.000000
287.500000
287.500000
287.500000
287.500000
287.500000
287.540009
287.540009
287.769989
287.769989
287.769989
287.769989
287.769989
287.769989
287.769989
287.769989
287.769989
287.769989
287.769989
287.769989
287.769989
287.769989
287.769989
287.769989
287.769989
287.769989
287.769989
287.769989
287.769989
286.670013
286.670013
286.670013
286.670013
286.670013
286.670013
286.670013
286.399994
286.100006
285.850006
285.850006
285.850006
285.850006
285.850006
284.100006
284.100006
284.200012
284.200012
284.200012
284.200012
284.200012
284.200012
284.200012
284.200012
284.200012
284.200012
284.200012
284.200012
284.200012
284.200012
284.200012
284.200012
284.200012
284.200012
284.200012
284.200012
284.200012
283.489990
283.489990
283.489990
283.489990
283.489990
283.260010
283.260010
283.260010
283.260010
283.260010
283.260010
283.489990
283.690002
283.690002
283.690002
283.690002
283.690002
283.690002
283.929993
283.929993
283.929993
283.929993
283.929993
283.929993
283.929993
283.929993
283.929993
283.929993
283.929993
283.929993
283.929993
283.929993
283.929993
283.929993
283.929993
283.929993
283.929993
283.929993
283.929993
283.880005
283.880005
283.880005
284.000000
284.000000
284.190002
284.190002
284.380005
284.799988
284.799988
284.799988
284.799988
284.799988
284.799988
284.799988
284.799988
284.799988
284.799988
284.799988
284.799988
284.799988
284.799988
284.799988
284.799988
284.799988
284.799988
284.799988
284.799988
284.799988
284.690002
283.989990
283.329987
283.329987
283.329987
283.329987
283.260010
282.549988
281.299988
281.299988
281.299988
281.299988
281.299988
281.299988
281.299988
281.299988
281.299988
281.299988
281.299988
281.299988
281.299988
281.299988
278.850006
278.850006
278.850006
278.850006
278.850006
278.850006
278.850006
278.850006
278.850006
278.850006
278.850006
278.850006
278.850006
278.850006
278.350006
278.350006
278.350006
278.350006
278.350006
278.350006
278.299988
278.179993
277.970001
277.970001
277.970001
277.970001
277.970001
275.480011
274.779999
274.779999
274.779999
274.779999
274.779999
274.779999
274.779999
274.779999
274.779999
274.779999
274.779999
274.779999
274.779999
274.779999
273.869995
273.869995
273.869995
273.869995
273.869995
273.869995
272.279999
271.690002
271.690002
271.690002
271.690002
271.690002
271.480011
270.450012
270.000000
270.149994
270.399994
270.500000
270.500000
270.500000
270.500000
270.980011
270.980011
270.980011
270.980011
270.980011
270.980011
270.980011
270.980011
270.980011
270.980011
270.980011
270.980011
270.980011
270.980011
270.980011
270.980011
270.980011
270.980011
270.980011
270.980011
270.980011
270.299988
270.299988
270.299988
270.299988
270.299988
270.299988
270.299988
270.500000
270.500000
270.500000
270.500000
270.500000
270.500000
270.519989
270.519989
270.519989
270.589996
270.589996
270.709991
271.279999
271.549988
271.549988
271.549988
271.549988
271.549988
271.549988
271.549988
271.549988
271.549988
271.549988
271.549988
271.549988
271.980011
271.980011
271.980011
271.980011
271.980011
271.980011
271.980011
271.980011
271.980011
271.980011
271.980011
272.420013
272.799988
272.799988
274.140015
275.559998
275.750000
276.000000
276.000000
276.000000
276.000000
276.000000
276.000000
276.000000
276.000000
276.000000
276.000000
276.000000
276.000000
276.000000
276.000000
276.000000
276.000000
276.000000
276.000000
276.000000
276.000000
276.000000
274.959991
274.959991
274.959991
274.959991
274.959991
274.959991
274.959991
274.000000
273.170013
272.700012
272.559998
272.559998
272.559998
272.489990
272.059998
272.059998
272.059998
272.059998
272.059998
272.059998
272.260010
274.100006
274.100006
274.100006
274.100006
274.100006
274.100006
274.100006
274.100006
274.100006
274.100006
274.100006
274.100006
274.100006
274.100006
274.100006
274.100006
274.100006
274.100006
274.100006
274.100006
274.100006
273.500000
270.440002
270.899994
271.000000
271.000000
271.000000
271.000000
271.000000
271.000000
271.000000
271.000000
271.000000
271.000000
271.000000
271.000000
271.000000
271.000000
271.000000
271.000000
271.000000
271.000000
271.000000
271.190002
271.190002
271.190002
271.190002
271.190002
271.190002
271.190002
271.190002
271.190002
271.190002
271.970001
271.970001
271.970001
271.970001
271.970001
271.970001
271.970001
271.970001
271.970001
271.970001
271.970001
271.970001
271.970001
271.970001
271.970001
271.970001
271.970001
271.970001
271.970001
271.970001
271.970001
271.600006
271.600006
270.239990
269.200012
269.200012
269.200012
269.200012
269.200012
269.200012
269.200012
268.779999
268.399994
267.970001
266.500000
266.500000
266.500000
266.500000
266.369995
265.040009
265.040009
265.040009
265.040009
265.040009
265.040009
265.040009
265.040009
265.040009
265.040009
265.040009
265.040009
265.040009
265.040009
264.500000
264.399994
264.399994
264.399994
264.399994
264.399994
264.399994
264.399994
263.989990
263.989990
263.989990
263.989990
264.220001
264.940002
264.940002
264.940002
264.970001
264.989990
264.989990
264.989990
264.989990
265.179993
265.579987
265.750000
265.750000
265.750000
265.750000
265.750000
265.750000
265.750000
265.750000
265.970001
265.970001
265.970001
265.970001
265.970001
265.970001
265.970001
265.970001
265.970001
265.970001
265.970001
265.970001
265.970001
265.970001
265.970001
265.970001
265.970001
265.970001
265.970001
265.970001
265.970001
265.920013
265.920013
265.760010
265.500000
263.399994
263.399994
263.399994
263.399994
263.399994
260.500000
260.500000
261.390015
261.390015
261.390015
261.390015
261.390015
261.390015
261.390015
261.390015
261.390015
261.390015
261.390015
261.390015
261.390015
261.390015
261.390015
261.390015
261.390015
261.390015
261.390015
261.390015
261.390015
260.390015
260.500000
260.500000
260.500000
260.500000
260.500000
260.500000
260.500000
260.500000
260.500000
260.500000
260.500000
260.500000
260.500000
260.500000
260.500000
260.500000
260.500000
261.230011
261.600006
261.600006
261.920013
261.920013
261.920013
261.920013
261.920013
261.920013
261.920013
261.920013
261.920013
261.920013
261.920013
262.100006
262.179993
262.359985
262.589996
262.589996
262.589996
262.589996
262.589996
262.589996
262.589996
262.589996
262.589996
262.589996
262.589996
262.589996
262.589996
262.589996
262.589996
262.589996
262.589996
262.589996
262.589996
262.589996
262.589996
258.250000
258.250000
258.250000
258.250000
258.250000
258.250000
258.250000
258.250000
258.250000
258.250000
258.250000
258.000000
258.000000
258.000000
257.850006
257.850006
257.850006
257.850006
257.850006
257.850006
257.850006
257.850006
257.850006
257.850006
257.850006
257.850006
257.850006
257.850006
257.170013
257.170013
257.170013
257.170013
257.170013
257.170013
257.170013
253.490005
253.490005
253.490005
253.490005
253.490005
253.490005
253.490005
253.490005
253.490005
253.490005
253.490005
253.490005
253.100006
253.100006
253.100006
253.100006
253.100006
253.100006
253.100006
253.100006
253.100006
253.100006
253.100006
253.100006
253.100006
253.100006
253.100006
253.100006
253.100006
253.100006
254.199997
254.199997
254.770004
255.220001
255.220001
255.220001
255.220001
255.440002
255.470001
255.470001
255.470001
255.470001
255.470001
255.470001
255.470001
255.470001
255.470001
255.470001
255.470001
255.470001
255.470001
255.470001
255.470001
255.470001
256.420013
256.880005
257.250000
258.179993
259.320007
259.320007
259.750000
259.790009
259.829987
259.880005
259.950012
260.679993
260.679993
260.679993
260.880005
260.899994
261.820007
263.000000
263.000000
263.000000
263.000000
263.000000
263.000000
263.000000
263.000000
263.000000
263.000000
263.000000
263.000000
263.000000
263.000000
263.000000
263.000000
263.000000
263.000000
263.000000
263.000000
263.000000
262.739990
262.739990
262.739990
262.739990
262.739990
262.739990
262.739990
262.739990
262.739990
262.739990
262.739990
262.739990
261.380005
261.380005
261.380005
261.380005
261.380005
261.380005
261.380005
261.380005
261.420013
261.750000
262.769989
262.769989
262.769989
262.769989
262.769989
262.769989
262.769989
262.769989
262.769989
262.769989
262.769989
262.769989
262.769989
262.769989
262.769989
262.769989
262.769989
262.769989
262.769989
262.769989
262.769989
262.399994
262.250000
262.250000
261.940002
261.649994
260.850006
260.850006
260.850006
260.850006
260.850006
260.850006
260.850006
260.850006
259.850006
258.369995
258.369995
258.369995
258.369995
258.369995
258.369995
258.369995
259.329987
259.329987
259.329987
259.329987
259.329987
259.329987
259.329987
259.329987
260.299988
260.799988
261.540009
263.299988
264.000000
264.970001
264.970001
264.970001
264.970001
264.970001
264.970001
264.970001
264.970001
264.970001
264.970001
264.970001
264.970001
264.970001
264.970001
264.970001
264.970001
264.970001
264.970001
264.970001
264.970001
264.989990
265.570007
266.100006
266.799988
266.859985
266.859985
266.859985
266.859985
267.980011
267.980011
267.980011
267.980011
267.980011
267.980011
267.980011
267.980011
267.980011
267.980011
267.980011
268.239990
268.630005
268.989990
269.109985
269.109985
269.109985
269.109985
269.109985
269.109985
269.109985
269.109985
269.109985
269.109985
269.109985
269.109985
269.109985
269.109985
269.109985
269.109985
269.109985
269.109985
269.109985
269.109985
269.109985
267.049988
267.049988
265.619995
265.619995
265.970001
265.989990
265.989990
266.100006
266.250000
266.250000
266.250000
266.250000
266.250000
266.250000
266.250000
266.250000
266.250000
266.250000
266.250000
266.250000
266.500000
266.600006
267.100006
267.359985
267.359985
267.359985
267.359985
267.359985
267.359985
267.359985
267.359985
267.359985
267.359985
267.359985
267.559998
267.559998
267.559998
267.559998
267.559998
267.559998
267.559998
267.559998
267.600006
267.829987
267.829987
267.829987
267.829987
267.829987
267.829987
267.829987
267.829987
267.829987
267.829987
267.829987
267.829987
267.829987
267.829987
267.829987
267.829987
267.829987
267.829987
267.829987
267.829987
267.829987
266.700012
266.369995
265.459991
264.799988
264.799988
264.799988
264.739990
262.290009
261.600006
261.600006
261.600006
261.600006
261.600006
261.299988
261.299988
261.299988
261.299988
261.299988
259.940002
259.940002
259.940002
259.940002
259.940002
259.790009
259.790009
260.500000
260.809998
260.920013
261.500000
261.829987
261.829987
262.000000
262.109985
262.109985
262.109985
262.109985
262.109985
262.109985
262.109985
262.109985
262.109985
262.109985
262.109985
262.109985
262.109985
262.109985
262.109985
262.109985
262.109985
262.109985
262.109985
262.459991
262.600006
262.600006
262.600006
262.600006
262.600006
263.059998
263.059998
263.059998
263.059998
263.059998
263.059998
263.059998
263.059998
263.059998
263.059998
263.059998
263.059998
263.059998
263.059998
263.059998
263.059998
263.059998
263.059998
263.059998
263.059998
263.059998
261.369995
261.369995
260.790009
260.589996
260.589996
259.799988
259.799988
259.799988
259.799988
259.799988
259.799988
259.799988
259.799988
259.799988
258.799988
258.489990
258.489990
258.489990
258.489990
258.899994
260.140015
261.679993
261.679993
261.679993
261.679993
261.679993
261.790009
263.799988
263.799988
263.799988
264.019989
264.170013
264.170013
264.170013
264.170013
264.170013
264.170013
264.170013
264.170013
264.170013
264.170013
264.170013
267.279999
267.279999
267.279999
267.799988
268.000000
268.160004
268.290009
268.769989
268.769989
268.769989
268.769989
268.769989
268.769989
268.769989
268.769989
268.769989
268.769989
268.769989
268.769989
268.769989
268.769989
268.769989
268.769989
268.769989
268.769989
268.769989
268.769989
268.769989
267.500000
267.500000
267.500000
267.500000
267.500000
267.500000
267.500000
267.500000
267.500000
267.500000
267.500000
267.500000
267.500000
267.500000
267.500000
266.890015
266.890015
266.890015
266.890015
266.890015
266.890015
266.890015
266.890015
266.890015
266.589996
266.589996
266.589996
265.799988
265.799988
265.799988
265.799988
265.799988
265.799988
265.799988
265.799988
265.799988
265.799988
265.799988
265.799988
265.799988
265.799988
265.799988
265.790009
266.029999
266.029999
266.529999
266.859985
267.769989
268.089996
268.089996
268.089996
268.089996
268.089996
268.089996
268.089996
268.089996
268.089996
268.959991
270.630005
272.959991
272.959991
272.959991
272.959991
272.959991
272.959991
272.959991
272.959991
272.959991
272.959991
272.959991
272.959991
272.959991
272.959991
272.959991
272.959991
272.959991
272.959991
272.959991
272.959991
272.959991
272.420013
271.350006
271.350006
271.350006
271.350006
271.350006
271.350006
271.350006
271.350006
271.350006
271.350006
271.350006
271.350006
271.350006
271.350006
271.350006
271.350006
271.350006
269.970001
271.029999
271.799988
271.799988
272.489990
272.489990
273.350006
273.350006
273.350006
273.350006
273.350006
273.350006
273.350006
273.350006
273.350006
273.350006
273.350006
273.350006
273.350006
273.350006
273.350006
273.350006
273.350006
273.350006
273.350006
273.350006
273.350006
269.880005
269.880005
267.769989
266.660004
266.660004
266.329987
266.329987
264.899994
261.899994
260.230011
259.809998
259.809998
259.600006
259.160004
256.350006
256.350006
249.449997
249.449997
249.449997
249.449997
249.449997
249.449997
249.300003
249.300003
249.300003
249.300003
249.300003
249.300003
249.300003
249.300003
249.300003
249.300003
249.300003
249.300003
249.300003
249.300003
249.300003
249.300003
249.300003
249.100006
248.949997
248.949997
248.869995
248.330002
248.330002
248.330002
248.330002
248.330002
248.330002
248.330002
248.330002
248.330002
248.330002
248.330002
248.330002
248.330002
248.330002
248.330002
247.770004
247.770004
247.770004
247.770004
247.770004
247.550003
247.550003
247.550003
247.550003
247.550003
247.550003
246.399994
246.399994
246.369995
245.850006
245.850006
245.850006
245.850006
245.850006
245.850006
245.850006
245.850006
245.850006
245.850006
245.850006
245.850006
245.850006
245.600006
244.970001
245.350006
245.350006
245.350006
245.350006
245.350006
245.380005
246.270004
246.270004
246.270004
246.270004
246.270004
246.270004
246.279999
246.279999
246.339996
246.339996
246.339996
247.000000
247.199997
247.410004
248.100006
248.100006
248.100006
248.100006
248.100006
248.100006
248.100006
248.100006
248.100006
248.100006
248.100006
248.100006
248.100006
248.100006
248.100006
248.100006
248.100006
248.100006
248.100006
248.100006
248.100006
247.500000
247.500000
247.500000
247.500000
247.500000
247.500000
247.500000
247.500000
247.500000
247.479996
247.479996
247.479996
247.000000
247.050003
247.050003
247.050003
247.050003
247.050003
247.050003
247.050003
247.050003
247.050003
247.050003
247.050003
247.050003
247.050003
247.050003
247.050003
247.050003
247.050003
247.050003
247.050003
247.050003
247.050003
247.190002
247.190002
248.149994
248.149994
248.149994
248.149994
248.149994
248.179993
248.500000
248.710007
248.800003
248.889999
248.889999
249.089996
249.089996
249.089996
249.199997
249.199997
249.199997
249.199997
249.199997
249.199997
249.199997
249.199997
249.199997
249.199997
249.199997
249.199997
249.199997
249.199997
250.199997
250.199997
250.199997
250.199997
250.199997
250.199997
250.199997
250.199997
250.199997
250.199997
250.199997
250.199997
250.199997
250.199997
250.199997
250.199997
250.199997
250.199997
250.199997
250.199997
250.199997
249.449997
248.919998
248.919998
248.919998
248.919998
247.990005
247.979996
247.470001
247.470001
247.470001
247.470001
247.470001
247.470001
247.470001
243.750000
243.750000
243.750000
243.300003
242.449997
242.449997
242.399994
242.470001
242.470001
242.470001
242.470001
242.470001
242.470001
242.470001
242.470001
242.470001
242.470001
242.470001
242.470001
242.470001
242.470001
242.470001
242.470001
242.470001
242.470001
242.600006
242.600006
242.929993
242.929993
242.929993
242.929993
242.929993
242.929993
242.929993
242.929993
243.779999
243.779999
243.779999
243.779999
243.779999
244.089996
244.559998
244.559998
244.559998
244.559998
244.559998
244.559998
244.559998
244.559998
244.559998
244.559998
244.559998
244.559998
244.559998
244.559998
244.559998
244.559998
244.559998
244.559998
244.559998
244.559998
244.559998
244.470001
243.619995
243.619995
242.300003
241.160004
241.160004
241.000000
241.259995
241.259995
241.259995
241.259995
241.259995
241.259995
241.259995
241.259995
241.259995
241.259995
241.259995
241.259995
241.259995
241.259995
241.259995
241.259995
241.259995
241.259995
241.259995
241.259995
241.259995
241.059998
241.800003
241.809998
241.880005
241.880005
241.880005
242.000000
242.339996
242.339996
242.339996
242.339996
242.339996
242.339996
242.339996
242.339996
242.339996
242.339996
242.339996
242.339996
242.339996
242.339996
242.339996
242.339996
242.339996
242.339996
242.339996
242.339996
242.339996
241.789993
241.419998
240.800003
240.500000
240.500000
240.500000
240.699997
240.699997
240.699997
240.699997
240.699997
240.699997
240.699997
240.820007
240.990005
240.990005
241.380005
241.990005
242.250000
242.250000
242.250000
242.800003
242.800003
242.800003
242.800003
242.800003
242.800003
242.800003
242.800003
242.800003
242.899994
243.160004
243.270004
243.330002
243.490005
243.490005
243.490005
243.699997
243.869995
243.919998
243.919998
243.919998
243.919998
243.919998
243.919998
243.919998
243.919998
243.919998
243.919998
243.919998
243.919998
243.919998
243.919998
243.919998
243.919998
243.919998
243.919998
243.919998
243.919998
243.919998
242.869995
242.520004
242.699997
242.699997
242.699997
243.179993
243.179993
243.179993
243.179993
243.179993
243.179993
244.690002
244.690002
244.690002
244.690002
244.690002
244.740005
245.000000
245.000000
245.000000
245.000000
245.000000
245.000000
245.000000
245.210007
245.899994
245.899994
245.899994
245.899994
245.899994
245.899994
245.899994
245.899994
245.899994
245.899994
245.899994
245.899994
245.899994
245.899994
245.940002
245.940002
245.940002
245.940002
245.940002
245.940002
245.940002
245.940002
245.940002
245.940002
245.940002
246.350006
246.350006
246.350006
247.679993
247.679993
247.679993
247.679993
247.679993
247.679993
247.679993
247.679993
247.679993
247.679993
247.679993
247.679993
247.679993
247.679993
247.679993
247.679993
247.679993
247.679993
247.679993
247.679993
247.679993
246.990005
244.500000
244.500000
244.500000
244.500000
244.500000
244.500000
244.500000
244.500000
244.500000
244.500000
244.500000
244.500000
244.500000
244.000000
243.000000
243.000000
243.000000
243.000000
243.000000
243.000000
243.000000
243.000000
243.000000
243.000000
243.000000
243.000000
243.000000
243.000000
243.000000
242.779999
244.380005
244.389999
244.389999
244.389999
244.389999
244.389999
244.389999
244.389999
244.389999
244.389999
244.389999
244.389999
244.389999
244.389999
244.389999
244.389999
244.389999
244.389999
244.389999
244.389999
244.389999
244.389999
243.429993
243.429993
243.429993
243.199997
242.100006
242.100006
242.500000
242.500000
242.830002
243.139999
243.139999
243.220001
244.149994
244.179993
244.179993
244.399994
244.770004
245.149994
245.500000
245.500000
245.500000
245.500000
245.500000
245.500000
245.500000
245.500000
245.500000
245.500000
245.500000
245.500000
245.500000
245.500000
245.500000
245.500000
245.500000
245.500000
245.500000
245.500000
245.500000
245.679993
247.000000
247.000000
247.000000
247.000000
247.000000
247.000000
247.179993
247.179993
247.179993
247.179993
247.179993
247.179993
247.179993
247.179993
247.179993
247.179993
247.179993
247.179993
247.179993
247.179993
247.179993
247.410004
249.460007
249.990005
249.990005
250.289993
250.289993
250.289993
250.850006
251.699997
251.919998
251.919998
251.960007
252.500000
252.589996
252.589996
252.589996
252.589996
252.589996
252.589996
252.589996
252.589996
252.589996
252.589996
252.589996
252.589996
252.589996
252.589996
252.589996
252.589996
252.589996
252.589996
252.589996
252.589996
252.589996
251.389999
250.899994
250.899994
250.899994
250.899994
250.899994
250.899994
250.899994
249.639999
249.639999
249.639999
249.639999
249.639999
249.639999
249.449997
247.399994
247.399994
247.399994
247.399994
247.399994
247.399994
247.399994
247.399994
247.399994
247.399994
247.399994
247.399994
247.399994
247.399994
247.399994
247.399994
247.399994
247.399994
247.399994
247.399994
247.399994
246.130005
244.860001
244.000000
243.940002
243.940002
243.940002
243.940002
241.160004
239.779999
239.440002
239.199997
238.119995
238.119995
238.119995
237.289993
237.289993
237.289993
237.289993
237.289993
237.289993
237.000000
232.360001
232.779999
232.779999
232.779999
232.779999
232.779999
232.779999
232.779999
232.779999
232.779999
232.779999
232.779999
232.779999
232.779999
232.779999
232.779999
232.779999
232.779999
232.779999
232.779999
232.779999
232.779999
232.309998
232.309998
232.339996
232.850006
233.050003
233.320007
234.000000
234.490005
234.490005
234.490005
234.490005
234.490005
234.490005
234.490005
234.490005
234.490005
234.490005
234.490005
234.490005
234.490005
234.490005
234.490005
234.490005
234.490005
234.490005
234.490005
234.490005
234.490005
231.300003
231.300003
231.300003
231.300003
231.300003
231.300003
231.300003
232.860001
232.860001
232.860001
232.860001
232.860001
232.860001
232.860001
232.860001
232.860001
232.860001
232.860001
232.860001
232.860001
232.860001
232.860001
232.860001
232.860001
232.860001
232.860001
232.860001
232.860001
231.750000
231.509995
231.509995
231.509995
231.509995
231.250000
231.250000
232.470001
232.470001
232.470001
232.470001
233.289993
233.850006
233.850006
233.850006
233.850006
233.850006
233.850006
235.250000
235.380005
235.380005
235.380005
235.380005
235.380005
235.380005
235.380005
235.380005
235.380005
235.380005
235.380005
235.380005
235.380005
235.380005
235.380005
235.380005
235.380005
239.289993
239.289993
239.289993
239.289993
239.289993
239.289993
239.289993
239.289993
239.289993
239.289993
239.289993
239.289993
239.449997
239.860001
239.860001
239.860001
239.860001
239.860001
239.990005
239.990005
239.990005
239.990005
240.660004
240.660004
240.660004
240.660004
240.660004
240.660004
240.660004
240.660004
240.660004
240.660004
240.660004
240.660004
240.660004
240.660004
240.660004
240.660004
240.660004
240.660004
240.660004
240.660004
240.660004
240.500000
240.500000
240.500000
240.500000
240.500000
239.949997
240.690002
241.479996
242.500000
242.800003
242.800003
242.800003
242.990005
242.990005
242.990005
242.990005
242.990005
243.139999
243.139999
244.250000
244.250000
244.750000
244.800003
245.000000
245.000000
245.000000
245.000000
245.000000
245.000000
245.000000
245.000000
245.000000
245.000000
245.000000
245.000000
245.000000
245.000000
245.000000
245.000000
245.000000
245.000000
245.000000
245.000000
245.000000
244.470001
244.470001
244.470001
241.580002
241.580002
241.580002
241.580002
241.580002
241.580002
241.580002
241.580002
241.580002
241.580002
241.580002
241.580002
241.580002
241.580002
240.740005
240.479996
240.339996
240.339996
240.339996
240.339996
240.339996
240.339996
240.339996
240.339996
240.339996
239.199997
238.350006
237.800003
235.949997
235.949997
235.949997
235.949997
235.949997
235.949997
235.949997
235.949997
235.949997
235.949997
235.949997
235.949997
235.949997
235.949997
235.820007
235.820007
235.889999
235.889999
235.889999
235.979996
235.979996
236.399994
236.399994
236.399994
236.399994
236.399994
236.399994
236.399994
236.399994
236.399994
236.399994
236.529999
236.889999
238.850006
238.850006
238.850006
238.850006
238.850006
238.850006
238.850006
238.850006
238.850006
238.850006
238.850006
238.850006
238.850006
238.850006
238.850006
238.850006
238.850006
238.850006
238.850006
238.850006
238.850006
238.279999
238.279999
236.470001
236.470001
236.800003
237.369995
237.369995
237.369995
237.369995
237.369995
237.369995
237.369995
237.369995
237.369995
237.369995
237.369995
237.369995
237.369995
237.369995
237.369995
237.369995
237.369995
237.369995
237.369995
237.369995
237.369995
235.000000
234.809998
234.809998
234.300003
232.759995
232.440002
232.440002
232.440002
232.440002
231.800003
231.330002
230.770004
229.839996
229.839996
229.839996
229.839996
229.839996
229.279999
228.199997
228.199997
228.199997
228.199997
228.199997
226.869995
226.300003
225.880005
225.660004
225.380005
225.380005
225.380005
225.380005
225.380005
224.940002
222.500000
222.500000
222.500000
222.500000
222.089996
222.000000
222.000000
222.000000
220.889999
220.889999
220.889999
220.889999
220.889999
220.889999
220.889999
220.889999
220.889999
220.889999
220.889999
220.889999
220.889999
220.889999
220.889999
220.889999
220.889999
220.889999
220.889999
220.889999
220.300003
221.669998
222.250000
222.339996
222.360001
222.910004
222.910004
223.330002
223.330002
223.330002
223.330002
223.330002
223.330002
223.330002
223.330002
223.330002
223.330002
223.330002
223.330002
223.330002
223.330002
223.330002
223.330002
223.330002
223.330002
223.330002
223.330002
223.330002
222.259995
221.990005
221.770004
221.759995
221.759995
221.470001
221.470001
221.470001
221.470001
221.470001
221.470001
221.470001
220.600006
218.570007
216.389999
216.350006
216.350006
216.350006
216.350006
216.350006
217.000000
217.380005
217.380005
217.380005
217.380005
217.380005
217.380005
217.380005
217.380005
217.380005
217.380005
217.380005
217.380005
217.380005
217.380005
217.380005
217.380005
217.380005
217.380005
217.380005
217.380005
217.380005
216.300003
216.360001
216.550003
216.600006
216.690002
216.850006
217.250000
217.289993
217.289993
217.289993
217.289993
217.289993
217.289993
217.289993
217.289993
217.289993
217.289993
217.289993
217.289993
217.399994
217.399994
219.440002
219.440002
219.440002
219.440002
219.440002
219.440002
219.440002
219.440002
219.440002
219.440002
219.440002
219.440002
219.440002
219.440002
219.440002
219.440002
219.440002
219.440002
219.440002
219.440002
219.440002
217.669998
217.669998
217.669998
217.669998
217.740005
218.080002
218.419998
218.449997
218.479996
218.589996
218.770004
218.970001
218.970001
218.970001
218.970001
218.970001
219.529999
219.529999
219.529999
219.529999
219.529999
219.529999
219.529999
219.529999
219.529999
219.529999
219.529999
219.529999
219.529999
219.529999
219.529999
219.529999
219.529999
219.529999
219.529999
219.529999
219.529999
219.160004
218.149994
217.500000
215.000000
215.000000
215.000000
214.699997
214.699997
214.699997
214.699997
214.699997
214.699997
214.699997
214.699997
214.699997
214.699997
214.699997
214.699997
214.699997
214.699997
213.199997
213.199997
212.949997
211.869995
210.449997
209.500000
209.500000
209.500000
209.500000
208.880005
208.880005
206.990005
206.149994
206.149994
203.850006
203.850006
203.850006
203.850006
203.850006
203.850006
203.850006
204.199997
204.199997
204.199997
204.399994
204.399994
204.399994
204.399994
204.399994
204.399994
204.399994
204.399994
204.399994
204.399994
204.399994
204.399994
204.399994
204.399994
204.470001
204.779999
205.919998
205.919998
206.800003
207.220001
208.000000
208.000000
208.000000
208.000000
208.000000
208.000000
208.000000
208.000000
208.000000
208.000000
208.000000
208.000000
208.000000
208.000000
208.000000
208.000000
208.000000
208.000000
208.000000
208.000000
208.000000
206.830002
206.830002
206.830002
206.830002
206.830002
205.089996
205.089996
205.089996
202.509995
200.419998
200.419998
200.419998
200.419998
200.419998
200.419998
200.419998
200.419998
200.419998
200.419998
193.660004
193.660004
193.660004
193.660004
193.660004
193.660004
193.660004
193.660004
193.660004
193.660004
183.449997
183.449997
183.449997
183.449997
176.039993
176.039993
176.039993
176.039993
176.039993
176.520004
176.869995
176.869995
177.369995
177.369995
177.369995
177.369995
177.369995
177.369995
177.369995
177.369995
177.369995
177.369995
177.369995
177.369995
177.369995
177.369995
177.369995
177.369995
177.369995
177.369995
177.369995
177.369995
177.369995
176.949997
176.949997
176.949997
176.949997
176.949997
176.649994
176.649994
176.360001
175.399994
174.750000
173.899994
173.899994
173.899994
173.899994
173.899994
173.899994
173.899994
173.899994
173.899994
173.899994
173.899994
173.899994
173.899994
173.899994
173.899994
173.899994
173.899994
173.899994
173.899994
173.600006
173.600006
173.649994
173.649994
173.649994
173.649994
174.660004
174.889999
174.889999
174.889999
174.889999
174.889999
174.889999
174.889999
174.889999
174.889999
174.889999
174.889999
174.889999
174.889999
174.889999
174.889999
174.889999
174.889999
174.889999
174.889999
174.889999
174.889999
174.199997
174.199997
174.199997
174.199997
174.199997
174.199997
174.199997
173.449997
173.399994
172.990005
172.990005
172.990005
172.990005
172.990005
172.990005
172.990005
172.990005
172.990005
172.990005
172.990005
172.990005
172.990005
172.839996
172.839996
172.839996
172.839996
172.839996
172.839996
171.259995
170.949997
170.800003
170.800003
170.800003
170.500000
170.500000
170.500000
170.690002
170.800003
170.800003
170.800003
170.800003
170.800003
170.800003
170.800003
170.800003
170.899994
171.080002
171.399994
171.660004
171.660004
171.660004
171.660004
171.660004
171.660004
171.660004
171.660004
171.660004
171.660004
171.660004
171.660004
171.660004
171.660004
171.660004
171.919998
171.919998
171.919998
171.919998
171.919998
171.919998
171.919998
171.919998
171.919998
171.919998
171.919998
171.919998
171.919998
171.919998
171.919998
171.919998
171.919998
171.919998
171.919998
171.919998
171.919998
170.000000
169.960007
169.960007
169.960007
169.960007
169.960007
169.960007
169.580002
168.600006
167.850006
167.850006
167.850006
167.850006
167.399994
165.500000
165.500000
165.500000
165.500000
165.500000
165.500000
165.500000
165.500000
165.500000
165.500000
165.500000
165.500000
165.500000
165.500000
164.490005
164.490005
164.580002
164.580002
164.580002
165.649994
165.649994
165.649994
165.649994
165.649994
165.649994
165.649994
165.649994
165.649994
165.649994
165.649994
165.649994
165.649994
165.649994
165.649994
165.649994
165.649994
165.649994
165.649994
165.649994
165.649994
165.399994
162.889999
161.690002
161.300003
161.300003
161.300003
161.300003
161.300003
160.500000
160.380005
160.380005
160.380005
160.380005
160.380005
160.380005
160.380005
160.380005
160.380005
160.380005
160.380005
160.380005
160.380005
160.380005
160.380005
160.380005
160.380005
160.380005
160.380005
160.380005
159.300003
159.300003
160.199997
160.440002
160.800003
160.800003
160.800003
160.800003
160.800003
161.119995
162.029999
162.190002
162.250000
162.250000
162.490005
162.490005
162.500000
162.660004
163.809998
163.889999
164.100006
164.100006
164.100006
164.380005
164.860001
165.160004
165.220001
165.380005
165.529999
165.559998
165.559998
165.559998
165.630005
165.740005
166.190002
166.190002
166.419998
166.880005
166.880005
166.880005
166.880005
166.880005
166.880005
166.880005
166.880005
166.880005
166.880005
166.880005
166.880005
166.880005
166.880005
166.880005
166.880005
166.880005
166.880005
166.880005
166.880005
166.880005
166.490005
167.470001
167.470001
167.470001
167.470001
167.470001
167.470001
167.470001
167.470001
167.470001
167.470001
167.470001
167.470001
167.470001
167.470001
167.470001
167.470001
167.470001
167.470001
167.470001
167.470001
167.470001
166.350006
166.350006
166.350006
166.350006
166.350006
166.350006
166.350006
166.350006
166.350006
166.350006
166.350006
166.350006
166.679993
168.699997
168.699997
168.699997
168.699997
168.699997
168.699997
168.699997
168.699997
168.699997
168.699997
168.699997
168.699997
168.699997
168.699997
168.699997
168.699997
168.699997
168.699997
168.699997
168.699997
168.699997
167.169998
167.169998
166.899994
166.899994
166.899994
166.899994
166.589996
166.589996
165.649994
165.000000
165.000000
165.000000
163.750000
163.199997
162.320007
162.320007
162.320007
162.320007
162.320007
161.149994
161.149994
161.149994
160.289993
160.289993
160.289993
160.289993
160.289993
160.289993
160.289993
160.289993
160.289993
160.289993
160.289993
160.289993
160.289993
160.289993
160.289993
160.000000
159.600006
159.600006
159.600006
159.600006
159.600006
159.600006
159.600006
159.600006
159.600006
159.600006
159.600006
159.600006
159.600006
159.600006
159.600006
159.600006
159.600006
159.600006
158.860001
158.179993
158.179993
158.179993
158.179993
158.179993
157.000000
156.350006
156.199997
155.940002
155.940002
155.940002
155.940002
155.940002
155.470001
153.880005
153.880005
153.880005
153.880005
153.880005
153.880005
153.880005
153.880005
153.880005
153.880005
153.880005
153.880005
153.880005
153.880005
153.479996
153.479996
153.479996
153.479996
153.479996
153.869995
154.300003
154.300003
154.300003
154.300003
154.300003
154.300003
154.300003
154.300003
154.300003
154.300003
154.300003
154.300003
154.300003
154.300003
154.300003
154.300003
154.300003
154.300003
154.300003
154.300003
154.300003
154.130005
153.729996
154.399994
154.490005
154.490005
154.490005
155.100006
155.449997
155.580002
155.580002
155.580002
155.580002
155.580002
155.580002
155.580002
155.580002
155.580002
155.580002
155.580002
155.580002
155.580002
155.580002
155.580002
155.580002
155.580002
155.580002
155.580002
155.580002
155.580002
154.100006
154.100006
154.100006
154.100006
154.100006
154.100006
154.100006
154.100006
154.100006
153.899994
153.800003
153.750000
153.750000
153.630005
151.399994
150.929993
150.929993
150.929993
150.929993
150.929993
151.380005
152.850006
152.850006
152.850006
152.850006
152.850006
152.850006
152.899994
153.000000
153.000000
153.000000
153.000000
153.000000
153.000000
153.000000
153.000000
153.000000
153.000000
153.000000
153.000000
153.000000
153.000000
153.000000
153.000000
153.000000
153.000000
153.000000
153.000000
153.000000
152.639999
154.309998
154.309998
154.309998
154.309998
154.309998
154.309998
154.309998
154.309998
154.309998
154.309998
154.309998
154.309998
154.309998
154.309998
154.309998
154.309998
154.309998
154.309998
154.309998
154.309998
154.309998
154.000000
154.000000
154.000000
154.000000
154.000000
154.000000
154.000000
154.000000
154.000000
154.000000
154.000000
154.000000
154.000000
154.000000
153.279999
153.279999
153.279999
153.279999
153.279999
153.279999
153.279999
153.279999
153.279999
153.279999
152.360001
150.789993
150.789993
150.789993
150.789993
150.789993
150.789993
150.789993
150.789993
150.789993
150.789993
150.789993
150.789993
150.789993
150.789993
150.789993
150.789993
150.789993
149.979996
149.970001
149.479996
149.479996
149.389999
149.389999
149.389999
148.960007
148.199997
148.199997
148.199997
148.199997
148.199997
145.089996
142.850006
142.779999
142.750000
142.899994
142.899994
142.899994
142.990005
142.990005
142.990005
142.990005
142.990005
142.990005
142.990005
142.990005
142.990005
142.990005
142.990005
142.990005
142.990005
142.990005
142.990005
142.990005
142.990005
142.990005
142.990005
142.990005
142.990005
142.979996
141.839996
141.839996
141.839996
141.839996
141.839996
141.839996
141.839996
141.839996
141.839996
141.839996
141.839996
141.839996
141.839996
141.839996
141.839996
141.839996
141.839996
141.839996
141.839996
141.839996
141.970001
142.279999
142.279999
142.279999
142.279999
142.279999
142.279999
142.279999
142.279999
142.279999
142.279999
142.279999
142.279999
142.460007
142.899994
143.250000
143.250000
143.250000
143.250000
143.250000
143.250000
143.250000
143.250000
143.250000
143.250000
143.250000
143.250000
143.250000
143.250000
143.250000
143.250000
143.250000
143.250000
143.250000
143.250000
143.250000
141.479996
141.479996
141.479996
141.479996
141.479996
141.479996
141.440002
141.649994
141.649994
141.649994
141.649994
141.649994
141.649994
141.649994
141.649994
141.649994
141.649994
141.649994
141.649994
141.649994
141.649994
141.649994
141.649994
141.649994
141.649994
141.649994
141.649994
141.649994
140.850006
140.600006
140.779999
141.050003
141.050003
141.050003
141.050003
141.050003
142.000000
142.000000
142.000000
142.000000
142.000000
142.000000
142.000000
142.000000
142.000000
142.000000
142.000000
142.000000
142.000000
142.000000
142.000000
142.000000
142.000000
142.000000
142.000000
142.000000
142.000000
141.000000
141.000000
141.000000
141.000000
141.000000
141.000000
141.000000
141.000000
141.000000
141.000000
141.000000
140.600006
139.949997
138.690002
138.259995
138.399994
138.399994
138.630005
138.970001
138.970001
138.970001
138.970001
138.970001
138.970001
138.970001
138.970001
138.970001
138.970001
138.970001
138.970001
138.970001
138.970001
138.970001
138.970001
138.970001
139.119995
139.119995
139.119995
139.119995
139.119995
139.119995
139.119995
139.119995
139.119995
139.119995
139.119995
139.119995
139.119995
139.119995
139.119995
139.119995
139.119995
139.119995
139.119995
139.119995
139.119995
138.399994
138.199997
137.649994
137.649994
137.649994
137.649994
137.649994
137.649994
137.649994
137.649994
137.649994
137.649994
137.470001
136.729996
136.729996
136.729996
136.729996
136.729996
136.729996
136.729996
136.729996
136.699997
136.089996
136.089996
136.089996
136.089996
136.089996
136.089996
136.089996
136.089996
136.089996
136.089996
136.089996
136.179993
136.179993
136.389999
137.080002
137.610001
137.899994
137.899994
137.899994
138.190002
138.190002
138.190002
138.190002
138.190002
138.190002
138.190002
138.190002
138.220001
138.279999
138.289993
138.300003
138.300003
138.300003
138.369995
138.380005
138.380005
138.380005
138.380005
138.380005
139.149994
139.490005
139.490005
139.929993
139.929993
139.929993
139.929993
139.929993
139.929993
139.929993
139.929993
139.929993
139.929993
139.929993
139.929993
139.929993
139.949997
140.589996
140.869995
140.869995
140.869995
140.869995
140.869995
140.869995
140.869995
140.869995
140.869995
140.869995
140.869995
140.869995
140.869995
140.869995
140.869995
140.869995
140.869995
140.869995
140.869995
140.869995
140.869995
140.729996
141.149994
141.630005
141.789993
141.889999
141.889999
142.210007
143.600006
143.600006
143.600006
143.600006
143.600006
143.600006
143.600006
143.600006
143.600006
143.600006
143.600006
143.600006
143.600006
143.600006
143.600006
143.600006
143.600006
143.600006
143.600006
143.600006
143.600006
142.809998
142.809998
142.809998
142.809998
142.809998
142.809998
142.809998
143.369995
143.369995
143.369995
143.369995
143.369995
143.369995
143.369995
143.369995
143.369995
143.369995
143.369995
143.369995
143.369995
143.369995
143.369995
143.369995
143.369995
143.369995
143.369995
143.369995
143.369995
142.679993
142.679993
142.679993
142.679993
142.679993
142.360001
141.830002
141.830002
141.830002
141.830002
141.830002
141.830002
141.830002
141.830002
137.300003
137.300003
137.300003
137.300003
137.300003
137.600006
137.600006
137.949997
137.949997
137.949997
137.949997
137.949997
137.949997
137.949997
137.949997
137.949997
137.949997
137.949997
137.949997
137.949997
137.949997
137.949997
137.949997
137.949997
137.949997
137.949997
137.949997
137.949997
136.990005
136.990005
136.990005
136.990005
137.199997
137.199997
137.199997
137.199997
137.199997
137.199997
137.199997
137.199997
137.199997
137.199997
137.199997
137.199997
137.199997
137.199997
137.199997
137.199997
137.199997
137.199997
137.199997
137.199997
137.199997
137.089996
137.089996
136.619995
136.619995
136.619995
136.800003
136.800003
136.800003
136.800003
136.800003
137.240005
137.240005
137.240005
137.240005
137.240005
137.240005
137.240005
137.240005
137.699997
137.899994
137.979996
138.100006
138.220001
138.410004
138.410004
138.410004
138.410004
138.410004
138.410004
138.410004
138.410004
138.410004
138.410004
138.410004
138.410004
138.410004
138.410004
138.410004
138.410004
138.410004
138.410004
138.410004
138.410004
138.410004
138.160004
137.779999
137.550003
137.550003
137.550003
137.550003
137.550003
137.550003
137.550003
137.550003
137.550003
137.339996
137.339996
137.339996
136.000000
136.000000
136.000000
136.000000
136.000000
136.000000
135.949997
135.869995
135.580002
136.300003
136.949997
136.949997
136.949997
136.949997
136.949997
136.949997
136.949997
136.949997
136.949997
136.949997
136.949997
136.960007
137.809998
137.809998
137.809998
137.899994
137.899994
137.929993
137.929993
137.929993
137.929993
137.929993
138.149994
138.410004
139.149994
139.570007
139.869995
140.350006
140.350006
140.350006
140.350006
140.350006
140.350006
140.350006
140.350006
140.350006
140.350006
140.350006
140.350006
140.350006
140.350006
140.350006
140.350006
140.350006
140.350006
140.350006
140.350006
140.350006
139.729996
139.729996
139.729996
139.729996
139.729996
139.729996
140.899994
141.000000
141.000000
141.000000
141.000000
141.000000
141.000000
141.000000
141.000000
141.000000
141.000000
141.000000
141.000000
141.000000
141.000000
141.000000
141.000000
141.000000
141.000000
141.000000
141.000000
141.000000
140.699997
140.699997
140.699997
140.699997
140.699997
140.350006
140.350006
140.350006
140.169998
140.169998
140.169998
139.880005
139.470001
138.419998
138.419998
138.419998
138.419998
138.419998
138.419998
138.419998
138.419998
138.419998
138.419998
138.419998
138.419998
138.419998
138.419998
138.419998
136.690002
136.669998
136.250000
136.250000
136.250000
136.250000
136.250000
136.250000
135.899994
135.899994
135.899994
135.899994
134.770004
132.000000
131.770004
131.949997
132.059998
132.300003
132.300003
132.300003
132.300003
132.300003
133.110001
133.110001
133.110001
133.110001
133.110001
133.110001
133.110001
133.110001
133.110001
133.110001
133.110001
133.110001
133.110001
133.110001
133.110001
133.110001
133.110001
133.110001
133.110001
133.110001
133.110001
132.000000
131.949997
131.949997
131.929993
131.929993
131.779999
131.720001
130.389999
130.389999
130.389999
130.389999
129.899994
128.500000
127.400002
127.300003
127.400002
127.449997
127.449997
127.739998
127.739998
127.739998
127.739998
127.739998
127.739998
127.739998
127.739998
127.739998
127.739998
127.739998
127.739998
127.739998
127.739998
127.739998
127.739998
127.739998
127.970001
127.970001
127.970001
127.970001
127.970001
127.970001
127.970001
127.970001
127.970001
127.970001
127.970001
127.970001
127.970001
127.970001
128.600006
128.600006
128.600006
128.600006
128.600006
128.600006
128.600006
128.600006
128.600006
128.600006
128.600006
128.600006
128.600006
128.600006
128.600006
128.600006
128.600006
128.600006
128.600006
128.600006
128.600006
127.400002
127.400002
127.400002
127.400002
127.500000
127.500000
127.500000
127.500000
127.500000
127.500000
127.500000
127.500000
127.500000
127.500000
127.500000
127.500000
127.500000
127.500000
127.500000
127.500000
127.500000
127.500000
127.500000
127.500000
127.500000
126.989998
126.989998
126.879997
126.879997
126.879997
126.879997
126.879997
126.879997
126.879997
126.879997
126.879997
126.879997
126.879997
126.879997
126.879997
126.879997
125.199997
125.199997
125.199997
125.199997
125.199997
125.199997
125.199997
125.199997
124.150002
123.660004
123.500000
122.849998
122.849998
121.680000
121.680000
121.680000
121.680000
121.680000
121.680000
121.680000
121.680000
121.680000
121.680000
121.680000
121.680000
121.680000
121.680000
121.680000
121.680000
119.940002
119.940002
119.940002
119.940002
119.940002
118.949997
118.949997
118.379997
117.489998
117.489998
117.489998
117.199997
117.199997
117.199997
117.199997
117.199997
117.199997
117.199997
117.199997
117.199997
117.199997
117.199997
117.199997
116.379997
115.669998
115.180000
114.290001
114.150002
114.000000
114.199997
114.199997
114.199997
114.199997
114.370003
114.370003
114.370003
114.370003
114.370003
114.370003
114.370003
114.370003
114.370003
114.370003
114.370003
114.370003
114.370003
114.370003
114.370003
114.370003
114.370003
114.370003
114.370003
114.370003
114.370003
114.000000
113.489998
113.489998
112.760002
112.760002
112.650002
112.400002
112.400002
112.400002
112.400002
112.400002
111.669998
111.669998
111.500000
110.370003
109.809998
109.190002
109.190002
109.190002
109.190002
109.190002
109.190002
109.190002
109.190002
109.190002
107.300003
107.300003
107.300003
107.300003
107.300003
107.300003
107.300003
107.300003
107.300003
107.300003
107.300003
107.300003
107.500000
108.500000
108.500000
108.500000
108.500000
108.500000
108.500000
108.500000
108.500000
108.500000
108.500000
108.500000
108.500000
108.500000
108.500000
108.500000
108.500000
108.500000
108.500000
108.500000
108.500000
108.500000
108.300003
108.300003
108.300003
108.300003
108.300003
108.300003
108.300003
108.300003
108.300003
108.300003
108.300003
108.300003
107.680000
107.680000
106.769997
106.769997
107.040001
107.099998
107.190002
107.300003
107.800003
108.480003
108.480003
108.480003
108.500000
108.500000
108.800003
108.800003
109.650002
109.650002
109.650002
109.650002
109.650002
109.739998
109.750000
110.379997
110.379997
110.379997
110.379997
110.379997
110.379997
110.379997
110.379997
110.379997
110.379997
110.379997
110.379997
110.379997
110.379997
110.489998
110.900002
111.129997
111.150002
111.300003
111.489998
111.489998
111.489998
111.489998
112.250000
112.250000
112.250000
113.639999
113.639999
115.500000
115.500000
115.500000
115.500000
115.500000
115.500000
115.500000
115.500000
115.500000
115.500000
115.500000
115.500000
115.500000
115.500000
115.500000
115.500000
115.500000
115.500000
115.500000
115.500000
115.500000
114.650002
114.650002
114.650002
114.400002
114.400002
114.400002
114.400002
113.400002
113.400002
113.400002
113.400002
113.400002
113.400002
113.400002
113.400002
113.400002
113.400002
113.400002
113.400002
113.400002
113.400002
113.400002
113.400002
113.400002
113.400002
113.400002
113.400002
112.199997
112.199997
112.199997
112.199997
112.199997
112.199997
112.199997
113.000000
114.660004
115.199997
115.199997
115.199997
115.199997
115.199997
115.199997
115.199997
115.199997
115.199997
115.199997
115.199997
115.199997
115.199997
115.199997
115.199997
115.199997
115.199997
115.199997
115.199997
115.199997
115.199997
113.889999
113.889999
113.739998
113.739998
113.739998
113.739998
116.489998
117.989998
119.400002
119.459999
119.459999
119.459999
119.459999
119.669998
119.879997
119.879997
119.879997
120.680000
120.680000
120.680000
122.650002
124.500000
124.500000
124.500000
124.559998
124.599998
124.849998
125.790001
125.989998
126.949997
126.949997
126.949997
126.949997
126.949997
126.949997
126.949997
126.949997
126.949997
126.949997
126.949997
126.949997
126.949997
126.949997
126.949997
126.949997
126.949997
126.949997
126.949997
126.949997
126.949997
126.000000
127.489998
127.800003
127.800003
127.800003
129.679993
129.770004
132.250000
132.250000
133.490005
135.250000
137.089996
137.100006
138.350006
138.350006
138.350006
138.350006
138.350006
138.350006
138.350006
138.350006
138.350006
138.350006
138.350006
138.380005
138.449997
138.750000
139.080002
139.080002
139.080002
139.080002
139.080002
139.080002
139.080002
139.080002
139.080002
139.080002
139.479996
140.889999
141.389999
141.389999
141.389999
141.389999
141.389999
141.389999
141.389999
141.389999
141.389999
141.389999
141.389999
141.389999
141.389999
141.389999
141.389999
141.389999
141.389999
141.389999
141.389999
141.389999
141.389999
140.279999
140.279999
140.279999
140.279999
140.279999
140.279999
140.279999
140.279999
140.279999
140.279999
140.279999
140.279999
139.490005
139.490005
139.490005
139.490005
139.490005
139.490005
139.289993
139.289993
139.289993
139.289993
139.289993
139.289993
138.800003
139.369995
139.369995
139.369995
139.369995
139.369995
139.369995
139.369995
139.369995
139.500000
139.820007
139.820007
139.899994
140.369995
140.369995
140.369995
140.369995
140.369995
140.369995
140.369995
140.369995
140.369995
140.369995
140.369995
140.369995
140.369995
140.369995
140.369995
140.369995
140.369995
140.369995
140.369995
140.369995
140.369995
139.899994
139.899994
139.190002
139.190002
139.190002
139.190002
139.190002
139.190002
139.190002
139.190002
139.190002
139.190002
139.190002
140.309998
140.679993
140.750000
140.750000
141.070007
141.470001
141.699997
141.699997
142.389999
142.389999
142.389999
142.389999
142.389999
145.100006
145.100006
145.100006
145.100006
145.100006
145.100006
145.100006
145.100006
145.100006
145.100006
145.100006
145.100006
145.100006
145.100006
145.100006
145.100006
145.100006
145.100006
145.100006
145.100006
145.100006
144.899994
144.899994
144.899994
144.899994
144.899994
144.899994
139.750000
139.750000
139.750000
138.339996
138.339996
138.339996
138.339996
138.339996
138.339996
138.339996
138.339996
138.339996
138.339996
138.339996
138.339996
138.339996
138.339996
138.339996
138.339996
138.339996
138.339996
132.600006
132.600006
132.600006
132.600006
132.600006
132.600006
132.600006
132.600006
132.600006
131.399994
131.399994
131.399994
131.399994
131.399994
131.399994
131.399994
131.399994
131.369995
130.500000
130.500000
130.500000
130.500000
130.229996
130.500000
131.639999
131.639999
131.639999
131.639999
131.639999
131.639999
131.639999
131.639999
131.639999
131.639999
131.639999
131.639999
131.639999
131.639999
131.639999
131.639999
131.639999
131.639999
131.639999
131.639999
131.639999
130.490005
130.369995
130.369995
130.369995
130.369995
130.369995
130.369995
129.869995
129.679993
126.690002
126.690002
126.690002
126.690002
126.690002
126.500000
126.500000
126.500000
126.500000
126.500000
126.500000
126.500000
126.500000
126.500000
126.500000
126.500000
127.440002
127.440002
127.440002
127.440002
127.440002
127.440002
127.440002
127.440002
127.440002
127.440002
127.440002
127.440002
127.440002
127.440002
127.440002
127.440002
127.440002
127.440002
127.440002
127.440002
127.440002
126.860001
126.860001
126.860001
126.860001
126.860001
126.809998
126.389999
126.389999
125.900002
125.699997
125.699997
125.699997
125.900002
126.260002
126.260002
126.970001
126.970001
126.970001
126.970001
126.970001
126.970001
126.989998
127.290001
127.290001
127.290001
127.290001
127.290001
127.290001
127.290001
127.290001
127.290001
127.290001
127.290001
127.290001
127.290001
127.290001
127.290001
127.290001
127.290001
127.290001
127.290001
127.290001
127.379997
127.379997
127.379997
127.379997
127.379997
127.379997
127.379997
127.379997
127.379997
127.580002
127.580002
127.580002
127.580002
127.580002
127.580002
127.580002
127.580002
127.580002
128.130005
128.130005
128.130005
128.130005
128.130005
128.300003
128.679993
128.789993
129.000000
129.149994
129.149994
129.149994
129.149994
129.149994
129.149994
129.149994
129.149994
129.149994
129.149994
129.149994
129.149994
129.149994
129.889999
130.000000
130.089996
130.179993
130.369995
131.770004
131.979996
131.979996
131.979996
131.979996
131.979996
132.169998
132.570007
132.649994
132.750000
132.750000
132.750000
132.750000
132.750000
132.750000
132.750000
132.750000
132.750000
133.490005
133.490005
133.490005
133.490005
133.490005
133.750000
134.100006
134.100006
134.600006
134.789993
134.789993
134.789993
134.789993
134.789993
134.789993
134.789993
134.789993
134.789993
134.789993
134.789993
134.789993
134.789993
134.789993
134.789993
134.789993
134.789993
134.789993
134.789993
134.789993
134.789993
133.899994
133.899994
133.899994
133.899994
133.899994
133.899994
133.899994
133.899994
133.000000
132.800003
132.000000
132.000000
132.000000
131.789993
131.000000
131.000000
129.889999
129.889999
129.889999
129.100006
129.100006
129.100006
129.100006
129.199997
129.199997
129.199997
129.199997
129.199997
129.199997
129.199997
129.199997
129.199997
129.199997
129.199997
129.199997
129.199997
129.199997
129.199997
129.199997
129.199997
129.199997
129.199997
129.199997
130.639999
130.639999
130.639999
130.639999
130.639999
130.639999
130.639999
130.639999
130.639999
130.639999
130.639999
130.639999
130.639999
130.639999
130.639999
130.639999
130.639999
130.639999
130.639999
130.639999
130.639999
129.440002
129.440002
128.919998
128.199997
128.199997
128.199997
129.949997
129.949997
129.949997
129.949997
129.949997
129.949997
129.949997
129.949997
129.949997
129.949997
129.949997
129.949997
129.949997
129.949997
129.949997
129.949997
131.440002
131.830002
133.899994
133.899994
133.899994
133.899994
133.899994
133.899994
133.899994
133.899994
133.899994
133.979996
133.979996
133.979996
134.699997
134.889999
134.889999
134.889999
134.889999
134.889999
135.199997
135.199997
135.399994
136.300003
136.589996
136.869995
136.869995
137.100006
137.100006
137.100006
137.100006
137.100006
137.100006
137.100006
137.100006
137.100006
137.100006
137.100006
137.100006
137.100006
137.100006
137.100006
137.100006
137.100006
137.100006
137.100006
137.100006
137.100006
136.800003
136.470001
135.699997
135.699997
135.699997
135.649994
135.050003
134.479996
133.800003
133.800003
133.300003
132.800003
132.800003
132.800003
132.800003
132.800003
132.800003
135.440002
135.440002
136.300003
136.300003
136.679993
136.679993
138.199997
138.399994
138.759995
138.910004
139.889999
140.199997
140.199997
140.199997
140.279999
140.789993
140.789993
140.789993
140.789993
142.350006
142.350006
142.350006
142.350006
142.350006
142.350006
142.350006
142.350006
142.350006
142.350006
142.350006
142.350006
142.350006
142.350006
142.350006
142.350006
142.350006
142.350006
142.350006
142.350006
142.350006
141.770004
141.770004
141.770004
141.770004
141.770004
141.770004
141.539993
140.490005
140.490005
138.399994
138.399994
138.399994
138.399994
138.399994
138.399994
138.399994
138.399994
138.399994
138.399994
138.399994
138.399994
138.399994
138.399994
138.000000
137.600006
137.600006
136.580002
133.490005
133.490005
133.490005
133.490005
133.490005
133.490005
133.490005
133.490005
133.490005
133.490005
133.490005
133.490005
133.490005
133.490005
133.490005
133.490005
133.490005
133.490005
131.500000
130.000000
126.400002
125.919998
125.900002
125.180000
125.180000
125.180000
125.180000
125.180000
125.180000
125.180000
125.180000
125.180000
125.180000
125.180000
125.180000
125.180000
123.730003
123.730003
123.400002
123.400002
123.400002
122.949997
122.949997
122.949997
122.949997
122.389999
121.709999
121.709999
121.709999
121.400002
121.389999
121.199997
121.199997
120.949997
120.949997
119.879997
119.879997
119.879997
119.879997
119.879997
119.879997
120.199997
120.199997
120.699997
120.889999
120.889999
121.099998
121.470001
121.739998
122.190002
122.190002
122.190002
122.190002
122.190002
122.190002
122.190002
122.190002
122.190002
122.190002
122.190002
122.190002
122.190002
122.190002
122.190002
122.190002
122.190002
122.190002
122.190002
122.190002
122.190002
120.349998
120.349998
120.349998
120.349998
120.349998
120.349998
120.349998
120.349998
120.349998
120.349998
120.349998
120.349998
120.349998
120.400002
120.400002
120.400002
122.389999
122.389999
122.650002
122.650002
122.690002
122.690002
122.690002
122.690002
122.690002
122.690002
122.690002
122.690002
122.690002
122.690002
122.690002
122.690002
122.690002
122.690002
122.690002
122.690002
122.690002
122.690002
122.690002
122.690002
122.690002
122.199997
122.300003
122.320000
123.000000
123.000000
123.000000
123.000000
123.000000
123.000000
123.000000
123.000000
123.000000
123.500000
123.500000
123.500000
123.500000
123.809998
123.809998
125.250000
125.379997
125.610001
125.989998
125.989998
125.989998
125.989998
125.989998
125.989998
125.989998
125.989998
125.989998
125.989998
125.989998
125.989998
125.989998
125.989998
125.989998
125.989998
125.989998
125.989998
125.989998
125.989998
125.989998
125.500000
125.500000
125.500000
125.500000
125.500000
125.500000
125.500000
125.500000
125.500000
125.000000
125.000000
125.000000
124.620003
124.790001
125.199997
127.000000
127.000000
127.000000
127.000000
127.000000
127.000000
127.000000
127.000000
127.000000
127.000000
127.000000
127.989998
129.250000
129.520004
130.000000
130.389999
131.100006
131.300003
131.300003
131.300003
131.300003
131.300003
131.300003
131.300003
131.300003
131.300003
131.300003
131.300003
131.300003
131.300003
131.300003
131.300003
131.300003
131.300003
131.300003
131.300003
131.300003
131.300003
129.770004
127.779999
127.400002
127.400002
127.190002
127.190002
127.190002
127.190002
126.900002
125.000000
123.500000
123.500000
123.500000
123.500000
123.199997
123.480003
123.739998
123.889999
123.889999
123.889999
123.889999
124.389999
124.400002
124.669998
125.699997
126.050003
126.050003
126.050003
126.050003
126.050003
126.050003
126.050003
126.050003
126.050003
126.050003
126.050003
126.050003
126.050003
126.050003
126.050003
126.050003
126.050003
126.050003
126.050003
126.050003
126.050003
125.540001
125.540001
125.589996
126.209999
126.230003
127.500000
131.500000
131.500000
131.500000
131.500000
131.500000
131.500000
131.500000
131.500000
131.500000
131.500000
131.500000
131.500000
131.500000
131.500000
131.500000
131.899994
133.860001
133.860001
133.860001
134.500000
134.500000
134.500000
134.500000
134.500000
134.500000
134.500000
134.500000
134.500000
134.500000
134.500000
134.500000
134.500000
134.500000
134.500000
134.500000
134.500000
134.500000
134.500000
134.500000
134.500000
131.729996
131.729996
131.729996
130.869995
129.979996
129.979996
129.979996
129.979996
129.979996
124.919998
124.599998
120.379997
119.349998
118.800003
121.419998
122.320000
122.320000
122.320000
122.320000
122.320000
122.320000
122.320000
122.320000
122.320000
123.050003
123.050003
123.050003
124.059998
124.300003
125.440002
125.440002
125.440002
125.440002
125.440002
125.440002
125.440002
125.440002
125.440002
125.440002
125.440002
125.440002
125.440002
125.440002
125.440002
126.000000
126.980003
126.980003
126.980003
127.199997
127.720001
128.779999
132.679993
132.679993
132.679993
132.679993
132.679993
132.679993
132.679993
132.679993
132.679993
132.679993
132.679993
132.679993
132.679993
132.679993
133.210007
133.740005
133.740005
133.899994
135.889999
135.889999
135.889999
135.889999
135.889999
135.889999
135.889999
135.889999
135.889999
138.139999
138.139999
138.139999
138.139999
138.139999
138.139999
138.139999
138.139999
138.139999
140.100006
140.100006
140.399994
142.399994
143.369995
143.369995
143.800003
144.699997
146.300003
146.979996
146.979996
146.979996
146.979996
146.979996
146.979996
147.000000
147.119995
148.300003
151.000000
151.000000
151.000000
151.000000
151.000000
151.000000
151.000000
151.000000
151.000000
151.000000
151.000000
151.000000
152.169998
152.169998
152.169998
153.300003
153.300003
153.300003
153.300003
156.470001
156.550003
157.399994
159.690002
159.690002
159.940002
161.800003
164.399994
169.899994
169.899994
169.899994
169.899994
169.899994
169.899994
169.899994
169.899994
169.899994
169.899994
169.899994
169.899994
169.899994
169.899994
169.899994
169.899994
169.899994
169.899994
169.899994
169.899994
169.899994
166.880005
166.880005
166.880005
166.880005
166.880005
166.880005
166.880005
166.880005
166.880005
166.880005
155.399994
155.399994
154.500000
154.500000
154.500000
154.500000
154.500000
154.500000
152.000000
147.410004
147.410004
147.410004
147.410004
147.410004
147.000000
147.000000
147.000000
149.000000
156.199997
156.199997
156.199997
156.199997
156.199997
156.199997
156.199997
156.199997
156.199997
156.199997
156.199997
156.199997
156.199997
156.199997
159.979996
159.979996
159.979996
159.979996
159.979996
159.979996
159.979996
159.979996
159.979996
159.979996
159.979996
179.339996
179.350006
179.350006
185.949997
185.949997
187.539993
210.000000
214.750000
214.750000
214.750000
214.750000
219.899994
219.899994
219.899994
219.899994
219.899994
219.899994
219.899994
219.899994
219.899994
219.899994
219.899994
219.899994
219.899994
219.899994
219.899994
219.899994
219.899994
219.899994
219.899994
229.000000
233.440002
234.240005
239.660004
240.789993
243.479996
257.119995
257.119995
258.320007
258.320007
258.320007
258.320007
258.320007
258.320007
258.320007
258.320007
258.320007
260.350006
260.350006
260.350006
260.350006
260.350006
262.690002
265.700012
265.989990
266.149994
267.000000
267.000000
267.000000
267.000000
267.000000
267.000000
267.000000
267.000000
267.000000
268.790009
268.790009
268.790009
268.790009
270.250000
270.920013
271.470001
272.649994
277.000000
277.950012
277.950012
277.950012
277.950012
277.950012
277.950012
277.950012
277.950012
277.950012
278.399994
278.399994
279.500000
281.000000
281.000000
281.000000
281.000000
281.000000
281.000000
281.000000
281.000000
281.000000
281.000000
281.000000
281.000000
281.000000
281.000000
281.000000
281.000000
281.000000
281.000000
281.000000
281.000000
281.000000
280.420013
280.420013
280.420013
278.000000
274.000000
271.950012
271.950012
271.950012
271.950012
271.950012
271.950012
271.950012
271.950012
271.950012
271.950012
271.950012
269.700012
264.910004
264.910004
264.910004
264.910004
266.459991
266.700012
267.239990
267.239990
268.989990
269.399994
269.399994
269.399994
269.799988
269.799988
272.549988
273.500000
274.390015
274.679993
275.869995
276.429993
277.429993
278.489990
280.100006
280.399994
280.399994
280.399994
282.299988
282.299988
282.299988
282.299988
282.299988
282.299988
282.299988
282.299988
282.299988
282.299988
282.299988
282.299988
282.299988
282.299988
282.299988
282.299988
282.299988
282.299988
282.299988
282.299988
282.299988
279.760010
279.709991
279.709991
279.709991
279.709991
279.709991
279.709991
279.709991
279.709991
279.709991
279.709991
279.709991
279.709991
279.709991
279.709991
279.709991
279.709991
279.709991
279.709991
279.000000
279.000000
278.279999
276.660004
276.660004
276.660004
274.190002
269.899994
269.500000
269.500000
269.500000
269.329987
269.269989
268.500000
268.369995
268.369995
268.369995
267.399994
266.920013
262.869995
262.869995
261.640015
260.529999
260.529999
260.529999
260.529999
260.529999
260.529999
260.529999
260.529999
260.529999
260.529999
260.529999
260.529999
260.529999
260.529999
260.529999
259.739990
259.739990
259.739990
259.739990
259.739990
259.739990
259.739990
259.739990
259.739990
259.739990
259.739990
259.739990
259.739990
259.739990
259.739990
259.739990
259.739990
259.869995
261.179993
261.179993
261.179993
261.179993
261.179993
261.179993
261.179993
263.000000
264.000000
264.000000
264.000000
264.000000
264.000000
265.989990
265.989990
265.989990
266.910004
266.910004
266.910004
266.910004
266.910004
266.910004
266.910004
266.910004
266.910004
266.910004
266.910004
267.160004
267.160004
267.160004
271.489990
271.690002
272.940002
273.100006
273.100006
273.100006
273.100006
273.100006
273.100006
273.100006
273.100006
273.100006
273.100006
273.100006
273.100006
273.100006
273.100006
273.100006
273.100006
273.100006
273.100006
273.100006
273.100006
273.100006
269.600006
268.670013
268.670013
268.670013
268.670013
268.670013
268.670013
268.670013
268.670013
268.670013
268.670013
268.670013
268.670013
267.940002
267.940002
262.500000
262.179993
262.179993
262.000000
262.000000
262.000000
262.000000
262.000000
262.000000
262.000000
262.000000
262.000000
262.000000
262.000000
262.000000
262.000000
262.000000
262.000000
262.000000
260.000000
260.000000
260.000000
260.000000
260.000000
260.000000
260.000000
260.000000
260.000000
254.289993
249.000000
249.000000
248.300003
248.300003
245.169998
245.169998
245.169998
245.169998
245.169998
245.169998
245.169998
245.169998
245.169998
245.169998
245.169998
245.169998
240.919998
240.919998
243.550003
243.550003
243.550003
243.550003
243.550003
243.550003
243.550003
243.550003
243.550003
243.550003
243.550003
243.550003
243.550003
243.550003
243.550003
243.550003
243.550003
247.550003
248.449997
249.000000
249.880005
249.880005
249.880005
249.880005
249.880005
256.769989
256.769989
256.769989
256.769989
259.079987
259.079987
259.079987
259.079987
259.079987
259.079987
259.079987
259.079987
259.079987
259.079987
259.079987
259.079987
259.489990
261.500000
263.000000
263.000000
263.000000
263.000000
263.000000
263.000000
263.000000
263.000000
263.000000
263.000000
263.000000
263.000000
263.000000
263.000000
263.000000
263.000000
263.000000
263.000000
263.000000
263.000000
263.000000
259.149994
254.000000
253.600006
253.600006
253.600006
253.600006
253.600006
253.600006
252.839996
251.800003
251.800003
249.000000
249.000000
249.000000
249.000000
249.000000
249.000000
251.809998
252.729996
253.529999
255.470001
256.809998
256.809998
256.809998
259.390015
259.390015
259.390015
259.929993
259.989990
259.989990
259.989990
260.000000
260.000000
260.000000
260.000000
260.000000
260.000000
260.000000
260.000000
261.700012
261.910004
261.910004
264.010010
264.010010
264.010010
264.010010
264.010010
264.010010
264.010010
264.010010
264.010010
264.010010
264.010010
264.010010
270.760010
273.869995
276.799988
276.799988
277.980011
277.980011
277.980011
277.980011
277.980011
277.980011
277.980011
277.980011
284.609985
284.609985
284.609985
288.040009
289.190002
289.290009
290.049988
290.299988
290.299988
290.299988
290.369995
290.470001
290.489990
290.859985
290.989990
290.989990
291.149994
291.480011
291.480011
291.480011
291.480011
291.480011
291.480011
291.739990
292.299988
292.299988
292.299988
292.920013
292.920013
292.920013
292.920013
292.920013
292.920013
292.920013
292.920013
292.920013
292.920013
292.920013
292.920013
292.920013
292.920013
292.920013
292.920013
292.920013
293.940002
293.940002
293.940002
293.940002
293.940002
293.940002
293.940002
293.940002
293.940002
293.940002
293.940002
294.410004
294.700012
296.899994
298.500000
298.500000
298.880005
298.880005
298.880005
298.880005
298.880005
298.880005
298.880005
298.880005
298.880005
298.880005
298.880005
298.880005
298.880005
298.880005
298.880005
298.880005
298.880005
298.880005
298.880005
298.880005
298.880005
298.670013
297.769989
298.399994
299.000000
299.769989
300.190002
300.190002
301.440002
302.350006
302.700012
304.049988
304.190002
304.190002
304.190002
304.260010
304.950012
304.950012
304.950012
304.959991
304.959991
305.429993
305.700012
305.700012
305.700012
306.350006
306.890015
306.890015
306.989990
308.799988
310.100006
310.100006
310.100006
310.100006
310.100006
310.100006
310.100006
310.100006
310.100006
310.100006
310.100006
310.100006
310.100006
310.100006
310.100006
310.100006
310.100006
310.100006
310.100006
310.100006
310.100006
309.779999
309.779999
305.500000
304.820007
303.880005
303.880005
303.880005
303.880005
303.880005
303.429993
303.429993
303.429993
303.429993
303.429993
303.429993
301.200012
296.950012
296.799988
296.100006
294.890015
294.890015
294.890015
294.679993
294.679993
294.679993
294.679993
294.380005
294.380005
294.000000
294.980011
295.549988
295.549988
295.549988
295.549988
295.549988
295.549988
295.549988
295.600006
296.040009
296.040009
296.040009
296.190002
296.600006
296.600006
296.600006
296.600006
296.799988
297.549988
297.549988
297.549988
297.549988
297.549988
297.549988
297.549988
297.549988
297.549988
297.549988
297.549988
297.549988
297.549988
297.549988
297.549988
297.549988
297.549988
297.549988
297.549988
297.549988
297.549988
297.380005
297.369995
296.399994
296.000000
296.000000
296.000000
296.000000
296.000000
296.000000
296.000000
296.000000
296.000000
296.000000
296.000000
296.000000
296.000000
295.769989
295.769989
295.769989
295.309998
294.450012
294.450012
294.670013
295.339996
295.339996
295.339996
295.339996
295.660004
295.660004
295.660004
298.100006
298.100006
298.100006
298.100006
298.100006
298.100006
298.100006
298.100006
298.100006
298.100006
298.100006
298.100006
298.100006
298.100006
298.100006
298.100006
298.100006
298.100006
298.100006
298.100006
298.100006
297.230011
297.230011
297.230011
297.230011
297.230011
297.230011
297.230011
297.230011
297.230011
297.230011
296.000000
296.000000
295.399994
295.149994
295.149994
294.299988
293.399994
293.399994
293.399994
293.399994
293.399994
293.399994
293.399994
293.399994
293.399994
293.399994
293.399994
293.399994
293.399994
293.399994
293.399994
293.399994
293.399994
293.399994
295.589996
295.720001
295.720001
295.720001
296.209991
296.209991
296.209991
296.209991
296.730011
296.730011
296.730011
296.730011
296.730011
296.730011
297.970001
297.970001
297.970001
297.970001
297.970001
297.970001
297.970001
298.200012
298.700012
298.700012
298.700012
298.700012
298.700012
298.700012
298.700012
298.700012
298.700012
298.700012
298.700012
298.700012
298.700012
298.700012
298.700012
298.700012
298.700012
298.700012
298.700012
298.700012
298.700012
298.700012
298.299988
298.299988
296.760010
295.549988
293.980011
293.980011
293.980011
293.980011
291.000000
291.000000
289.450012
287.790009
287.549988
287.549988
287.549988
287.549988
287.549988
287.549988
287.549988
287.549988
287.549988
287.549988
287.549988
287.549988
287.329987
286.899994
286.899994
286.899994
286.089996
286.089996
286.190002
286.600006
288.549988
291.970001
293.959991
294.109985
294.109985
295.670013
300.769989
300.989990
300.989990
300.989990
300.989990
300.989990
300.989990
300.989990
300.989990
300.989990
300.989990
302.799988
304.279999
304.279999
304.279999
304.279999
304.279999
304.279999
304.279999
304.279999
304.279999
304.279999
304.279999
304.279999
304.279999
304.279999
304.540009
304.540009
304.540009
304.549988
304.549988
304.940002
304.940002
304.940002
304.940002
304.940002
304.940002
304.940002
304.940002
304.940002
304.940002
304.940002
304.940002
304.940002
304.940002
304.940002
305.410004
307.660004
310.119995
310.630005
310.630005
316.880005
316.880005
316.880005
316.880005
316.880005
316.880005
316.880005
316.880005
316.880005
316.880005
316.880005
316.880005
316.880005
316.880005
316.880005
316.880005
316.880005
316.880005
316.880005
316.880005
316.880005
313.410004
313.029999
313.029999
313.029999
313.029999
313.029999
313.029999
313.029999
313.029999
313.029999
313.029999
313.670013
319.649994
324.000000
324.160004
324.160004
324.160004
324.160004
324.160004
324.160004
324.160004
324.160004
324.160004
324.450012
324.450012
325.000000
325.000000
325.000000
325.549988
327.850006
328.950012
328.950012
328.950012
328.950012
328.950012
328.950012
328.950012
328.950012
328.950012
328.950012
328.950012
328.950012
329.000000
329.000000
329.000000
329.000000
329.000000
329.000000
329.000000
329.000000
329.440002
329.440002
329.440002
329.440002
329.440002
329.440002
329.440002
329.440002
329.440002
329.440002
329.440002
329.440002
329.440002
329.440002
329.440002
329.440002
329.440002
329.440002
329.440002
329.440002
329.440002
328.820007
326.880005
326.880005
326.880005
326.880005
326.880005
326.299988
326.299988
324.839996
321.459991
322.149994
322.149994
322.149994
322.149994
322.149994
322.149994
322.149994
322.149994
322.149994
322.149994
322.149994
322.149994
322.149994
322.149994
322.149994
322.149994
322.149994
322.149994
322.149994
322.149994
322.149994
319.890015
319.890015
318.000000
318.000000
318.000000
319.429993
320.279999
320.279999
320.279999
320.279999
320.380005
320.380005
322.570007
322.959991
322.959991
322.959991
322.959991
322.959991
322.959991
322.959991
322.959991
322.959991
323.160004
323.160004
323.160004
325.369995
325.369995
329.970001
329.970001
329.970001
329.970001
329.970001
329.970001
329.970001
329.970001
329.970001
329.970001
329.970001
329.970001
329.970001
329.970001
329.970001
329.970001
329.970001
329.970001
329.970001
329.970001
329.970001
327.010010
325.670013
325.670013
325.670013
325.670013
325.670013
325.200012
326.390015
328.230011
328.230011
328.230011
328.230011
328.230011
328.489990
329.359985
329.359985
329.359985
331.290009
332.220001
336.279999
337.980011
339.989990
339.989990
339.989990
339.989990
339.989990
339.989990
339.989990
340.200012
341.450012
341.450012
341.500000
343.119995
343.119995
343.119995
343.119995
343.119995
343.119995
343.119995
343.119995
343.119995
343.119995
343.119995
343.119995
343.119995
343.119995
343.119995
343.570007
343.570007
343.570007
343.570007
343.570007
343.570007
343.570007
343.570007
343.570007
343.570007
343.570007
343.570007
343.570007
343.570007
343.570007
343.950012
346.470001
346.470001
346.470001
346.470001
346.470001
346.470001
346.470001
346.480011
346.609985
348.059998
349.670013
349.670013
349.670013
349.670013
350.799988
352.799988
352.799988
352.799988
352.799988
352.799988
352.799988
352.799988
352.799988
352.799988
352.799988
352.799988
352.799988
352.799988
353.440002
356.369995
357.179993
357.200012
357.500000
357.799988
357.890015
357.890015
357.890015
357.890015
357.890015
357.890015
357.890015
357.890015
357.890015
357.890015
357.890015
357.890015
357.890015
357.890015
357.890015
357.890015
357.890015
357.890015
357.890015
357.890015
357.890015
357.230011
357.279999
358.799988
358.799988
358.799988
358.799988
358.799988
358.799988
358.799988
360.500000
360.500000
360.500000
361.679993
361.869995
363.929993
364.579987
364.579987
364.579987
364.579987
364.579987
364.579987
364.579987
364.579987
364.579987
364.579987
364.579987
364.579987
364.579987
364.579987
364.579987
364.579987
364.579987
364.579987
364.579987
364.579987
364.579987
363.970001
363.970001
363.970001
363.970001
364.890015
365.730011
365.730011
366.010010
367.559998
370.500000
370.500000
370.500000
370.500000
370.500000
370.500000
370.500000
370.500000
370.500000
370.500000
370.500000
370.500000
370.500000
370.500000
371.200012
371.779999
371.940002
371.940002
371.940002
373.369995
373.369995
373.369995
373.369995
373.369995
373.369995
373.369995
374.000000
374.000000
374.000000
374.000000
374.000000
374.000000
374.000000
374.000000
374.000000
374.000000
374.000000
374.000000
374.000000
374.000000
374.000000
374.000000
374.000000
374.000000
374.000000
374.000000
374.000000
371.470001
371.470001
371.470001
371.470001
371.470001
371.470001
371.470001
369.790009
366.429993
365.799988
365.799988
365.799988
365.799988
365.799988
365.799988
365.799988
365.890015
366.859985
367.070007
367.839996
371.100006
371.450012
374.920013
374.920013
374.920013
374.920013
374.920013
374.920013
374.920013
374.920013
374.920013
374.920013
374.920013
374.920013
374.920013
374.920013
374.920013
374.920013
374.920013
374.920013
374.920013
374.920013
374.920013
374.630005
374.630005
374.630005
374.630005
374.630005
374.630005
374.630005
374.630005
374.630005
374.630005
374.630005
374.630005
374.630005
374.630005
374.630005
374.630005
374.630005
374.630005
374.630005
374.630005
374.630005
373.500000
371.700012
371.700012
371.700012
371.700012
371.700012
371.700012
371.700012
371.700012
371.700012
371.700012
371.700012
371.700012
371.700012
371.670013
371.670013
371.670013
371.670013
370.390015
370.390015
370.390015
370.390015
370.390015
370.390015
370.390015
370.390015
370.390015
370.390015
371.140015
371.140015
371.140015
371.600006
371.760010
371.760010
371.760010
371.970001
371.970001
371.970001
371.970001
371.970001
371.970001
371.970001
371.970001
371.970001
373.399994
373.399994
373.399994
373.399994
373.399994
373.399994
373.399994
373.399994
373.399994
373.399994
373.399994
373.399994
373.399994
373.399994
373.399994
373.399994
373.399994
373.399994
373.399994
373.399994
373.399994
372.820007
372.820007
372.820007
372.200012
372.200012
371.690002
371.690002
372.489990
372.489990
372.489990
372.489990
372.489990
372.489990
372.940002
373.000000
374.000000
374.049988
374.049988
374.049988
374.549988
378.410004
378.410004
378.410004
378.410004
378.410004
378.410004
378.410004
378.410004
378.410004
378.839996
379.489990
379.489990
379.959991
379.959991
383.130005
383.130005
383.130005
383.130005
383.130005
383.130005
383.130005
383.130005
383.130005
383.130005
383.130005
383.130005
383.130005
383.130005
383.130005
383.130005
383.130005
383.130005
383.130005
383.130005
383.130005
380.910004
381.820007
381.820007
382.609985
383.630005
384.660004
384.739990
386.859985
387.730011
387.730011
387.730011
387.730011
387.899994
388.109985
388.109985
388.109985
388.109985
388.109985
388.109985
388.109985
388.109985
388.109985
388.109985
388.109985
388.109985
388.109985
388.109985
388.109985
388.109985
388.109985
388.109985
388.109985
388.109985
388.109985
386.829987
386.829987
386.829987
386.829987
386.829987
384.470001
381.730011
381.660004
380.339996
374.549988
374.549988
374.549988
374.549988
374.549988
374.549988
374.549988
374.549988
374.549988
374.000000
374.000000
374.000000
374.000000
374.000000
374.000000
374.000000
374.000000
374.000000
374.000000
374.000000
374.000000
375.480011
375.480011
375.480011
375.480011
375.480011
375.480011
375.480011
375.480011
375.480011
375.480011
375.480011
375.480011
375.480011
375.480011
375.480011
375.480011
375.480011
375.480011
375.480011
375.480011
375.480011
365.000000
365.000000
365.000000
365.000000
365.000000
363.119995
363.119995
358.700012
358.700012
354.899994
354.899994
349.309998
349.309998
349.309998
349.309998
349.309998
349.309998
349.309998
349.309998
349.309998
349.309998
349.309998
349.309998
345.799988
345.000000
341.299988
341.000000
342.200012
342.200012
342.200012
342.200012
342.200012
342.200012
342.200012
342.200012
342.200012
342.200012
342.200012
342.200012
342.200012
342.200012
342.200012
342.200012
342.200012
342.200012
342.200012
342.200012
342.200012
340.690002
335.200012
334.260010
333.899994
333.899994
333.899994
333.899994
332.709991
330.920013
331.369995
333.230011
333.250000
333.250000
333.329987
333.329987
334.480011
334.480011
334.480011
334.480011
334.480011
334.480011
334.480011
334.480011
334.480011
334.480011
334.480011
334.480011
334.480011
334.480011
334.480011
334.480011
334.480011
334.480011
334.480011
334.480011
334.480011
332.459991
332.459991
332.459991
332.459991
332.459991
332.459991
332.420013
330.369995
330.369995
330.369995
330.369995
330.369995
330.369995
328.500000
327.299988
327.480011
327.480011
327.480011
327.480011
327.480011
328.570007
329.399994
329.399994
329.399994
329.399994
329.399994
329.399994
329.399994
329.399994
329.399994
329.399994
329.399994
329.399994
329.399994
329.399994
329.399994
329.399994
329.399994
329.399994
329.399994
329.399994
329.399994
328.899994
328.899994
328.899994
328.890015
328.890015
328.890015
328.890015
328.690002
329.480011
329.480011
329.480011
329.480011
329.480011
329.480011
329.480011
329.480011
329.480011
329.480011
329.480011
329.480011
329.480011
329.480011
329.480011
330.299988
330.559998
330.950012
331.100006
331.500000
331.730011
331.730011
331.730011
331.730011
331.730011
331.730011
331.730011
331.730011
331.730011
331.730011
331.730011
331.730011
331.730011
331.730011
331.730011
331.730011
331.730011
331.730011
331.730011
331.730011
331.730011
331.320007
331.500000
334.500000
334.500000
334.500000
334.500000
334.500000
334.500000
334.500000
334.600006
334.600006
334.600006
334.600006
334.600006
334.600006
334.600006
334.600006
334.600006
334.600006
334.600006
334.600006
334.600006
334.600006
334.600006
334.600006
334.600006
334.600006
334.600006
334.600006
334.600006
334.109985
332.940002
331.399994
331.109985
331.109985
330.339996
328.839996
328.839996
328.839996
328.839996
328.839996
328.839996
328.839996
328.839996
328.839996
328.839996
328.839996
328.839996
328.839996
328.839996
328.140015
328.140015
328.140015
328.140015
328.140015
328.140015
327.899994
328.429993
328.429993
328.429993
328.429993
328.429993
328.429993
328.429993
328.720001
329.260010
329.260010
329.570007
329.570007
329.570007
329.570007
329.570007
330.399994
332.670013
332.670013
332.670013
332.670013
332.670013
332.670013
332.670013
332.739990
332.739990
332.739990
332.739990
332.739990
332.739990
332.739990
332.739990
332.739990
332.739990
332.739990
332.739990
332.739990
332.739990
332.739990
332.739990
332.739990
332.739990
332.739990
332.739990
332.739990
331.369995
330.730011
330.730011
330.730011
330.730011
330.730011
330.730011
330.730011
330.730011
330.730011
330.730011
330.730011
330.769989
330.850006
331.450012
331.450012
331.450012
331.450012
331.450012
331.450012
331.450012
331.450012
331.450012
331.450012
331.450012
331.450012
331.450012
331.450012
331.450012
331.450012
331.450012
331.450012
331.450012
331.450012
331.450012
332.329987
332.329987
332.709991
332.709991
332.709991
332.709991
333.850006
334.910004
334.910004
334.910004
334.910004
334.910004
334.910004
334.910004
334.910004
334.910004
334.910004
334.910004
334.910004
334.910004
334.910004
334.910004
334.910004
334.910004
334.910004
334.910004
334.910004
334.910004
334.640015
334.640015
334.640015
334.640015
334.640015
334.640015
332.359985
330.890015
330.890015
330.890015
330.890015
330.480011
330.480011
330.480011
330.480011
330.480011
330.480011
330.480011
330.480011
330.480011
330.480011
330.480011
330.480011
330.480011
330.480011
330.480011
330.309998
329.820007
329.380005
329.380005
329.380005
329.380005
329.380005
329.380005
329.380005
329.380005
329.380005
328.790009
328.549988
328.549988
328.549988
328.549988
327.500000
327.480011
327.480011
327.480011
327.480011
326.760010
325.920013
325.549988
325.549988
325.549988
325.549988
325.549988
325.549988
325.549988
325.549988
325.549988
325.549988
325.549988
325.549988
325.549988
325.549988
325.549988
325.549988
325.549988
325.549988
325.549988
325.549988
325.320007
325.600006
325.630005
325.630005
325.630005
325.630005
326.089996
327.640015
331.220001
331.220001
331.220001
331.220001
331.220001
331.220001
331.220001
331.220001
331.220001
331.220001
331.220001
331.220001
331.220001
331.220001
331.220001
331.220001
331.220001
331.220001
331.220001
331.220001
331.220001
329.809998
329.809998
329.809998
329.809998
329.809998
329.809998
330.500000
333.269989
333.299988
333.809998
334.000000
334.000000
334.000000
334.000000
334.000000
334.000000
334.000000
334.000000
334.000000
334.000000
334.000000
334.000000
334.000000
336.440002
337.890015
338.649994
338.649994
338.649994
338.649994
338.690002
338.989990
338.989990
338.989990
338.989990
338.989990
338.989990
338.989990
338.989990
338.989990
338.989990
338.989990
338.989990
338.989990
338.989990
338.989990
338.989990
338.989990
338.989990
338.989990
338.989990
338.989990
338.869995
338.100006
336.399994
336.399994
336.399994
336.399994
335.700012
335.700012
335.700012
335.700012
335.700012
335.700012
335.700012
335.000000
335.000000
335.000000
334.799988
334.799988
334.299988
333.519989
330.519989
330.519989
330.519989
330.519989
330.519989
330.519989
330.519989
330.500000
330.500000
330.500000
330.399994
330.329987
330.269989
330.269989
330.269989
330.269989
330.269989
330.269989
330.269989
330.269989
330.269989
330.640015
330.640015
330.640015
330.640015
330.640015
330.670013
330.670013
330.670013
330.670013
330.670013
330.670013
330.670013
330.670013
330.679993
330.980011
330.980011
330.980011
330.980011
330.980011
330.980011
330.980011
330.980011
330.980011
330.980011
330.980011
330.980011
330.980011
330.980011
331.290009
331.290009
331.290009
331.290009
331.290009
331.290009
331.290009
331.290009
331.290009
331.290009
331.290009
331.290009
331.290009
331.290009
331.290009
331.290009
331.290009
331.290009
331.290009
331.290009
331.290009
328.299988
328.299988
328.299988
328.299988
328.299988
328.299988
328.299988
328.299988
325.769989
325.769989
325.769989
325.769989
325.769989
321.570007
320.000000
320.000000
320.000000
320.000000
320.000000
320.000000
319.679993
319.679993
319.630005
319.630005
319.630005
319.630005
319.630005
317.799988
315.910004
315.910004
315.910004
315.910004
315.910004
315.869995
314.649994
313.899994
313.829987
313.350006
313.339996
313.149994
313.100006
312.869995
312.000000
312.000000
312.000000
312.000000
312.000000
311.850006
311.850006
311.850006
311.850006
311.850006
311.850006
311.850006
311.850006
311.850006
309.890015
309.799988
309.799988
309.799988
309.799988
309.630005
309.630005
309.630005
309.630005
309.630005
309.239990
309.200012
309.200012
308.950012
308.630005
308.630005
308.630005
308.630005
308.630005
308.630005
308.630005
308.630005
308.100006
308.100006
308.100006
308.100006
308.100006
308.100006
308.100006
306.670013
306.670013
306.670013
306.670013
306.670013
306.670013
306.670013
306.230011
305.890015
305.890015
305.890015
305.890015
305.269989
305.269989
305.269989
305.269989
305.269989
305.269989
305.269989
305.269989
305.269989
305.269989
305.269989
305.269989
305.269989
305.269989
305.269989
305.269989
302.980011
302.980011
302.980011
302.980011
302.980011
302.980011
302.980011
304.589996
304.589996
304.589996
304.589996
304.589996
304.589996
304.589996
304.589996
304.589996
304.589996
304.589996
304.589996
304.589996
304.589996
304.589996
304.589996
304.589996
304.589996
304.589996
304.589996
304.589996
303.679993
303.660004
303.299988
303.149994
302.480011
302.480011
300.989990
300.679993
300.489990
299.339996
298.690002
298.690002
298.690002
298.690002
298.690002
298.690002
298.690002
298.690002
298.690002
298.690002
298.690002
298.690002
298.690002
298.690002
298.690002
298.690002
298.690002
298.690002
298.170013
298.170013
298.170013
298.170013
298.170013
298.170013
298.170013
298.170013
298.170013
298.170013
298.170013
298.170013
296.940002
296.940002
296.940002
296.940002
296.940002
296.940002
296.940002
296.940002
296.940002
296.940002
296.940002
296.940002
296.940002
296.940002
296.940002
296.799988
296.799988
296.799988
296.720001
296.720001
296.720001
296.720001
296.989990
298.359985
299.049988
299.250000
299.839996
300.329987
300.600006
300.600006
300.730011
302.750000
302.750000
302.750000
303.299988
304.779999
304.779999
304.779999
304.779999
304.779999
304.779999
304.779999
304.779999
304.779999
304.779999
304.779999
304.779999
304.779999
304.779999
304.779999
304.779999
304.779999
304.779999
304.779999
304.779999
304.779999
304.600006
303.500000
303.500000
303.500000
303.500000
303.500000
303.500000
303.500000
303.500000
303.500000
303.690002
303.690002
303.690002
303.690002
303.690002
303.850006
303.850006
303.850006
303.850006
304.000000
304.000000
304.250000
304.369995
305.010010
307.220001
307.220001
307.220001
307.220001
307.220001
307.220001
307.220001
307.220001
307.220001
307.220001
307.220001
307.220001
307.220001
307.220001
307.220001
307.220001
307.220001
307.220001
307.220001
307.220001
307.220001
306.269989
306.200012
306.200012
306.200012
306.200012
306.059998
306.059998
305.760010
305.170013
305.170013
304.100006
304.100006
304.100006
304.100006
304.100006
304.100006
304.100006
304.100006
304.100006
304.100006
304.040009
304.299988
304.429993
304.459991
304.459991
304.459991
304.459991
304.459991
304.459991
305.239990
306.119995
306.200012
306.200012
306.200012
306.200012
306.200012
306.200012
306.200012
306.200012
306.200012
306.200012
306.200012
306.200012
306.200012
306.200012
306.200012
306.200012
306.200012
306.200012
307.589996
307.589996
307.589996
307.589996
307.589996
307.589996
307.589996
307.589996
307.589996
307.589996
307.589996
307.589996
307.589996
307.589996
308.109985
308.109985
308.109985
308.109985
308.109985
308.109985
308.109985
308.190002
308.190002
308.190002
308.239990
308.369995
308.369995
308.369995
308.369995
308.369995
308.369995
308.369995
308.369995
308.369995
308.369995
308.369995
308.369995
308.369995
308.369995
308.369995
308.369995
308.369995
308.369995
308.369995
308.369995
308.369995
308.290009
308.290009
307.350006
307.350006
307.350006
307.350006
307.350006
307.350006
307.350006
307.350006
307.350006
307.350006
307.350006
307.350006
307.350006
307.350006
307.350006
307.070007
307.140015
307.140015
307.140015
307.140015
307.140015
307.980011
307.980011
309.230011
309.880005
309.899994
309.980011
309.980011
309.980011
309.980011
309.989990
310.290009
310.290009
311.059998
311.059998
311.059998
311.059998
312.059998
312.100006
312.190002
312.470001
312.470001
312.470001
312.489990
312.489990
312.489990
312.489990
312.489990
312.500000
312.500000
312.500000
312.500000
312.500000
312.500000
312.500000
312.500000
312.500000
312.500000
312.500000
312.500000
312.500000
312.500000
312.500000
312.500000
312.500000
312.500000
312.500000
312.500000
312.500000
312.000000
311.790009
311.790009
311.200012
311.200012
311.200012
311.200012
311.200012
311.200012
312.000000
312.000000
312.000000
312.000000
312.000000
312.000000
312.000000
312.000000
312.000000
312.000000
312.000000
312.000000
312.000000
312.000000
312.000000
312.000000
312.000000
312.000000
312.000000
312.000000
312.000000
311.450012
311.170013
311.170013
311.170013
311.170013
311.170013
311.170013
311.170013
311.170013
311.170013
311.170013
311.170013
311.170013
311.170013
311.170013
310.660004
310.660004
310.660004
310.660004
311.820007
312.109985
312.350006
313.820007
314.399994
314.399994
314.399994
314.399994
314.570007
314.570007
315.079987
315.420013
315.420013
315.420013
315.420013
315.420013
315.420013
315.420013
315.420013
315.420013
315.420013
315.420013
315.420013
315.420013
315.420013
315.420013
315.420013
315.420013
315.420013
315.420013
315.420013
315.420013
315.140015
315.040009
314.670013
314.670013
314.670013
314.540009
314.540009
314.540009
314.750000
314.850006
314.899994
315.010010
315.010010
315.529999
315.600006
315.600006
315.600006
315.600006
315.600006
315.600006
315.600006
315.600006
315.600006
315.600006
315.600006
315.600006
315.600006
315.600006
315.600006
315.600006
315.600006
315.600006
315.600006
315.600006
315.600006
314.869995
314.869995
314.869995
314.869995
314.869995
314.869995
314.450012
315.079987
315.079987
315.079987
315.079987
315.079987
315.079987
315.100006
316.089996
316.579987
316.579987
316.579987
316.579987
316.579987
316.579987
316.579987
316.579987
316.579987
316.579987
316.579987
316.579987
316.579987
316.579987
316.579987
316.579987
316.579987
316.579987
316.579987
316.579987
316.579987
315.899994
315.899994
315.899994
315.899994
315.899994
315.899994
315.899994
315.899994
315.899994
315.899994
315.899994
315.899994
315.799988
316.179993
316.179993
316.179993
316.179993
316.179993
316.179993
316.179993
316.179993
316.179993
316.179993
316.179993
316.179993
316.179993
316.179993
316.179993
316.179993
316.179993
316.179993
316.179993
316.179993
316.179993
316.000000
316.000000
316.000000
316.000000
316.000000
316.000000
316.000000
315.220001
314.200012
314.200012
314.200012
314.200012
314.200012
313.279999
313.279999
313.279999
313.279999
313.279999
313.279999
313.279999
313.339996
315.709991
315.709991
315.709991
315.709991
315.709991
315.709991
315.709991
315.709991
315.709991
315.709991
315.709991
315.709991
315.709991
315.709991
315.709991
315.709991
315.709991
315.709991
315.709991
315.709991
315.709991
314.000000
313.950012
313.850006
313.850006
313.850006
313.850006
314.040009
314.170013
314.170013
314.170013
314.170013
314.170013
314.170013
314.170013
314.170013
314.170013
314.170013
314.170013
314.170013
314.170013
314.170013
314.170013
314.170013
314.170013
314.170013
314.170013
314.170013
314.170013
312.600006
312.600006
312.600006
312.600006
312.600006
312.600006
312.600006
314.000000
314.000000
314.000000
314.000000
314.000000
314.000000
314.000000
314.000000
314.000000
314.000000
314.000000
314.000000
314.000000
314.000000
314.000000
314.000000
314.000000
314.000000
314.000000
314.000000
314.000000
313.899994
313.899994
313.899994
313.899994
313.899994
313.899994
312.519989
312.179993
311.470001
311.350006
311.350006
310.290009
309.500000
309.500000
309.500000
309.500000
309.500000
309.500000
309.500000
309.500000
309.500000
309.500000
309.500000
309.500000
309.500000
309.500000
309.500000
309.500000
307.399994
307.399994
307.399994
307.399994
307.399994
307.399994
307.329987
305.980011
305.369995
305.250000
305.250000
305.250000
304.750000
304.750000
304.750000
304.750000
304.750000
304.750000
304.750000
304.750000
304.750000
304.750000
304.750000
304.750000
304.750000
304.750000
304.750000
304.750000
304.750000
302.980011
302.980011
302.980011
302.980011
302.980011
302.980011
302.980011
302.179993
302.149994
302.149994
300.410004
299.799988
298.760010
298.760010
298.380005
298.380005
298.380005
300.000000
300.500000
300.989990
302.630005
304.880005
306.179993
306.540009
306.540009
306.540009
306.540009
306.540009
306.540009
306.540009
306.540009
306.540009
306.540009
306.540009
306.540009
306.619995
306.619995
306.619995
306.619995
306.619995
306.619995
306.619995
306.619995
306.619995
306.619995
306.619995
306.619995
306.619995
306.619995
306.619995
306.619995
306.619995
306.619995
306.619995
306.619995
306.619995
305.239990
305.239990
305.239990
305.239990
305.239990
306.029999
306.179993
308.239990
308.239990
308.239990
308.239990
308.239990
308.239990
308.239990
308.239990
308.239990
308.239990
308.239990
308.239990
308.239990
308.239990
308.239990
308.239990
308.239990
308.239990
308.239990
308.239990
308.239990
306.859985
306.859985
306.790009
306.790009
306.790009
306.790009
306.980011
309.239990
309.239990
309.239990
309.239990
309.239990
309.239990
309.239990
309.239990
309.239990
309.239990
309.480011
309.480011
309.480011
309.480011
309.480011
320.190002
320.190002
320.190002
320.190002
320.190002
320.190002
320.190002
320.190002
320.190002
320.190002
320.190002
320.190002
320.190002
320.190002
320.190002
320.190002
320.190002
320.190002
320.190002
320.190002
320.190002
320.149994
320.149994
320.149994
320.149994
320.149994
320.149994
320.149994
320.149994
320.149994
320.149994
320.149994
320.149994
320.149994
319.160004
319.160004
319.160004
319.160004
319.160004
319.160004
319.160004
319.160004
319.160004
319.160004
319.160004
319.160004
319.160004
318.649994
314.980011
314.980011
314.500000
314.489990
314.489990
314.440002
313.279999
311.769989
311.660004
310.959991
310.769989
310.769989
310.769989
310.769989
309.950012
306.029999
306.029999
306.029999
306.029999
306.029999
306.000000
305.000000
305.000000
305.000000
305.000000
305.000000
305.000000
305.000000
305.000000
304.230011
304.230011
304.230011
304.230011
304.230011
304.230011
304.230011
304.230011
304.230011
304.230011
304.230011
304.230011
303.839996
300.170013
298.100006
298.760010
299.149994
300.299988
300.500000
300.500000
300.500000
301.839996
301.839996
301.839996
301.839996
301.839996
301.839996
301.839996
301.839996
301.839996
301.839996
301.839996
301.839996
301.839996
301.839996
301.839996
301.839996
301.839996
301.839996
301.839996
301.839996
301.839996
299.260010
299.260010
299.880005
299.880005
299.880005
300.250000
300.250000
300.250000
300.250000
300.250000
300.250000
300.250000
300.250000
300.250000
300.250000
300.250000
300.250000
300.250000
300.250000
300.250000
300.250000
300.250000
300.250000
300.250000
300.250000
300.250000
299.570007
297.399994
296.480011
296.480011
296.480011
296.480011
296.480011
296.480011
296.480011
296.339996
296.339996
296.339996
296.339996
296.339996
296.339996
296.339996
294.200012
294.670013
294.670013
294.670013
294.670013
294.670013
294.670013
294.670013
294.670013
294.670013
294.670013
294.670013
294.670013
294.670013
294.670013
294.670013
294.670013
294.670013
294.670013
294.670013
294.670013
294.670013
293.600006
293.149994
290.200012
290.200012
290.200012
290.200012
290.200012
290.200012
290.200012
290.200012
290.200012
290.700012
290.920013
290.920013
290.920013
290.920013
290.920013
290.920013
290.920013
290.920013
290.920013
290.920013
290.920013
290.920013
290.920013
290.920013
290.920013
290.920013
290.920013
290.920013
290.920013
290.920013
290.920013
290.380005
289.299988
289.299988
289.299988
289.299988
289.299988
289.299988
289.299988
289.299988
289.299988
289.299988
289.299988
289.299988
289.299988
289.299988
289.299988
289.299988
289.299988
289.299988
289.299988
289.299988
289.299988
289.160004
288.269989
287.970001
287.970001
287.970001
287.970001
288.140015
288.299988
288.380005
289.769989
290.119995
290.119995
290.119995
291.579987
291.579987
291.579987
291.579987
291.579987
291.579987
291.579987
291.579987
291.579987
291.579987
291.579987
291.579987
291.579987
291.579987
291.579987
291.579987
291.579987
291.579987
291.579987
291.579987
291.579987
290.700012
290.700012
288.200012
288.200012
287.899994
287.899994
287.000000
286.450012
285.350006
285.350006
285.350006
285.350006
285.350006
285.350006
285.350006
285.350006
285.350006
285.350006
285.350006
285.350006
285.350006
285.350006
285.350006
285.350006
285.350006
285.350006
285.350006
285.350006
285.350006
283.989990
283.989990
284.890015
284.890015
284.890015
284.890015
284.890015
284.989990
286.200012
286.200012
286.200012
286.200012
286.200012
286.200012
286.200012
286.200012
286.200012
286.200012
286.200012
286.200012
286.200012
286.200012
286.200012
286.200012
286.200012
286.200012
286.200012
286.200012
286.200012
284.290009
284.440002
284.890015
284.890015
285.670013
285.670013
285.679993
289.429993
289.429993
289.429993
289.429993
289.429993
289.429993
289.429993
289.429993
289.429993
289.429993
289.429993
289.429993
290.029999
290.029999
291.480011
291.799988
291.850006
291.880005
292.000000
292.290009
292.299988
292.399994
292.399994
292.399994
292.399994
292.399994
292.399994
292.399994
292.399994
292.399994
292.399994
292.399994
292.399994
292.399994
292.399994
292.399994
293.070007
293.070007
293.070007
293.290009
293.820007
294.390015
294.720001
294.720001
294.720001
294.720001
294.720001
294.720001
294.720001
294.720001
294.720001
294.720001
294.720001
294.720001
294.720001
294.720001
294.720001
294.720001
294.720001
294.720001
294.720001
294.720001
294.720001
294.420013
294.420013
294.420013
294.420013
294.420013
294.420013
294.500000
295.720001
295.720001
295.720001
295.720001
295.720001
295.720001
295.720001
295.720001
295.720001
295.720001
295.720001
295.720001
295.720001
295.720001
295.720001
295.720001
295.720001
295.720001
295.720001
295.720001
295.720001
294.089996
294.089996
294.089996
294.089996
294.089996
294.089996
294.089996
294.089996
294.089996
293.899994
293.700012
293.700012
293.700012
293.500000
292.750000
292.750000
292.750000
292.750000
292.750000
292.750000
292.750000
292.750000
292.750000
292.750000
292.750000
292.750000
292.750000
292.750000
288.000000
288.000000
288.000000
288.000000
288.000000
288.000000
288.000000
288.000000
288.000000
288.000000
288.000000
288.000000
288.000000
288.000000
288.000000
288.000000
288.000000
288.000000
288.000000
286.980011
287.190002
288.299988
288.940002
289.500000
289.570007
289.570007
289.809998
290.950012
291.200012
291.200012
291.200012
291.200012
291.200012
291.200012
291.200012
291.200012
291.200012
291.200012
291.200012
291.200012
291.200012
291.200012
291.200012
291.200012
291.200012
291.200012
291.200012
291.200012
291.200012
290.200012
290.100006
290.100006
289.450012
288.299988
287.119995
286.309998
286.309998
286.309998
286.309998
286.309998
286.309998
286.309998
286.309998
286.309998
286.309998
286.000000
285.790009
285.790009
285.790009
285.790009
285.790009
285.790009
285.790009
285.790009
290.100006
290.100006
290.500000
291.399994
293.250000
293.250000
293.250000
293.250000
293.250000
293.500000
293.500000
293.500000
293.500000
293.500000
293.500000
293.500000
293.500000
293.500000
293.880005
293.880005
293.880005
293.880005
293.880005
293.880005
293.880005
293.880005
293.880005
293.880005
293.880005
293.880005
293.880005
293.880005
293.880005
293.880005
293.880005
293.880005
293.880005
293.880005
293.880005
292.920013
292.660004
292.660004
292.660004
292.660004
292.660004
292.660004
292.600006
291.929993
291.929993
291.929993
291.929993
291.929993
291.839996
287.489990
287.489990
287.489990
287.489990
287.489990
287.489990
287.489990
287.489990
287.489990
287.489990
287.489990
287.489990
287.489990
287.489990
286.380005
286.380005
286.380005
286.380005
286.380005
286.690002
288.000000
288.000000
288.000000
288.000000
288.000000
288.000000
288.000000
288.000000
288.000000
288.000000
288.000000
288.000000
288.000000
288.000000
288.000000
288.000000
288.000000
288.000000
288.000000
288.000000
288.000000
287.690002
286.380005
286.380005
286.380005
286.380005
286.380005
286.380005
286.380005
286.380005
285.489990
285.489990
285.489990
284.119995
284.119995
283.390015
282.630005
281.959991
281.959991
281.959991
281.959991
281.959991
281.959991
281.959991
281.959991
281.959991
281.959991
281.959991
281.959991
281.959991
281.959991
281.959991
283.399994
283.730011
283.829987
283.829987
283.829987
283.829987
283.829987
283.829987
283.829987
283.829987
283.829987
283.829987
283.829987
283.829987
283.829987
283.829987
283.829987
283.829987
283.829987
283.829987
283.829987
283.829987
283.829987
283.279999
283.160004
282.230011
282.230011
280.000000
280.000000
280.000000
280.000000
280.000000
280.000000
279.690002
278.690002
277.940002
277.630005
275.070007
275.070007
274.730011
274.730011
274.730011
274.730011
274.730011
274.730011
274.730011
274.730011
274.130005
273.700012
273.700012
273.700012
273.700012
273.820007
275.190002
276.480011
276.480011
276.480011
276.480011
276.480011
276.480011
276.480011
276.480011
276.480011
276.480011
276.480011
276.480011
276.480011
276.480011
276.480011
276.480011
276.480011
276.480011
276.480011
276.480011
276.480011
276.200012
276.200012
276.200012
276.200012
276.200012
276.200012
275.100006
274.459991
274.459991
274.459991
274.459991
274.459991
274.459991
274.459991
274.459991
274.459991
274.459991
274.459991
274.459991
274.459991
274.459991
274.459991
274.459991
274.459991
274.459991
274.459991
274.200012
274.200012
274.200012
274.200012
271.730011
271.730011
271.730011
271.730011
271.500000
272.100006
272.809998
272.809998
272.809998
272.809998
272.809998
272.809998
272.809998
272.809998
272.809998
272.809998
272.809998
272.809998
272.809998
272.809998
272.809998
272.809998
272.809998
272.809998
272.809998
272.809998
272.809998
272.459991
272.459991
272.459991
272.459991
272.459991
272.459991
272.459991
272.459991
272.820007
274.869995
275.070007
275.070007
275.070007
275.070007
275.070007
275.070007
275.070007
275.070007
275.070007
275.070007
275.070007
275.070007
275.070007
275.070007
275.070007
275.070007
275.070007
275.070007
275.070007
275.070007
275.070007
274.799988
274.799988
274.470001
274.399994
272.799988
0.000000
0.000000
0.000000
0.000000
0.000000
0.000000
0.000000
0.000000
0.000000
0.000000
0.000000
