1708448400000 1708462200000 3290.00000000 3314.60000000 3318.60000000 3275.20000000 1348664101.60000000 408900.00000000
1708434000000 1708448340000 3365.80000000 3290.00000000 3371.60000000 3273.80000000 2540497157.80000000 765913.00000000
1708419600000 1708433940000 3362.00000000 3365.80000000 3389.00000000 3336.40000000 1888182985.00000000 561109.00000000
1708412400000 1708419540000 3311.00000000 3361.80000000 3392.80000000 3280.00000000 3227925449.80000000 964949.00000000
1708362000000 1708375800000 3351.20000000 3310.40000000 3354.00000000 3282.60000000 2290195380.80000000 690646.00000000
1708347600000 1708361940000 3392.60000000 3351.20000000 3394.80000000 3338.00000000 1010928297.20000000 299926.00000000
1708333200000 1708347540000 3399.80000000 3392.60000000 3409.60000000 3358.00000000 1754410726.00000000 518307.00000000
1708326000000 1708333140000 3424.80000000 3399.80000000 3444.00000000 3390.00000000 1461427481.80000000 428193.00000000
1708102800000 1708116600000 3417.00000000 3417.00000000 3420.00000000 3403.60000000 412431766.00000000 120867.00000000
1708088400000 1708102740000 3400.00000000 3418.00000000 3437.00000000 3386.00000000 1998261444.40000000 584729.00000000
1708074000000 1708088340000 3423.80000000 3399.80000000 3444.80000000 3362.00000000 4595036867.40000000 1353222.00000000
1708066800000 1708073940000 3445.00000000 3423.20000000 3464.00000000 3420.80000000 1368421723.60000000 397774.00000000
1708016400000 1708030200000 3450.00000000 3444.20000000 3457.20000000 3432.60000000 473449177.40000000 137453.00000000
1708002000000 1708016340000 3460.40000000 3452.20000000 3497.40000000 3430.60000000 2927077518.40000000 844396.00000000
1707987600000 1708001940000 3416.40000000 3461.00000000 3494.00000000 3403.00000000 4514486692.60000000 1307138.00000000
1707980400000 1707987540000 3440.60000000 3416.40000000 3462.00000000 3393.20000000 2086992850.20000000 610167.00000000
1707930000000 1707943800000 3454.40000000 3439.40000000 3454.40000000 3392.20000000 1985765945.00000000 579921.00000000
1707915600000 1707929940000 3456.00000000 3455.20000000 3470.00000000 3440.20000000 1144093039.80000000 331371.00000000
1707901200000 1707915540000 3458.80000000 3455.60000000 3490.00000000 3438.00000000 3001101782.20000000 866060.00000000
1707894000000 1707901140000 3483.00000000 3459.00000000 3543.80000000 3432.60000000 5747942218.40000000 1646886.00000000
1707843600000 1707857400000 3472.00000000 3477.00000000 3497.40000000 3458.00000000 2419564147.40000000 694656.00000000
1707829200000 1707843540000 3413.20000000 3472.20000000 3479.80000000 3401.80000000 6183405490.40000000 1792580.00000000
1707814800000 1707829140000 3373.40000000 3413.00000000 3423.40000000 3366.00000000 2584802217.40000000 760937.00000000
1707807600000 1707814740000 3320.00000000 3374.00000000 3393.60000000 3292.40000000 2864895411.40000000 855634.00000000
1707757200000 1707771000000 3287.00000000 3304.60000000 3317.00000000 3285.00000000 843553219.40000000 255396.00000000
1707742800000 1707757140000 3279.00000000 3286.40000000 3290.00000000 3261.20000000 512208510.80000000 156206.00000000
1707728400000 1707742740000 3267.00000000 3279.00000000 3306.80000000 3246.00000000 1803217881.00000000 549978.00000000
1707721200000 1707728340000 3296.00000000 3266.20000000 3314.00000000 3226.00000000 2285876019.80000000 701324.00000000
1707498000000 1707511800000 3233.00000000 3290.40000000 3310.00000000 3225.00000000 1244181465.20000000 381277.00000000
1707483600000 1707497940000 3267.20000000 3233.20000000 3278.40000000 3204.00000000 3901480474.40000000 1204603.00000000
1707469200000 1707483540000 3281.20000000 3267.00000000 3296.60000000 3264.00000000 1062986769.80000000 324615.00000000
1707462000000 1707469140000 3321.20000000 3282.00000000 3340.00000000 3248.20000000 2689209171.80000000 818270.00000000
1707411600000 1707425400000 3280.20000000 3306.20000000 3308.00000000 3278.00000000 1217412849.00000000 369592.00000000
1707397200000 1707411540000 3348.40000000 3280.00000000 3349.80000000 3261.20000000 3729361661.20000000 1129917.00000000
1707382800000 1707397140000 3345.60000000 3348.20000000 3372.20000000 3242.80000000 12773159699.80000000 3862135.00000000
1707375600000 1707382680000 3339.00000000 3347.60000000 3432.00000000 3323.00000000 14228447404.80000000 4214837.00000000
1707325200000 1707339000000 3290.60000000 3325.00000000 3363.60000000 3280.20000000 5725216813.80000000 1720959.00000000
1707310800000 1707325140000 3258.00000000 3290.20000000 3308.00000000 3256.40000000 4021402661.00000000 1223490.00000000
1707296400000 1707310740000 3267.00000000 3258.00000000 3313.20000000 3238.00000000 8958910442.20000000 2734170.00000000
1707289200000 1707296340000 3118.20000000 3267.00000000 3268.00000000 3110.40000000 6935627194.00000000 2174117.00000000
1707238800000 1707252600000 3113.80000000 3108.60000000 3115.00000000 3091.00000000 1024682221.20000000 329975.00000000
1707224400000 1707238740000 3069.20000000 3113.80000000 3137.00000000 3062.40000000 5033667720.00000000 1622766.00000000
1707210000000 1707224340000 3035.20000000 3069.20000000 3074.00000000 3033.20000000 2167410462.60000000 709953.00000000
1707202800000 1707209940000 3044.00000000 3035.60000000 3071.80000000 3019.20000000 2511141197.00000000 826607.00000000
1707152400000 1707166200000 3062.60000000 3047.00000000 3070.00000000 3035.00000000 1287954814.40000000 422350.00000000
1707138000000 1707152340000 3047.20000000 3062.60000000 3081.00000000 3030.00000000 4501278727.20000000 1473796.00000000
1707123600000 1707137940000 2921.20000000 3047.20000000 3067.00000000 2913.40000000 10716068338.20000000 3576845.00000000
1707116400000 1707123540000 2900.00000000 2921.20000000 3086.60000000 2870.00000000 17053202996.00000000 5708680.00000000
1706904720000 1706907000000 3157.60000000 3163.00000000 3164.00000000 3153.60000000 368473250.20000000 116655.00000000
1706893200000 1706904660000 3092.60000000 3157.80000000 3169.60000000 3088.20000000 3685287162.60000000 1172275.00000000
1706878800000 1706893140000 3098.60000000 3092.60000000 3117.60000000 3078.00000000 1490835255.00000000 480496.00000000
1706864400000 1706878740000 3083.00000000 3099.00000000 3107.00000000 3059.80000000 2253775233.40000000 730859.00000000
1706857200000 1706864340000 3118.80000000 3082.80000000 3118.80000000 3082.00000000 1581652627.40000000 511162.00000000
1706806800000 1706820600000 3099.80000000 3108.00000000 3108.00000000 3081.60000000 680236612.40000000 219760.00000000
1706792400000 1706806740000 3113.60000000 3099.80000000 3119.20000000 3086.40000000 1568562180.60000000 505660.00000000
1706778000000 1706792340000 3103.60000000 3113.60000000 3124.00000000 3084.00000000 2128908714.20000000 685806.00000000
1706770800000 1706777940000 3025.00000000 3103.20000000 3130.00000000 3002.20000000 4090647780.20000000 1329484.00000000
1706720400000 1706734200000 3032.60000000 3026.00000000 3051.80000000 3019.40000000 675615352.80000000 222835.00000000
1706706000000 1706720340000 3032.60000000 3032.80000000 3053.00000000 3023.60000000 1061917727.00000000 349817.00000000
1706691600000 1706705940000 3048.00000000 3032.60000000 3064.00000000 3021.20000000 2304077131.20000000 758002.00000000
1706684400000 1706691540000 3100.00000000 3048.20000000 3117.80000000 3031.20000000 3248082335.60000000 1059057.00000000
1706634000000 1706647800000 3086.40000000 3078.00000000 3089.20000000 3052.80000000 2697406743.00000000 878916.00000000
1706619600000 1706633940000 3060.00000000 3087.00000000 3138.80000000 3060.00000000 7529609002.20000000 2429372.00000000
1706605200000 1706619540000 2978.20000000 3060.20000000 3069.00000000 2975.20000000 4385378876.60000000 1451490.00000000
1706598000000 1706605140000 2999.00000000 2978.00000000 3030.80000000 2966.00000000 4585756315.80000000 1530748.00000000
1706547600000 1706561400000 2968.20000000 2995.00000000 2996.60000000 2958.40000000 2150905267.40000000 722502.00000000
1706533200000 1706547540000 2924.80000000 2968.20000000 2968.20000000 2911.20000000 2199243628.20000000 749608.00000000
1706518800000 1706533140000 2910.00000000 2924.40000000 2929.60000000 2907.00000000 1350027208.40000000 462520.00000000
1706511600000 1706518740000 2900.00000000 2910.20000000 2940.00000000 2896.40000000 3738879068.40000000 1280939.00000000
1706288400000 1706302200000 2862.40000000 2873.00000000 2880.00000000 2857.00000000 590422621.60000000 205982.00000000
1706274000000 1706288340000 2851.40000000 2862.60000000 2877.40000000 2841.20000000 1474527952.20000000 515382.00000000
1706259600000 1706273940000 2854.00000000 2851.40000000 2895.00000000 2838.80000000 3537487176.20000000 1233953.00000000
1706252400000 1706259540000 2789.40000000 2854.20000000 2883.00000000 2778.80000000 6208011474.20000000 2181750.00000000
1706202000000 1706215800000 2777.00000000 2779.00000000 2779.00000000 2744.40000000 1181989995.40000000 427465.00000000
1706187600000 1706201940000 2674.00000000 2777.20000000 2798.00000000 2670.20000000 4596168009.80000000 1676130.00000000
1706173200000 1706187540000 2668.00000000 2674.00000000 2682.20000000 2663.80000000 846554731.80000000 316709.00000000
1706166000000 1706173140000 2650.00000000 2668.00000000 2677.00000000 2633.60000000 992514027.40000000 373000.00000000
1706115600000 1706129400000 2643.00000000 2645.80000000 2648.40000000 2642.40000000 81384134.60000000 30770.00000000
1706101200000 1706115540000 2640.40000000 2643.00000000 2654.80000000 2638.20000000 431292796.80000000 163022.00000000
1706086800000 1706101140000 2646.20000000 2640.80000000 2658.80000000 2630.40000000 928256608.20000000 350759.00000000
1706079600000 1706086740000 2636.00000000 2646.20000000 2649.00000000 2615.00000000 714746322.60000000 271430.00000000
1706029200000 1706043000000 2620.80000000 2635.40000000 2635.40000000 2620.00000000 159657887.60000000 60746.00000000
1706014800000 1706029140000 2622.80000000 2621.00000000 2627.20000000 2612.40000000 409529044.60000000 156369.00000000
1706000400000 1706014740000 2628.80000000 2622.80000000 2639.80000000 2612.20000000 947178398.00000000 360655.00000000
1705993200000 1706000340000 2661.00000000 2628.80000000 2690.00000000 2620.00000000 2856195893.00000000 1077057.00000000
1705942800000 1705956600000 2596.40000000 2601.00000000 2603.00000000 2589.00000000 96131330.00000000 37019.00000000
1705928400000 1705942740000 2598.00000000 2595.60000000 2599.60000000 2582.20000000 223119484.60000000 86022.00000000
1705914000000 1705928340000 2580.60000000 2598.20000000 2615.40000000 2580.20000000 703046115.80000000 270155.00000000
1705906800000 1705913940000 2573.00000000 2580.80000000 2589.00000000 2551.00000000 414098320.60000000 161121.00000000
1705683600000 1705697400000 2576.40000000 2569.80000000 2576.60000000 2550.00000000 270869645.80000000 105685.00000000
1705669200000 1705683540000 2565.00000000 2576.40000000 2586.40000000 2562.40000000 328262881.60000000 127526.00000000
1705654800000 1705669140000 2578.40000000 2565.60000000 2588.80000000 2560.00000000 396095217.00000000 153973.00000000
1705647600000 1705654740000 2607.00000000 2578.40000000 2607.00000000 2555.40000000 1080489117.60000000 419185.00000000
1705597200000 1705611000000 2616.80000000 2595.80000000 2618.40000000 2590.80000000 153996777.60000000 59143.00000000
1705582800000 1705597140000 2609.20000000 2616.00000000 2626.00000000 2594.40000000 700022027.80000000 268372.00000000
1705568400000 1705582740000 2635.40000000 2609.80000000 2641.80000000 2603.40000000 1032787446.00000000 394775.00000000
1705561200000 1705568340000 2654.40000000 2635.40000000 2660.00000000 2633.40000000 271314230.00000000 102593.00000000
1705510800000 1705524600000 2646.80000000 2652.40000000 2652.40000000 2646.00000000 81514407.80000000 30772.00000000
1705496400000 1705510740000 2651.20000000 2646.80000000 2656.00000000 2640.60000000 319652962.80000000 120712.00000000
1705482000000 1705496340000 2649.40000000 2651.00000000 2659.00000000 2640.40000000 330699217.00000000 124821.00000000
1705474800000 1705481940000 2639.60000000 2649.20000000 2674.80000000 2635.20000000 579029561.00000000 217612.00000000
1705424400000 1705438200000 2647.00000000 2647.20000000 2654.20000000 2642.40000000 116864551.20000000 44140.00000000
1705410000000 1705424340000 2647.60000000 2647.00000000 2656.00000000 2632.00000000 518307841.60000000 196007.00000000
1705395600000 1705409940000 2667.00000000 2647.80000000 2682.60000000 2630.60000000 1033963379.20000000 389262.00000000
1705388400000 1705395540000 2699.00000000 2667.00000000 2699.00000000 2651.20000000 866580319.80000000 324228.00000000
1705338000000 1705351800000 2675.20000000 2690.20000000 2691.00000000 2671.80000000 218355152.80000000 81423.00000000
1705323600000 1705337940000 2677.60000000 2675.40000000 2683.20000000 2670.00000000 353265284.00000000 131997.00000000
1705309200000 1705323540000 2676.60000000 2677.60000000 2695.00000000 2666.00000000 964397719.20000000 360008.00000000
1705302000000 1705309140000 2645.00000000 2676.00000000 2687.80000000 2642.20000000 1151751520.00000000 431220.00000000
1705078800000 1705092600000 2626.60000000 2631.00000000 2639.00000000 2624.60000000 153859666.80000000 58474.00000000
1705064400000 1705078740000 2623.60000000 2626.60000000 2644.00000000 2621.00000000 686673779.00000000 260694.00000000
1705050000000 1705064340000 2634.20000000 2623.60000000 2634.20000000 2613.20000000 516043825.40000000 196671.00000000
1705042800000 1705049940000 2610.00000000 2634.80000000 2634.80000000 2606.00000000 603940048.60000000 230767.00000000
1704992400000 1705006200000 2604.80000000 2605.00000000 2611.00000000 2598.60000000 167267266.00000000 64196.00000000
1704978000000 1704992340000 2598.20000000 2604.60000000 2614.60000000 2586.80000000 525502424.20000000 201983.00000000
1704963600000 1704977940000 2593.80000000 2598.40000000 2605.00000000 2590.40000000 525570453.40000000 202152.00000000
1704956400000 1704963540000 2587.00000000 2593.80000000 2597.80000000 2583.60000000 212122955.00000000 81883.00000000
1704906000000 1704919800000 2592.20000000 2586.40000000 2594.60000000 2584.00000000 114691309.60000000 44299.00000000
1704891600000 1704905940000 2593.40000000 2592.20000000 2609.60000000 2590.00000000 364372838.00000000 140188.00000000
1704877200000 1704891540000 2596.20000000 2593.00000000 2600.00000000 2573.40000000 509201835.80000000 196816.00000000
1704870000000 1704877140000 2607.00000000 2596.20000000 2615.20000000 2589.60000000 371452109.00000000 142952.00000000
1704819600000 1704833400000 2606.20000000 2607.00000000 2610.00000000 2602.40000000 147119513.60000000 56453.00000000
1704805200000 1704819540000 2592.00000000 2605.60000000 2614.40000000 2586.00000000 430122824.80000000 165373.00000000
1704790800000 1704805140000 2594.60000000 2591.80000000 2604.20000000 2585.80000000 404938562.40000000 156103.00000000
1704783600000 1704790740000 2629.80000000 2593.00000000 2629.80000000 2584.00000000 647048183.80000000 248658.00000000
1704733200000 1704747000000 2603.80000000 2611.00000000 2612.20000000 2600.60000000 143102372.60000000 54921.00000000
1704718800000 1704733140000 2610.80000000 2603.20000000 2615.60000000 2598.00000000 469524482.20000000 180218.00000000
1704704400000 1704718740000 2594.00000000 2610.60000000 2618.80000000 2588.40000000 560496856.60000000 215113.00000000
1704697200000 1704704340000 2584.00000000 2593.80000000 2608.00000000 2579.20000000 575523716.20000000 221669.00000000
1704474000000 1704487800000 2574.00000000 2576.80000000 2579.20000000 2572.00000000 69363901.80000000 26930.00000000
1704459600000 1704473940000 2572.00000000 2574.00000000 2575.60000000 2569.00000000 86451185.80000000 33609.00000000
1704445200000 1704459540000 2578.00000000 2572.00000000 2578.20000000 2567.00000000 137341876.60000000 53414.00000000
1704438000000 1704445140000 2568.40000000 2577.20000000 2586.60000000 2566.20000000 386649643.60000000 150096.00000000
1704387600000 1704401400000 2565.00000000 2568.00000000 2568.60000000 2561.20000000 74139956.80000000 28901.00000000
1704373200000 1704387540000 2570.40000000 2565.00000000 2572.60000000 2554.40000000 336754577.80000000 131434.00000000
1704358800000 1704373140000 2572.80000000 2570.20000000 2578.60000000 2562.40000000 197933739.20000000 76985.00000000
1704351600000 1704358740000 2570.40000000 2573.00000000 2580.40000000 2561.20000000 411817310.20000000 160365.00000000
1704301200000 1704315000000 2574.00000000 2581.00000000 2584.00000000 2572.20000000 146646874.60000000 56869.00000000
1704286800000 1704301140000 2569.60000000 2574.20000000 2578.00000000 2569.20000000 167381406.40000000 65051.00000000
1704272400000 1704286740000 2585.60000000 2569.60000000 2586.00000000 2569.00000000 316454004.20000000 122719.00000000
1704265200000 1704272340000 2560.00000000 2585.60000000 2593.00000000 2542.00000000 462078404.80000000 179262.00000000
1703869200000 1703883000000 2539.00000000 2540.00000000 2544.80000000 2531.00000000 222015095.60000000 87485.00000000
1703854800000 1703869140000 2541.80000000 2539.60000000 2554.80000000 2536.60000000 390088159.00000000 153245.00000000
1703840400000 1703854740000 2528.80000000 2540.40000000 2566.00000000 2521.00000000 837657617.40000000 329187.00000000
1703833200000 1703840340000 2535.00000000 2528.80000000 2542.60000000 2505.60000000 732386151.00000000 290542.00000000
1703782800000 1703796600000 2545.20000000 2531.20000000 2545.20000000 2522.40000000 351512696.00000000 138727.00000000
1703768400000 1703782740000 2532.80000000 2545.00000000 2550.00000000 2526.20000000 776733550.60000000 305757.00000000
1703754000000 1703768340000 2542.20000000 2532.80000000 2557.60000000 2520.00000000 1593065022.60000000 627812.00000000
1703752800000 1703753940000 2569.20000000 2542.00000000 2570.00000000 2537.00000000 349668173.80000000 137123.00000000
1703746800000 1703752740000 2594.20000000 2569.20000000 2610.00000000 2555.40000000 2312736518.40000000 895025.00000000
1703696400000 1703710200000 2553.40000000 2550.00000000 2574.60000000 2540.00000000 1282524655.60000000 501805.00000000
1703682000000 1703696340000 2483.60000000 2553.00000000 2554.40000000 2476.00000000 2599880164.00000000 1033913.00000000
1703667600000 1703681940000 2496.60000000 2483.40000000 2508.00000000 2463.60000000 1290174837.80000000 518970.00000000
1703660400000 1703667540000 2428.00000000 2496.60000000 2500.00000000 2428.00000000 1805492095.60000000 730462.00000000
1703610000000 1703623800000 2427.00000000 2427.60000000 2431.00000000 2420.60000000 179509541.00000000 74002.00000000
1703595600000 1703609940000 2408.40000000 2427.00000000 2439.80000000 2407.40000000 888685974.00000000 366538.00000000
1703581200000 1703595540000 2377.00000000 2408.60000000 2439.60000000 2365.00000000 1597950258.00000000 664776.00000000
1703574000000 1703581140000 2399.80000000 2376.80000000 2403.80000000 2361.00000000 1040712274.60000000 438358.00000000
1703523600000 1703537400000 2389.00000000 2396.60000000 2400.40000000 2369.00000000 484032814.00000000 202943.00000000
1703509200000 1703523540000 2411.80000000 2389.00000000 2427.60000000 2355.20000000 2982635135.00000000 1245054.00000000
1703494800000 1703509140000 2311.20000000 2410.80000000 2455.80000000 2297.00000000 5896124700.60000000 2459440.00000000
1703487600000 1703494740000 2300.00000000 2311.00000000 2318.60000000 2300.00000000 587256953.20000000 254426.00000000
1703264400000 1703278200000 2291.60000000 2295.80000000 2296.00000000 2290.00000000 159450007.80000000 69556.00000000
1703250000000 1703264340000 2285.60000000 2292.00000000 2298.00000000 2283.00000000 302789466.20000000 132192.00000000
1703235600000 1703249940000 2290.20000000 2285.60000000 2294.00000000 2273.00000000 773445738.60000000 338392.00000000
1703225040000 1703235540000 2265.50000000 2290.20000000 2303.80000000 2265.50000000 2221229942.60000000 977776.00000000
1703178000000 1703191800000 2266.00000000 2267.20000000 2275.00000000 2265.00000000 100102540.80000000 44106.00000000
1703163600000 1703177940000 2250.80000000 2266.00000000 2274.00000000 2250.20000000 482300245.20000000 213168.00000000
1703149200000 1703163540000 2261.40000000 2250.60000000 2276.00000000 2250.20000000 544414566.80000000 240580.00000000
1703142000000 1703149140000 2279.00000000 2261.60000000 2286.80000000 2245.20000000 1012599135.80000000 446553.00000000
1703091660000 1703105400000 2290.20000000 2288.80000000 2290.40000000 2277.00000000 159696896.20000000 69897.00000000
1703077200000 1703091540000 2306.40000000 2290.20000000 2309.60000000 2273.60000000 1175298106.60000000 513491.00000000
1703062800000 1703077140000 2292.00000000 2306.00000000 2310.00000000 2273.80000000 1872366418.40000000 816007.00000000
1703055600000 1703062740000 2247.00000000 2292.00000000 2318.80000000 2242.60000000 1945587747.40000000 850036.00000000
1703005200000 1703019000000 2251.80000000 2242.20000000 2255.00000000 2239.40000000 240217574.20000000 106912.00000000
1702990800000 1703005140000 2240.40000000 2251.80000000 2265.20000000 2237.00000000 661684656.80000000 293982.00000000
1702976400000 1702990740000 2256.00000000 2241.00000000 2274.00000000 2231.80000000 770484385.60000000 341185.00000000
1702969200000 1702976340000 2250.20000000 2256.00000000 2260.00000000 2240.80000000 354868853.20000000 157529.00000000
1702918800000 1702932600000 2239.60000000 2250.40000000 2253.00000000 2236.20000000 110219626.80000000 49102.00000000
1702904400000 1702918740000 2255.60000000 2239.00000000 2265.00000000 2217.40000000 568648623.20000000 252947.00000000
1702890000000 1702904340000 2241.00000000 2255.60000000 2271.00000000 2234.60000000 1363337662.40000000 605616.00000000
1702882800000 1702889940000 2228.80000000 2241.00000000 2255.00000000 2224.60000000 1078629274.80000000 481856.00000000
1702659600000 1702673400000 2219.20000000 2224.40000000 2228.00000000 2214.40000000 216711558.60000000 97566.00000000
1702645200000 1702659540000 2206.40000000 2219.00000000 2244.00000000 2189.00000000 1293941923.60000000 584205.00000000
1702630800000 1702645140000 2149.80000000 2206.40000000 2224.40000000 2149.80000000 1822116220.40000000 830588.00000000
1702623600000 1702630740000 2162.00000000 2150.00000000 2187.00000000 2116.20000000 1203785996.00000000 560328.00000000
1702573200000 1702587000000 2171.20000000 2157.60000000 2175.00000000 2140.00000000 690025371.40000000 319842.00000000
1702558800000 1702573140000 2215.40000000 2171.00000000 2223.20000000 2154.60000000 1163569441.20000000 531503.00000000
1702544400000 1702558740000 2232.00000000 2215.20000000 2232.60000000 2207.00000000 594028838.60000000 267540.00000000
1702537200000 1702544340000 2276.00000000 2232.00000000 2276.00000000 2212.40000000 984328771.00000000 439978.00000000
1702486800000 1702500600000 2259.80000000 2266.80000000 2266.80000000 2255.00000000 122889284.60000000 54333.00000000
1702472400000 1702486740000 2270.20000000 2258.80000000 2271.00000000 2248.40000000 388568521.40000000 172035.00000000
1702458000000 1702472340000 2261.80000000 2270.40000000 2288.00000000 2255.00000000 1065943109.80000000 469794.00000000
1702450800000 1702457940000 2243.00000000 2261.80000000 2270.00000000 2230.20000000 876211974.80000000 388735.00000000
1702400400000 1702414200000 2254.00000000 2257.00000000 2258.80000000 2233.20000000 206072529.80000000 91613.00000000
1702386000000 1702400340000 2258.80000000 2253.60000000 2284.40000000 2245.00000000 1465515708.20000000 648201.00000000
1702371600000 1702385940000 2225.00000000 2258.20000000 2265.80000000 2222.00000000 1405168302.80000000 625272.00000000
1702364400000 1702371540000 2218.00000000 2223.80000000 2251.80000000 2201.00000000 1153900898.20000000 518742.00000000
1702314000000 1702327800000 2227.00000000 2207.60000000 2232.00000000 2206.20000000 257916825.00000000 116238.00000000
1702299600000 1702313940000 2203.40000000 2226.40000000 2262.00000000 2195.20000000 1769705718.80000000 793690.00000000
1702285200000 1702299540000 2284.40000000 2203.40000000 2286.00000000 2191.40000000 1710200466.80000000 764332.00000000
1702278000000 1702285140000 2339.00000000 2284.00000000 2343.80000000 2263.40000000 941642873.60000000 411464.00000000
1702054800000 1702068600000 2359.60000000 2337.60000000 2360.00000000 2335.20000000 123089433.20000000 52465.00000000
1702040400000 1702054740000 2365.80000000 2359.60000000 2369.80000000 2351.60000000 274978792.00000000 116393.00000000
1702026000000 1702040340000 2360.60000000 2366.00000000 2385.00000000 2348.20000000 802620164.00000000 339537.00000000
1702018800000 1702025940000 2365.00000000 2360.60000000 2371.60000000 2346.20000000 445019579.40000000 188425.00000000
1701968400000 1701982200000 2324.40000000 2349.80000000 2355.00000000 2322.00000000 141426859.80000000 60544.00000000
1701954000000 1701968340000 2344.20000000 2323.00000000 2367.60000000 2319.00000000 666025294.80000000 284396.00000000
1701939600000 1701953940000 2338.80000000 2344.20000000 2360.00000000 2334.00000000 542441424.20000000 231038.00000000
1701932400000 1701939540000 2327.00000000 2337.60000000 2363.00000000 2296.20000000 1018117272.00000000 435893.00000000
1701882000000 1701895800000 2325.40000000 2320.60000000 2325.80000000 2301.00000000 613025124.80000000 264937.00000000
1701867600000 1701881940000 2389.40000000 2324.20000000 2397.60000000 2315.80000000 1284836900.80000000 544484.00000000
1701853200000 1701867540000 2396.40000000 2390.80000000 2399.00000000 2371.00000000 827119832.00000000 346610.00000000
1701846000000 1701853140000 2420.20000000 2396.40000000 2428.80000000 2391.80000000 328552454.60000000 136691.00000000
1701795600000 1701809400000 2409.00000000 2418.60000000 2420.00000000 2408.60000000 123968325.80000000 51316.00000000
1701781200000 1701795540000 2414.00000000 2411.40000000 2433.00000000 2394.80000000 509369077.00000000 211248.00000000
1701766800000 1701781140000 2401.60000000 2414.40000000 2424.40000000 2393.40000000 437028579.80000000 181092.00000000
1701759600000 1701766740000 2419.80000000 2401.60000000 2429.00000000 2385.00000000 486391997.00000000 201887.00000000
1701709200000 1701723000000 2382.00000000 2397.80000000 2405.60000000 2382.00000000 118897341.00000000 49643.00000000
1701694800000 1701709140000 2426.40000000 2382.20000000 2430.00000000 2382.00000000 713039157.20000000 296738.00000000
1701680400000 1701694740000 2383.40000000 2427.00000000 2436.80000000 2381.80000000 833770938.80000000 345888.00000000
1701673200000 1701680340000 2420.00000000 2383.40000000 2424.80000000 2365.60000000 1299957170.00000000 544167.00000000
1701450000000 1701463800000 2418.60000000 2420.60000000 2445.60000000 2410.00000000 453518932.00000000 186681.00000000
1701435600000 1701449940000 2473.80000000 2418.40000000 2478.80000000 2411.00000000 1609796216.40000000 657626.00000000
1701421200000 1701435540000 2541.00000000 2473.80000000 2547.00000000 2462.20000000 1729053327.60000000 692596.00000000
1701414000000 1701421140000 2525.00000000 2541.40000000 2548.00000000 2510.80000000 367548738.60000000 145139.00000000
1701363600000 1701377400000 2526.80000000 2523.40000000 2534.20000000 2522.40000000 172270175.20000000 68112.00000000
1701349200000 1701363540000 2573.60000000 2526.80000000 2576.80000000 2501.00000000 1112530892.80000000 438072.00000000
1701334800000 1701349140000 2577.80000000 2572.20000000 2588.00000000 2557.60000000 612981767.20000000 237887.00000000
1701327600000 1701334740000 2575.00000000 2578.00000000 2603.80000000 2569.00000000 911660801.60000000 352318.00000000
1701277200000 1701291000000 2579.80000000 2574.00000000 2584.20000000 2566.00000000 197616180.80000000 76803.00000000
1701262800000 1701277140000 2612.00000000 2579.60000000 2622.60000000 2563.60000000 1007897842.60000000 388709.00000000
1701248400000 1701262740000 2613.00000000 2612.80000000 2628.80000000 2602.00000000 763760797.00000000 291812.00000000
1701241200000 1701248340000 2602.00000000 2613.60000000 2617.80000000 2593.40000000 378771329.40000000 145409.00000000
1701190800000 1701204600000 2602.20000000 2602.60000000 2609.60000000 2594.60000000 136954129.40000000 52652.00000000
1701176400000 1701190740000 2617.00000000 2601.60000000 2625.00000000 2597.20000000 866295365.40000000 331954.00000000
1701162000000 1701176340000 2608.00000000 2616.80000000 2628.00000000 2591.00000000 483328678.40000000 185352.00000000
1701154800000 1701161940000 2599.40000000 2607.60000000 2625.00000000 2593.20000000 620833914.40000000 238052.00000000
1701104400000 1701118200000 2598.80000000 2593.20000000 2607.20000000 2587.00000000 449272435.40000000 173041.00000000
1701090000000 1701104340000 2654.20000000 2598.60000000 2654.40000000 2597.00000000 1822869506.40000000 695313.00000000
1701075600000 1701089940000 2625.00000000 2654.20000000 2659.40000000 2615.00000000 1690350109.00000000 639862.00000000
1701068400000 1701075540000 2593.40000000 2625.00000000 2643.60000000 2592.20000000 1036235033.80000000 395601.00000000
1700845200000 1700859000000 2590.00000000 2594.60000000 2599.20000000 2586.00000000 120502706.20000000 46465.00000000
1700830800000 1700845140000 2588.40000000 2590.00000000 2616.40000000 2577.20000000 1007513310.60000000 387602.00000000
1700816400000 1700830740000 2565.00000000 2587.80000000 2604.80000000 2562.20000000 1098664870.80000000 425033.00000000
1700809200000 1700816340000 2569.80000000 2566.00000000 2585.00000000 2560.00000000 377680667.20000000 146802.00000000
1700758800000 1700772600000 2562.80000000 2559.20000000 2567.20000000 2540.00000000 248338997.40000000 97232.00000000
1700744400000 1700758740000 2577.00000000 2562.40000000 2577.00000000 2553.00000000 262356027.60000000 102161.00000000
1700730000000 1700744340000 2588.00000000 2576.80000000 2590.80000000 2561.80000000 590318017.60000000 228832.00000000
1700722800000 1700729940000 2583.00000000 2588.00000000 2598.00000000 2577.40000000 405355594.60000000 156575.00000000
1700672400000 1700686200000 2576.00000000 2573.40000000 2578.00000000 2570.00000000 123798850.20000000 48095.00000000
1700658000000 1700672340000 2592.20000000 2576.20000000 2594.60000000 2568.00000000 472415209.80000000 183232.00000000
1700643600000 1700657940000 2586.40000000 2592.00000000 2592.00000000 2578.00000000 267742120.80000000 103595.00000000
1700636400000 1700643540000 2578.60000000 2586.20000000 2599.00000000 2576.00000000 391578530.40000000 151235.00000000
1700586000000 1700599800000 2575.60000000 2572.60000000 2580.00000000 2572.00000000 74920083.00000000 29095.00000000
1700571600000 1700585940000 2578.00000000 2575.60000000 2583.00000000 2570.80000000 270194702.40000000 104770.00000000
1700557200000 1700571540000 2573.80000000 2577.80000000 2581.80000000 2563.00000000 268515939.80000000 104276.00000000
1700550000000 1700557140000 2570.00000000 2574.00000000 2587.80000000 2566.20000000 265466871.00000000 102957.00000000
1700499600000 1700513400000 2579.40000000 2573.40000000 2580.80000000 2572.00000000 73351392.80000000 28474.00000000
1700485200000 1700499540000 2581.60000000 2579.60000000 2589.20000000 2571.00000000 311827590.00000000 120797.00000000
1700470800000 1700485140000 2578.80000000 2580.80000000 2589.00000000 2569.80000000 450300600.40000000 174561.00000000
1700463600000 1700470740000 2572.40000000 2578.20000000 2584.00000000 2557.00000000 641864631.20000000 249714.00000000
1700240400000 1700254200000 2576.60000000 2572.00000000 2579.00000000 2571.40000000 53364003.60000000 20726.00000000
1700226000000 1700240340000 2580.00000000 2576.80000000 2585.00000000 2566.40000000 406980136.20000000 157875.00000000
1700211600000 1700225940000 2555.20000000 2580.60000000 2585.00000000 2548.00000000 419144462.40000000 163375.00000000
1700204400000 1700211540000 2569.00000000 2556.00000000 2593.60000000 2546.00000000 348617487.80000000 135645.00000000
1700154000000 1700167800000 2582.80000000 2569.00000000 2587.20000000 2564.60000000 186515017.80000000 72481.00000000
1700139600000 1700153940000 2592.00000000 2581.00000000 2606.20000000 2573.20000000 768586038.00000000 296503.00000000
1700125200000 1700139540000 2585.60000000 2592.00000000 2599.00000000 2570.60000000 1076669340.00000000 416974.00000000
1700118000000 1700125140000 2620.00000000 2585.40000000 2631.20000000 2582.00000000 977643766.00000000 376228.00000000
1700067600000 1700081400000 2618.00000000 2620.00000000 2624.60000000 2616.20000000 128328355.40000000 48979.00000000
1700053200000 1700067540000 2614.40000000 2617.60000000 2625.00000000 2612.40000000 503334093.00000000 192134.00000000
1700038800000 1700053140000 2618.60000000 2614.20000000 2629.60000000 2604.60000000 794097900.40000000 303285.00000000
1700031600000 1700038740000 2590.00000000 2617.60000000 2651.80000000 2590.00000000 849273246.60000000 323326.00000000
1699981200000 1699995000000 2625.00000000 2600.00000000 2634.40000000 2600.00000000 839844826.60000000 320829.00000000
1699966800000 1699981140000 2552.00000000 2625.00000000 2677.80000000 2551.80000000 4205285235.60000000 1595788.00000000
1699952400000 1699966740000 2556.80000000 2551.80000000 2566.60000000 2531.60000000 486804362.60000000 190872.00000000
1699945200000 1699952340000 2571.00000000 2556.80000000 2584.80000000 2539.40000000 502321012.80000000 196659.00000000
1699894800000 1699908600000 2588.80000000 2577.20000000 2588.80000000 2568.60000000 206520007.80000000 80087.00000000
1699880400000 1699894740000 2587.20000000 2588.80000000 2592.80000000 2582.60000000 332433698.80000000 128461.00000000
1699866000000 1699880340000 2595.80000000 2586.20000000 2598.60000000 2575.00000000 335732861.40000000 129928.00000000
1699858800000 1699865940000 2598.00000000 2595.80000000 2599.80000000 2575.80000000 344155541.60000000 132969.00000000
1699635600000 1699649400000 2595.40000000 2598.80000000 2602.40000000 2594.20000000 98174184.00000000 37804.00000000
1699621200000 1699635540000 2595.20000000 2595.20000000 2604.40000000 2593.00000000 242088755.80000000 93181.00000000
1699606800000 1699621140000 2606.60000000 2596.00000000 2608.00000000 2590.00000000 311050184.20000000 119845.00000000
1699599600000 1699606740000 2619.00000000 2605.60000000 2620.00000000 2587.80000000 248624842.60000000 95532.00000000
1699549200000 1699563000000 2610.40000000 2611.60000000 2620.00000000 2607.60000000 113843346.80000000 43571.00000000
1699534800000 1699549140000 2607.60000000 2612.20000000 2623.40000000 2589.00000000 573337034.00000000 219649.00000000
1699520400000 1699534740000 2603.00000000 2607.60000000 2615.20000000 2590.00000000 321788805.80000000 123677.00000000
1699513200000 1699520340000 2619.00000000 2602.80000000 2621.40000000 2582.60000000 513161438.80000000 197196.00000000
1699462800000 1699476600000 2633.00000000 2614.80000000 2640.20000000 2605.00000000 480419304.60000000 183439.00000000
1699448400000 1699462740000 2639.80000000 2633.00000000 2647.00000000 2630.00000000 298414944.40000000 113112.00000000
1699434000000 1699448340000 2655.40000000 2639.00000000 2659.00000000 2630.00000000 396732741.40000000 150205.00000000
1699426800000 1699433940000 2639.00000000 2655.60000000 2661.80000000 2625.40000000 393331222.20000000 148656.00000000
1699376400000 1699390200000 2633.00000000 2633.20000000 2636.60000000 2628.20000000 79754833.20000000 30284.00000000
1699362000000 1699376340000 2628.80000000 2632.40000000 2638.00000000 2627.60000000 246998225.80000000 93786.00000000
1699347600000 1699361940000 2629.80000000 2627.80000000 2633.40000000 2616.60000000 258053064.40000000 98252.00000000
1699340400000 1699347540000 2638.00000000 2629.80000000 2645.00000000 2624.00000000 224604941.20000000 85244.00000000
1699290000000 1699303800000 2632.80000000 2638.00000000 2638.00000000 2622.00000000 124436160.00000000 47344.00000000
1699275600000 1699289940000 2623.00000000 2632.80000000 2653.20000000 2622.60000000 205425463.00000000 77982.00000000
1699261200000 1699275540000 2632.60000000 2622.80000000 2637.00000000 2620.60000000 234929937.60000000 89336.00000000
1699254000000 1699261140000 2612.80000000 2632.60000000 2636.60000000 2606.20000000 224605610.00000000 85556.00000000
1699030800000 1699044600000 2608.40000000 2613.00000000 2616.00000000 2607.00000000 156115509.80000000 59768.00000000
1699016400000 1699030740000 2615.00000000 2609.00000000 2617.20000000 2600.00000000 256081534.60000000 98061.00000000
1699002000000 1699016340000 2608.40000000 2615.00000000 2617.60000000 2594.20000000 584004581.20000000 224144.00000000
1698994800000 1699001940000 2633.60000000 2609.00000000 2638.20000000 2600.00000000 421025199.60000000 160864.00000000
1698944400000 1698958200000 2617.00000000 2625.60000000 2630.00000000 2614.00000000 127663206.80000000 48719.00000000
1698930000000 1698944340000 2634.40000000 2617.00000000 2639.00000000 2603.00000000 678144146.20000000 258948.00000000
1698915600000 1698929940000 2631.60000000 2634.60000000 2645.00000000 2621.00000000 449393023.20000000 170853.00000000
1698908400000 1698915540000 2649.80000000 2631.00000000 2665.00000000 2622.20000000 430509344.40000000 162870.00000000
1698858000000 1698871800000 2640.40000000 2639.80000000 2642.20000000 2620.00000000 206722523.40000000 78522.00000000
1698843600000 1698857940000 2647.20000000 2641.00000000 2655.80000000 2631.80000000 384924823.40000000 145625.00000000
1698829200000 1698843540000 2660.40000000 2647.20000000 2669.00000000 2641.00000000 615893286.80000000 232134.00000000
1698822000000 1698829140000 2611.80000000 2660.20000000 2672.20000000 2600.00000000 958239428.40000000 361864.00000000
1698771600000 1698785400000 2612.20000000 2612.00000000 2622.00000000 2602.00000000 205413368.40000000 78647.00000000
1698757200000 1698771540000 2593.40000000 2611.40000000 2640.00000000 2581.40000000 973630141.40000000 372829.00000000
1698742800000 1698757140000 2568.60000000 2595.40000000 2595.40000000 2560.80000000 588869004.40000000 228837.00000000
1698735600000 1698742740000 2595.00000000 2568.60000000 2604.40000000 2557.00000000 958030698.60000000 370910.00000000
1698685200000 1698699000000 2622.00000000 2603.60000000 2631.40000000 2600.20000000 263314113.20000000 100678.00000000
1698670800000 1698685140000 2631.80000000 2622.00000000 2655.00000000 2608.20000000 627015809.40000000 238457.00000000
1698656400000 1698670740000 2664.00000000 2631.60000000 2664.20000000 2629.00000000 425859731.20000000 161046.00000000
1698649200000 1698656340000 2666.80000000 2664.00000000 2677.00000000 2625.20000000 839963780.40000000 317438.00000000
1698426000000 1698439800000 2670.00000000 2666.60000000 2676.20000000 2660.00000000 222264320.00000000 83303.00000000
1698411600000 1698425940000 2675.80000000 2670.20000000 2709.40000000 2667.00000000 881230491.80000000 327944.00000000
1698397200000 1698411540000 2714.80000000 2675.80000000 2733.00000000 2620.00000000 3832327761.60000000 1430226.00000000
1698390000000 1698397140000 2684.80000000 2714.40000000 2736.00000000 2683.80000000 1240566012.60000000 456590.00000000
1698339600000 1698353400000 2696.00000000 2682.40000000 2696.00000000 2680.20000000 176283862.80000000 65524.00000000
1698325200000 1698339540000 2680.20000000 2696.00000000 2704.60000000 2677.00000000 701631954.80000000 260837.00000000
1698310800000 1698325140000 2720.40000000 2680.20000000 2734.20000000 2675.00000000 2085205522.60000000 771869.00000000
1698303600000 1698310740000 2760.00000000 2720.80000000 2772.40000000 2713.00000000 1805720789.20000000 657272.00000000
1698253200000 1698267000000 2731.60000000 2737.00000000 2739.80000000 2726.00000000 201684023.40000000 73796.00000000
1698238800000 1698253140000 2733.60000000 2731.40000000 2745.00000000 2726.60000000 432177560.80000000 157950.00000000
1698224400000 1698238740000 2735.80000000 2733.00000000 2748.00000000 2730.00000000 913040077.40000000 333014.00000000
1698217200000 1698224340000 2727.00000000 2735.00000000 2750.00000000 2700.00000000 1228149835.20000000 449470.00000000
1698166800000 1698180600000 2714.20000000 2725.20000000 2730.00000000 2712.20000000 272477656.20000000 100170.00000000
1698152400000 1698166740000 2696.20000000 2714.20000000 2720.60000000 2687.00000000 933752701.80000000 344926.00000000
1698138000000 1698152340000 2660.00000000 2696.80000000 2706.00000000 2632.40000000 1501188221.60000000 559750.00000000
1698130800000 1698137940000 2670.00000000 2659.80000000 2689.80000000 2657.00000000 575500152.20000000 215449.00000000
1698080400000 1698094200000 2672.80000000 2677.20000000 2680.80000000 2671.40000000 78893336.60000000 29478.00000000
1698066000000 1698080340000 2673.00000000 2673.20000000 2684.60000000 2656.80000000 445728747.40000000 166851.00000000
1698051600000 1698065940000 2686.00000000 2673.00000000 2690.00000000 2670.00000000 720502692.80000000 269324.00000000
1698044400000 1698051540000 2690.00000000 2685.40000000 2717.40000000 2680.00000000 1386089703.60000000 513362.00000000
1697821200000 1697835000000 2673.80000000 2679.40000000 2680.00000000 2670.00000000 208260416.80000000 77838.00000000
1697806800000 1697821140000 2654.20000000 2673.60000000 2689.60000000 2636.00000000 1069974967.40000000 400618.00000000
1697792400000 1697806740000 2667.80000000 2654.40000000 2675.00000000 2611.00000000 1592879181.60000000 603368.00000000
1697785200000 1697792340000 2668.80000000 2667.40000000 2700.00000000 2640.00000000 2352994023.00000000 880103.00000000
1697734800000 1697748600000 2656.00000000 2660.60000000 2664.00000000 2650.00000000 501108721.00000000 188539.00000000
1697720400000 1697734740000 2647.60000000 2656.00000000 2675.40000000 2642.40000000 2172892103.20000000 817186.00000000
1697706000000 1697720340000 2588.40000000 2648.00000000 2658.20000000 2586.60000000 3678107318.00000000 1398990.00000000
1697698800000 1697705940000 2520.80000000 2588.40000000 2599.00000000 2517.00000000 2237311168.60000000 868854.00000000
1697648400000 1697662200000 2530.00000000 2527.20000000 2530.80000000 2516.20000000 175058587.00000000 69321.00000000
1697634000000 1697648340000 2528.20000000 2530.60000000 2534.00000000 2511.80000000 613099321.60000000 242915.00000000
1697619600000 1697633940000 2529.80000000 2528.20000000 2536.00000000 2523.00000000 337924567.00000000 133611.00000000
1697612400000 1697619540000 2522.20000000 2528.80000000 2539.00000000 2520.00000000 243979743.40000000 96360.00000000
1697562000000 1697575800000 2529.80000000 2527.40000000 2533.80000000 2525.00000000 114357119.60000000 45217.00000000
1697547600000 1697561940000 2532.00000000 2530.00000000 2538.00000000 2523.00000000 328816240.80000000 129944.00000000
1697533200000 1697547540000 2539.60000000 2532.00000000 2540.60000000 2521.60000000 420505886.80000000 165984.00000000
1697526000000 1697533140000 2527.00000000 2539.60000000 2540.00000000 2509.60000000 486352562.20000000 192416.00000000
1697475600000 1697489400000 2535.00000000 2530.00000000 2536.20000000 2527.00000000 98201262.80000000 38772.00000000
1697461200000 1697475540000 2533.40000000 2535.00000000 2543.80000000 2529.00000000 278301423.00000000 109770.00000000
1697446800000 1697461140000 2538.00000000 2533.20000000 2552.00000000 2520.80000000 761806538.00000000 300271.00000000
1697439600000 1697446740000 2528.80000000 2538.00000000 2541.00000000 2521.00000000 560737565.00000000 221571.00000000
1697216400000 1697230200000 2518.00000000 2512.60000000 2519.80000000 2509.40000000 232533189.80000000 92505.00000000
1697202000000 1697216340000 2509.40000000 2518.00000000 2534.00000000 2495.20000000 1073093544.40000000 426266.00000000
1697187600000 1697201940000 2489.60000000 2509.40000000 2514.60000000 2480.80000000 822043286.60000000 328867.00000000
1697180400000 1697187540000 2470.00000000 2489.60000000 2509.80000000 2466.00000000 950539311.20000000 381374.00000000
1697130000000 1697143800000 2462.80000000 2465.00000000 2472.00000000 2460.00000000 95128887.60000000 38574.00000000
1697115600000 1697129940000 2449.40000000 2462.80000000 2465.80000000 2448.20000000 247490734.00000000 100613.00000000
1697101200000 1697115540000 2461.80000000 2449.40000000 2461.80000000 2439.00000000 310602295.20000000 126767.00000000
1697094000000 1697101140000 2435.00000000 2462.00000000 2467.00000000 2421.00000000 588650086.40000000 240196.00000000
1697043600000 1697057400000 2492.60000000 2444.00000000 2493.20000000 2420.00000000 718770380.20000000 292958.00000000
1697029200000 1697043540000 2484.00000000 2492.60000000 2494.20000000 2476.00000000 288850806.20000000 116139.00000000
1697014800000 1697029140000 2492.00000000 2483.20000000 2496.60000000 2475.20000000 294185193.20000000 118359.00000000
1697007600000 1697014740000 2490.80000000 2492.00000000 2500.00000000 2482.60000000 294636297.80000000 118307.00000000
1696957200000 1696971000000 2494.80000000 2485.20000000 2495.00000000 2475.80000000 157075871.60000000 63133.00000000
1696942800000 1696957140000 2506.80000000 2494.60000000 2507.00000000 2480.00000000 785477120.40000000 314907.00000000
1696928400000 1696942740000 2468.60000000 2507.00000000 2507.80000000 2463.00000000 703747192.40000000 282230.00000000
1696921200000 1696928340000 2478.00000000 2469.00000000 2478.00000000 2454.20000000 420294543.40000000 170529.00000000
1696870800000 1696884600000 2476.20000000 2477.40000000 2479.80000000 2473.60000000 116716180.00000000 47128.00000000
1696856400000 1696870740000 2474.60000000 2476.20000000 2484.00000000 2470.00000000 325787961.00000000 131497.00000000
1696842000000 1696856340000 2484.00000000 2474.20000000 2484.60000000 2470.00000000 364108707.00000000 147018.00000000
1696834800000 1696841940000 2482.40000000 2483.80000000 2498.80000000 2472.60000000 456775867.00000000 183959.00000000
1696611600000 1696625400000 2490.60000000 2482.20000000 2492.00000000 2481.00000000 237182126.80000000 95419.00000000
1696597200000 1696611540000 2485.20000000 2490.80000000 2493.80000000 2468.00000000 602721278.80000000 242823.00000000
1696582800000 1696597140000 2481.20000000 2486.20000000 2504.00000000 2476.20000000 834707072.00000000 335001.00000000
1696575600000 1696582740000 2492.80000000 2481.60000000 2516.80000000 2471.00000000 2140693864.60000000 858300.00000000
1696525200000 1696539000000 2447.20000000 2480.00000000 2483.60000000 2446.00000000 572082901.00000000 232626.00000000
1696510800000 1696525140000 2393.60000000 2447.20000000 2464.00000000 2391.60000000 3193811198.60000000 1310226.00000000
1696496400000 1696510740000 2370.40000000 2393.60000000 2410.00000000 2366.00000000 1202583636.60000000 504504.00000000
1696489200000 1696496340000 2390.00000000 2369.40000000 2397.00000000 2360.20000000 497644040.60000000 209708.00000000
1696438800000 1696452600000 2385.60000000 2379.60000000 2387.40000000 2376.40000000 118206245.60000000 49633.00000000
1696424400000 1696438740000 2404.80000000 2386.40000000 2406.00000000 2373.20000000 749334662.80000000 314173.00000000
1696410000000 1696424340000 2397.60000000 2404.80000000 2410.00000000 2395.00000000 457892566.80000000 190792.00000000
1696402800000 1696409940000 2384.00000000 2397.80000000 2405.00000000 2375.00000000 392314406.00000000 164059.00000000
1696352400000 1696366200000 2387.60000000 2386.80000000 2396.60000000 2378.40000000 136231925.20000000 57009.00000000
1696338000000 1696352340000 2409.60000000 2387.60000000 2414.40000000 2376.80000000 698080690.40000000 292158.00000000
1696323600000 1696337940000 2391.60000000 2409.60000000 2413.60000000 2381.00000000 380647964.20000000 158653.00000000
1696320360000 1696323540000 2384.00000000 2391.40000000 2396.80000000 2378.40000000 108980532.00000000 45621.00000000
1696316400000 1696320300000 2390.00000000 2384.00000000 2393.40000000 2367.20000000 249486447.60000000 105011.00000000
1696266000000 1696279800000 2386.60000000 2395.80000000 2397.60000000 2384.40000000 101162976.00000000 42268.00000000
1696251600000 1696265940000 2404.00000000 2386.60000000 2406.00000000 2377.60000000 631059908.40000000 263876.00000000
1696237200000 1696251540000 2416.80000000 2404.00000000 2418.40000000 2402.80000000 648478829.40000000 269254.00000000
1696230000000 1696237140000 2415.00000000 2416.20000000 2434.00000000 2410.00000000 454248753.00000000 187499.00000000
1696006800000 1696020600000 2409.00000000 2402.20000000 2412.00000000 2399.00000000 152574675.60000000 63420.00000000
1695992400000 1696006740000 2415.20000000 2409.00000000 2420.00000000 2392.00000000 911879594.40000000 378794.00000000
1695978000000 1695992340000 2433.80000000 2415.00000000 2448.00000000 2412.00000000 643588095.60000000 264776.00000000
1695970800000 1695977940000 2448.80000000 2434.00000000 2449.40000000 2423.00000000 460941927.40000000 189363.00000000
1695920400000 1695934200000 2439.80000000 2439.40000000 2447.60000000 2438.20000000 152936818.80000000 62629.00000000
1695906000000 1695920340000 2438.40000000 2440.00000000 2450.00000000 2431.00000000 331509494.80000000 135847.00000000
1695891600000 1695905940000 2456.00000000 2438.00000000 2462.00000000 2422.80000000 964430605.80000000 395342.00000000
1695884400000 1695891540000 2457.00000000 2455.20000000 2475.20000000 2444.00000000 593651314.20000000 241301.00000000
1695834000000 1695847800000 2428.60000000 2453.80000000 2466.00000000 2425.60000000 359012729.60000000 146478.00000000
1695819600000 1695833940000 2443.00000000 2428.60000000 2444.80000000 2420.00000000 457391216.40000000 188082.00000000
1695805200000 1695819540000 2429.20000000 2443.40000000 2450.00000000 2408.60000000 962039568.80000000 396028.00000000
1695798000000 1695805140000 2405.00000000 2429.80000000 2434.40000000 2390.40000000 642488947.60000000 265498.00000000
1695747600000 1695761400000 2393.00000000 2391.00000000 2402.00000000 2388.20000000 190671245.40000000 79610.00000000
1695733200000 1695747540000 2364.20000000 2392.60000000 2396.80000000 2362.00000000 652926987.20000000 273887.00000000
1695718800000 1695733140000 2374.80000000 2364.80000000 2391.00000000 2355.00000000 440231572.80000000 185617.00000000
1695711600000 1695718740000 2390.80000000 2374.80000000 2411.80000000 2372.20000000 383161703.60000000 160259.00000000
1695661200000 1695675000000 2390.00000000 2391.00000000 2396.00000000 2388.60000000 68697036.60000000 28721.00000000
1695646800000 1695661140000 2390.80000000 2390.00000000 2400.80000000 2369.60000000 519710622.00000000 217893.00000000
1695632400000 1695646740000 2403.60000000 2390.00000000 2415.20000000 2381.60000000 377586801.20000000 157514.00000000
1695625200000 1695632340000 2428.40000000 2404.20000000 2428.40000000 2392.00000000 330673767.80000000 137472.00000000
1695402000000 1695415800000 2406.00000000 2410.20000000 2417.20000000 2403.40000000 144714851.80000000 60073.00000000
1695387600000 1695401940000 2393.80000000 2406.00000000 2435.00000000 2391.40000000 1002766020.40000000 415944.00000000
1695373200000 1695387540000 2360.60000000 2392.20000000 2404.20000000 2355.20000000 536261822.20000000 226333.00000000
1695362640000 1695373140000 2381.30000000 2361.40000000 2389.00000000 2323.20000000 1403891769.40000000 591343.00000000
1695315600000 1695329400000 2389.60000000 2355.40000000 2390.00000000 2350.80000000 439554601.60000000 185652.00000000
1695301200000 1695315540000 2363.40000000 2389.80000000 2403.00000000 2361.20000000 846883264.20000000 355461.00000000
1695286800000 1695301140000 2393.20000000 2363.20000000 2413.60000000 2360.00000000 901332522.60000000 377969.00000000
1695279600000 1695286740000 2401.40000000 2393.20000000 2419.00000000 2382.80000000 560789665.60000000 233667.00000000
1695229200000 1695243000000 2403.40000000 2418.00000000 2420.00000000 2400.80000000 190460557.60000000 79099.00000000
1695214800000 1695229140000 2424.40000000 2404.80000000 2450.00000000 2393.40000000 723912570.00000000 298398.00000000
1695200400000 1695214740000 2399.00000000 2424.60000000 2439.60000000 2393.80000000 1229717422.80000000 508311.00000000
1695193200000 1695200340000 2456.80000000 2399.00000000 2460.00000000 2358.00000000 1448980429.20000000 606103.00000000
1695142800000 1695156600000 2469.60000000 2442.20000000 2473.00000000 2431.60000000 251847808.80000000 102894.00000000
1695128400000 1695142740000 2448.60000000 2469.80000000 2479.20000000 2440.00000000 603888331.80000000 245511.00000000
1695114000000 1695128340000 2486.60000000 2448.60000000 2491.00000000 2422.20000000 1694878860.00000000 689458.00000000
1695106800000 1695113940000 2527.00000000 2486.60000000 2527.00000000 2472.20000000 611078228.00000000 244563.00000000
1695056400000 1695070200000 2514.40000000 2518.00000000 2526.80000000 2508.80000000 194539477.60000000 77292.00000000
1695042000000 1695056340000 2542.00000000 2514.40000000 2545.00000000 2512.60000000 520793905.20000000 206118.00000000
1695027600000 1695041940000 2585.20000000 2541.00000000 2592.60000000 2520.00000000 852303721.00000000 333915.00000000
1695020400000 1695027540000 2594.00000000 2585.00000000 2620.00000000 2582.00000000 526183036.00000000 202188.00000000
1694797200000 1694811000000 2574.20000000 2568.00000000 2581.00000000 2566.00000000 151803638.20000000 59006.00000000
1694782800000 1694797140000 2541.00000000 2574.40000000 2588.00000000 2540.60000000 580879761.00000000 226039.00000000
1694768400000 1694782740000 2491.80000000 2541.00000000 2557.80000000 2490.00000000 606000050.40000000 239068.00000000
1694761200000 1694768340000 2499.00000000 2491.40000000 2517.80000000 2485.00000000 264116644.80000000 105578.00000000
1694710800000 1694724600000 2522.00000000 2508.80000000 2522.40000000 2500.00000000 113731098.00000000 45299.00000000
1694696400000 1694710740000 2499.20000000 2521.20000000 2532.00000000 2488.80000000 496931306.60000000 197746.00000000
1694682000000 1694696340000 2500.00000000 2499.80000000 2515.00000000 2450.20000000 1388676711.20000000 558475.00000000
1694674800000 1694681940000 2551.40000000 2500.00000000 2561.20000000 2494.80000000 818830785.00000000 325270.00000000
1694624400000 1694638200000 2552.60000000 2550.80000000 2567.80000000 2546.00000000 144785494.60000000 56607.00000000
1694610000000 1694624340000 2589.80000000 2552.60000000 2602.00000000 2535.60000000 588363033.20000000 228932.00000000
1694595600000 1694609940000 2610.60000000 2590.40000000 2613.00000000 2565.20000000 907942841.80000000 349887.00000000
1694588400000 1694595540000 2580.20000000 2610.60000000 2633.00000000 2552.00000000 1061992223.00000000 408359.00000000
1694538000000 1694551800000 2558.20000000 2579.20000000 2598.00000000 2553.60000000 456451639.60000000 177240.00000000
1694523600000 1694537940000 2524.40000000 2558.80000000 2559.40000000 2520.40000000 453080659.60000000 178072.00000000
1694509200000 1694523540000 2552.60000000 2524.40000000 2561.40000000 2512.00000000 822470037.60000000 323829.00000000
1694502000000 1694509140000 2497.00000000 2551.60000000 2566.80000000 2497.00000000 951222130.20000000 375034.00000000
1694451600000 1694465400000 2503.60000000 2488.80000000 2506.00000000 2485.00000000 197766210.40000000 79257.00000000
1694437200000 1694451540000 2505.60000000 2503.80000000 2510.00000000 2470.00000000 1185251344.60000000 475750.00000000
1694422800000 1694437140000 2543.40000000 2505.60000000 2552.00000000 2500.00000000 1045723056.80000000 415368.00000000
1694415600000 1694422740000 2567.00000000 2544.00000000 2584.80000000 2530.80000000 568642564.40000000 222089.00000000
1694192400000 1694206200000 2558.60000000 2547.60000000 2560.80000000 2546.00000000 148490246.00000000 58142.00000000
1694178000000 1694192340000 2558.40000000 2558.60000000 2562.20000000 2547.60000000 342025971.80000000 133840.00000000
1694163600000 1694177940000 2560.80000000 2556.80000000 2565.80000000 2541.20000000 644735321.80000000 252560.00000000
1694156400000 1694163540000 2585.60000000 2561.00000000 2609.00000000 2526.20000000 1074523684.80000000 420004.00000000
1694106000000 1694119800000 2586.20000000 2585.60000000 2606.00000000 2579.80000000 297879931.80000000 114808.00000000
1694091600000 1694105940000 2590.20000000 2586.80000000 2608.80000000 2555.20000000 1078971159.80000000 418817.00000000
1694077200000 1694091540000 2627.80000000 2590.20000000 2641.80000000 2563.00000000 1894263568.80000000 728111.00000000
1694070000000 1694077140000 2664.80000000 2627.80000000 2673.40000000 2620.60000000 794530387.80000000 300745.00000000
1694019600000 1694033400000 2673.00000000 2664.60000000 2674.60000000 2662.60000000 125919148.20000000 47184.00000000
1694005200000 1694019540000 2670.00000000 2673.60000000 2674.80000000 2663.00000000 451583881.60000000 169139.00000000
1693990800000 1694005140000 2686.20000000 2670.00000000 2692.20000000 2653.00000000 1026831904.00000000 384175.00000000
1693983600000 1693990740000 2730.00000000 2685.40000000 2733.00000000 2671.80000000 939478560.20000000 348279.00000000
1693933200000 1693947000000 2725.20000000 2726.60000000 2730.80000000 2723.00000000 104087616.80000000 38175.00000000
1693918800000 1693933140000 2733.00000000 2725.20000000 2740.00000000 2720.20000000 321849084.80000000 117733.00000000
1693904400000 1693918740000 2742.80000000 2733.00000000 2746.40000000 2711.20000000 780975951.60000000 286354.00000000
1693897200000 1693904340000 2744.80000000 2742.40000000 2754.80000000 2723.00000000 395487020.40000000 144097.00000000
1693846800000 1693860600000 2740.20000000 2744.00000000 2748.00000000 2733.80000000 305120357.00000000 111333.00000000
1693832400000 1693846740000 2730.60000000 2740.60000000 2744.20000000 2718.00000000 528195312.00000000 193264.00000000
1693818000000 1693832340000 2754.40000000 2730.60000000 2755.00000000 2725.00000000 786822108.00000000 287084.00000000
1693810800000 1693817940000 2690.00000000 2754.60000000 2756.00000000 2688.80000000 1557436146.00000000 571219.00000000
1693587600000 1693601400000 2691.40000000 2690.20000000 2696.00000000 2690.00000000 160233266.80000000 59538.00000000
1693573200000 1693587540000 2683.40000000 2691.80000000 2695.40000000 2680.40000000 270491823.20000000 100666.00000000
1693558800000 1693573140000 2673.60000000 2683.40000000 2697.60000000 2672.00000000 338127530.00000000 125709.00000000
1693551600000 1693558740000 2690.00000000 2673.60000000 2700.00000000 2670.00000000 354911965.20000000 132082.00000000
1693501200000 1693515000000 2672.40000000 2689.00000000 2694.00000000 2671.00000000 532614131.80000000 198274.00000000
1693486800000 1693501140000 2665.40000000 2672.60000000 2674.00000000 2641.80000000 369095033.20000000 138684.00000000
1693472400000 1693486740000 2667.20000000 2665.20000000 2675.00000000 2660.80000000 316780065.80000000 118792.00000000
1693465200000 1693472340000 2668.00000000 2667.20000000 2683.80000000 2655.60000000 384931150.00000000 144110.00000000
1693414800000 1693428600000 2669.00000000 2668.20000000 2673.00000000 2665.00000000 126772270.20000000 47504.00000000
1693400400000 1693414740000 2671.60000000 2669.00000000 2673.80000000 2661.00000000 395371183.80000000 148228.00000000
1693386000000 1693400340000 2665.60000000 2671.00000000 2684.80000000 2665.20000000 390635208.20000000 146050.00000000
1693378800000 1693385940000 2689.20000000 2666.00000000 2708.00000000 2654.60000000 617342918.20000000 230325.00000000
1693328400000 1693342200000 2686.80000000 2698.80000000 2698.80000000 2680.60000000 137926942.80000000 51222.00000000
1693314000000 1693328340000 2681.40000000 2687.60000000 2704.60000000 2673.40000000 299919555.00000000 111619.00000000
1693311000000 1693313940000 2692.60000000 2681.40000000 2693.00000000 2680.00000000 109735317.20000000 40849.00000000
1693299600000 1693310940000 2691.00000000 2693.00000000 2710.00000000 2687.40000000 739855925.20000000 274041.00000000
1693292400000 1693299540000 2666.60000000 2691.00000000 2700.80000000 2666.00000000 860893676.20000000 320418.00000000
1693242000000 1693255800000 2673.40000000 2670.00000000 2673.80000000 2668.60000000 197619572.60000000 74006.00000000
1693227600000 1693241940000 2673.40000000 2673.40000000 2685.00000000 2671.20000000 459353588.40000000 171648.00000000
1693213200000 1693227540000 2673.40000000 2673.40000000 2679.40000000 2661.00000000 389228851.80000000 145722.00000000
1693206000000 1693213140000 2655.00000000 2673.40000000 2685.00000000 2652.00000000 458916098.00000000 171901.00000000
1692982800000 1692996600000 2642.80000000 2648.60000000 2652.80000000 2635.60000000 125042220.40000000 47277.00000000
1692968400000 1692982740000 2649.00000000 2642.80000000 2654.80000000 2630.40000000 265157166.60000000 100340.00000000
1692954000000 1692968340000 2648.00000000 2649.80000000 2661.80000000 2641.20000000 283015058.20000000 106790.00000000
1692946800000 1692953940000 2649.40000000 2648.20000000 2669.80000000 2636.00000000 429621690.40000000 161650.00000000
1692896400000 1692910200000 2653.80000000 2648.40000000 2655.00000000 2645.40000000 104935340.60000000 39590.00000000
1692882000000 1692896340000 2646.60000000 2654.60000000 2657.60000000 2625.00000000 305155137.00000000 115495.00000000
1692867600000 1692881940000 2643.20000000 2646.20000000 2660.40000000 2630.00000000 320282866.20000000 121108.00000000
1692860400000 1692867540000 2630.00000000 2643.60000000 2653.60000000 2619.60000000 487304711.00000000 184667.00000000
1692810000000 1692823800000 2674.20000000 2604.00000000 2675.00000000 2589.60000000 1096889905.40000000 417898.00000000
1692795600000 1692809940000 2646.40000000 2674.20000000 2680.80000000 2626.80000000 822943401.80000000 310045.00000000
1692781200000 1692795540000 2673.40000000 2646.60000000 2687.60000000 2635.20000000 927213200.00000000 348808.00000000
1692774000000 1692781140000 2714.00000000 2673.80000000 2720.00000000 2652.20000000 552633647.80000000 205442.00000000
1692723600000 1692737400000 2698.60000000 2710.80000000 2712.60000000 2696.00000000 245686453.00000000 90802.00000000
1692709200000 1692723540000 2714.00000000 2698.60000000 2715.00000000 2690.00000000 501381795.40000000 185777.00000000
1692694800000 1692709140000 2699.60000000 2714.00000000 2718.40000000 2682.00000000 1055908608.60000000 390674.00000000
1692687600000 1692694740000 2676.80000000 2699.40000000 2705.00000000 2650.00000000 978497095.00000000 364596.00000000
1692637200000 1692651000000 2641.80000000 2662.40000000 2666.60000000 2641.60000000 195350788.00000000 73599.00000000
1692622800000 1692637140000 2660.60000000 2642.00000000 2665.00000000 2632.00000000 556621898.00000000 210132.00000000
1692608400000 1692622740000 2609.80000000 2660.80000000 2674.40000000 2606.00000000 1179199383.20000000 446356.00000000
1692601200000 1692608340000 2612.00000000 2609.60000000 2619.80000000 2582.00000000 606850567.80000000 233353.00000000
1692378000000 1692391800000 2572.00000000 2602.20000000 2609.00000000 2566.00000000 494302402.60000000 190541.00000000
1692363600000 1692377940000 2550.40000000 2571.80000000 2585.80000000 2546.20000000 659344188.20000000 256853.00000000
1692349200000 1692363540000 2555.80000000 2551.20000000 2561.00000000 2537.80000000 556399283.40000000 218287.00000000
1692342000000 1692349140000 2581.60000000 2556.00000000 2585.00000000 2542.00000000 393335170.20000000 153607.00000000
1692291600000 1692305400000 2561.20000000 2581.60000000 2584.20000000 2558.40000000 180887783.60000000 70291.00000000
1692277200000 1692291540000 2556.00000000 2561.20000000 2580.40000000 2553.00000000 406045348.40000000 158359.00000000
1692262800000 1692277140000 2620.80000000 2555.40000000 2622.20000000 2528.00000000 1330474821.80000000 518656.00000000
1692255600000 1692262740000 2597.60000000 2621.00000000 2623.00000000 2574.80000000 938427909.80000000 360597.00000000
1692205200000 1692219000000 2562.60000000 2570.60000000 2585.00000000 2550.00000000 325211444.60000000 126725.00000000
1692190800000 1692205140000 2528.00000000 2563.00000000 2589.40000000 2500.00000000 950522079.00000000 373145.00000000
1692176400000 1692190740000 2575.80000000 2527.60000000 2589.80000000 2450.20000000 2042029476.00000000 809158.00000000
1692169200000 1692176340000 2630.00000000 2574.60000000 2645.00000000 2571.00000000 717393096.60000000 275614.00000000
1692118800000 1692132600000 2652.80000000 2615.80000000 2659.40000000 2602.60000000 332377001.60000000 126590.00000000
1692104400000 1692118740000 2669.00000000 2652.80000000 2678.80000000 2638.00000000 443884683.20000000 166987.00000000
1692090000000 1692104340000 2651.60000000 2669.00000000 2695.60000000 2637.40000000 659481980.00000000 247123.00000000
1692082800000 1692089940000 2599.20000000 2651.60000000 2677.00000000 2540.00000000 1490059325.00000000 567740.00000000
1692032400000 1692046200000 2670.80000000 2610.00000000 2674.20000000 2605.00000000 831921777.60000000 315592.00000000
1692018000000 1692032340000 2720.40000000 2670.20000000 2722.80000000 2661.00000000 1473688316.40000000 549041.00000000
1692003600000 1692017940000 2720.80000000 2720.60000000 2732.00000000 2711.00000000 766518730.40000000 281638.00000000
1691996400000 1692003540000 2712.40000000 2721.00000000 2729.00000000 2710.00000000 617183346.60000000 226914.00000000
1691773200000 1691787000000 2703.60000000 2704.20000000 2709.00000000 2700.20000000 175171445.40000000 64748.00000000
1691758800000 1691773140000 2703.00000000 2703.60000000 2704.40000000 2691.00000000 342092776.60000000 126744.00000000
1691744400000 1691758740000 2692.00000000 2703.00000000 2710.00000000 2688.00000000 497049138.20000000 184104.00000000
1691737200000 1691744340000 2718.60000000 2692.00000000 2729.00000000 2685.20000000 684721487.60000000 253250.00000000
1691686800000 1691700600000 2723.20000000 2718.00000000 2723.20000000 2705.00000000 281573124.80000000 103693.00000000
1691672400000 1691686740000 2703.40000000 2723.00000000 2735.00000000 2692.20000000 1295806303.60000000 476924.00000000
1691658000000 1691672340000 2734.40000000 2702.00000000 2735.20000000 2661.80000000 3249979480.00000000 1206850.00000000
1691650800000 1691657940000 2730.00000000 2735.00000000 2765.00000000 2721.20000000 821930448.80000000 299508.00000000
1691600400000 1691614200000 2715.80000000 2723.20000000 2725.00000000 2712.60000000 133164400.60000000 48989.00000000
1691586000000 1691600340000 2724.80000000 2716.20000000 2728.00000000 2702.00000000 353036320.60000000 129962.00000000
1691571600000 1691585940000 2712.80000000 2724.60000000 2729.00000000 2694.40000000 746368611.80000000 275195.00000000
1691564400000 1691571540000 2732.20000000 2712.00000000 2748.00000000 2705.20000000 577657978.60000000 211983.00000000
1691514000000 1691527800000 2720.40000000 2728.60000000 2730.00000000 2718.00000000 163089127.20000000 59847.00000000
1691499600000 1691513940000 2686.60000000 2720.20000000 2723.40000000 2676.60000000 581716881.40000000 215214.00000000
1691485200000 1691499540000 2666.00000000 2687.20000000 2707.00000000 2645.20000000 853019023.60000000 318325.00000000
1691478000000 1691485140000 2700.00000000 2666.00000000 2705.00000000 2627.20000000 1193681599.20000000 448578.00000000
1691427600000 1691441400000 2703.40000000 2709.00000000 2710.00000000 2695.20000000 311675836.60000000 115351.00000000
1691413200000 1691427540000 2737.60000000 2703.00000000 2769.60000000 2662.40000000 1018731060.40000000 374782.00000000
1691398800000 1691413140000 2769.00000000 2737.60000000 2769.00000000 2732.00000000 688935759.40000000 250339.00000000
1691391600000 1691398740000 2750.00000000 2768.80000000 2795.60000000 2740.20000000 1239707345.60000000 448139.00000000
1691168400000 1691182200000 2690.00000000 2731.00000000 2739.40000000 2688.80000000 439093647.60000000 161208.00000000
1691154000000 1691168340000 2761.40000000 2689.80000000 2783.00000000 2673.00000000 2037541550.60000000 744550.00000000
1691139600000 1691153940000 2844.00000000 2761.40000000 2872.00000000 2657.40000000 4685783317.80000000 1691680.00000000
1691132400000 1691139540000 2785.40000000 2844.40000000 2865.00000000 2778.80000000 2143319863.60000000 759455.00000000
1691082000000 1691095800000 2779.20000000 2780.00000000 2783.20000000 2770.00000000 291647288.20000000 104975.00000000
1691067600000 1691081940000 2746.40000000 2779.20000000 2785.00000000 2745.80000000 997574372.60000000 359958.00000000
1691053200000 1691067540000 2730.00000000 2746.00000000 2755.80000000 2724.40000000 1158488904.60000000 422364.00000000
1691046000000 1691053140000 2709.40000000 2730.00000000 2734.60000000 2695.00000000 987673841.40000000 363537.00000000
1690995600000 1691009400000 2701.80000000 2709.40000000 2712.40000000 2700.40000000 238190768.60000000 88004.00000000
1690981200000 1690995540000 2719.60000000 2703.20000000 2727.00000000 2691.80000000 1060843108.60000000 391673.00000000
1690966800000 1690981140000 2704.00000000 2719.60000000 2727.00000000 2691.40000000 1587802923.40000000 585977.00000000
1690959600000 1690966740000 2670.00000000 2704.40000000 2717.00000000 2666.80000000 1555339369.60000000 576224.00000000
1690909200000 1690923000000 2670.00000000 2670.00000000 2678.00000000 2645.00000000 408119439.60000000 153279.00000000
1690894800000 1690909140000 2642.00000000 2670.00000000 2717.20000000 2631.00000000 2663381569.40000000 992778.00000000
1690880400000 1690894740000 2633.80000000 2642.00000000 2653.80000000 2624.40000000 959448986.20000000 363183.00000000
1690873200000 1690880340000 2635.00000000 2633.80000000 2638.00000000 2612.80000000 445949735.80000000 169978.00000000
1690822800000 1690836600000 2628.20000000 2635.00000000 2639.80000000 2622.40000000 247256404.20000000 93915.00000000
1690808400000 1690822740000 2618.40000000 2628.40000000 2635.00000000 2610.20000000 665133705.20000000 253850.00000000
1690794000000 1690808340000 2635.80000000 2618.40000000 2636.40000000 2605.00000000 1150304055.40000000 438455.00000000
1690786800000 1690793940000 2641.80000000 2636.00000000 2652.80000000 2630.20000000 594525512.60000000 225134.00000000
1690563600000 1690577400000 2636.00000000 2636.00000000 2636.20000000 2630.20000000 236284250.60000000 89684.00000000
1690549200000 1690563540000 2634.40000000 2636.00000000 2639.80000000 2623.00000000 513907716.60000000 195018.00000000
1690534800000 1690549140000 2624.40000000 2634.20000000 2640.00000000 2621.60000000 597066035.00000000 226741.00000000
1690527600000 1690534740000 2630.00000000 2624.00000000 2642.00000000 2613.00000000 682459639.00000000 259459.00000000
1690477200000 1690491000000 2636.00000000 2630.00000000 2637.60000000 2620.60000000 369093958.80000000 140422.00000000
1690462800000 1690477140000 2658.60000000 2635.80000000 2659.00000000 2616.00000000 955400166.00000000 361789.00000000
1690448400000 1690462740000 2657.60000000 2658.20000000 2685.00000000 2631.20000000 2455944397.80000000 924942.00000000
1690441200000 1690448340000 2665.60000000 2657.00000000 2682.80000000 2641.20000000 933756593.40000000 350884.00000000
1690390800000 1690404600000 2636.20000000 2655.20000000 2658.20000000 2626.00000000 328982737.40000000 124355.00000000
1690376400000 1690390740000 2648.80000000 2637.20000000 2664.60000000 2632.00000000 818878672.60000000 308941.00000000
1690362000000 1690376340000 2636.40000000 2648.20000000 2653.40000000 2628.00000000 883514758.60000000 334092.00000000
1690354800000 1690361940000 2642.40000000 2635.60000000 2666.40000000 2611.60000000 909575962.20000000 344935.00000000
1690304400000 1690318200000 2637.80000000 2642.60000000 2644.80000000 2636.20000000 227329260.80000000 86089.00000000
1690302960000 1690304340000 2637.80000000 2638.00000000 2638.00000000 2635.00000000 20492221.80000000 7771.00000000
1690290000000 1690302900000 2630.60000000 2637.80000000 2650.00000000 2624.00000000 774006620.20000000 293456.00000000
1690275600000 1690289940000 2634.40000000 2630.80000000 2649.80000000 2611.20000000 1028702005.60000000 390313.00000000
1690268400000 1690275540000 2640.00000000 2634.40000000 2662.00000000 2625.20000000 1471510692.00000000 556587.00000000
1690218000000 1690231800000 2610.60000000 2630.00000000 2633.80000000 2604.80000000 375231274.80000000 143214.00000000
1690203600000 1690217940000 2591.00000000 2611.40000000 2624.80000000 2590.20000000 1413418796.40000000 541637.00000000
1690189200000 1690203540000 2563.20000000 2591.60000000 2597.00000000 2557.20000000 1114420505.00000000 431766.00000000
1690182000000 1690189140000 2542.80000000 2563.80000000 2569.40000000 2537.00000000 676933868.80000000 264381.00000000
1689958800000 1689972600000 2525.40000000 2532.00000000 2533.60000000 2523.40000000 136040062.40000000 53815.00000000
1689944400000 1689958740000 2531.60000000 2525.80000000 2533.20000000 2520.00000000 253804410.40000000 100387.00000000
1689930000000 1689944340000 2516.80000000 2531.80000000 2537.60000000 2497.00000000 689042623.00000000 273202.00000000
1689922800000 1689929940000 2492.40000000 2515.60000000 2528.80000000 2492.40000000 601464355.40000000 238791.00000000
1689872400000 1689886200000 2519.20000000 2492.20000000 2522.00000000 2481.00000000 385980137.60000000 154395.00000000
1689858000000 1689872340000 2547.00000000 2519.20000000 2566.60000000 2498.20000000 1117773477.40000000 441594.00000000
1689843600000 1689857940000 2508.60000000 2547.00000000 2548.00000000 2490.00000000 739782926.20000000 293255.00000000
1689836400000 1689843540000 2571.60000000 2508.20000000 2578.60000000 2506.00000000 731667907.80000000 288167.00000000
1689786000000 1689799800000 2562.40000000 2571.60000000 2574.80000000 2557.00000000 142421061.20000000 55483.00000000
1689771600000 1689785940000 2575.40000000 2562.40000000 2585.00000000 2555.00000000 279099046.00000000 108433.00000000
1689757200000 1689771540000 2590.00000000 2575.00000000 2595.40000000 2563.40000000 480899087.60000000 186564.00000000
1689750000000 1689757140000 2590.00000000 2590.40000000 2609.00000000 2550.80000000 1537325040.80000000 595565.00000000
1689699600000 1689713400000 2580.00000000 2590.00000000 2591.80000000 2579.40000000 275631969.60000000 106587.00000000
1689685200000 1689699540000 2572.40000000 2580.40000000 2588.40000000 2570.00000000 399556622.60000000 154833.00000000
1689670800000 1689685140000 2576.20000000 2572.40000000 2600.00000000 2563.00000000 1314808359.20000000 508399.00000000
1689663600000 1689670740000 2538.40000000 2576.60000000 2576.80000000 2536.00000000 866797520.60000000 338999.00000000
1689613200000 1689627000000 2538.80000000 2538.40000000 2547.40000000 2537.20000000 223910788.40000000 88107.00000000
1689598800000 1689613140000 2543.20000000 2538.80000000 2548.00000000 2524.60000000 423324696.80000000 167076.00000000
1689584400000 1689598740000 2544.40000000 2543.20000000 2546.00000000 2521.00000000 810278197.20000000 319719.00000000
1689577200000 1689584340000 2515.00000000 2545.00000000 2580.60000000 2491.00000000 2101496266.00000000 826171.00000000
1689354000000 1689367800000 2550.60000000 2555.00000000 2555.00000000 2548.20000000 506184213.80000000 198401.00000000
1689339600000 1689353940000 2524.80000000 2550.80000000 2557.60000000 2512.40000000 1333374821.40000000 525151.00000000
1689325200000 1689339540000 2493.00000000 2525.80000000 2534.00000000 2483.00000000 1585358476.60000000 630703.00000000
1689318000000 1689325140000 2464.60000000 2493.00000000 2501.80000000 2450.00000000 967069908.00000000 389219.00000000
1689267600000 1689281400000 2453.80000000 2464.60000000 2465.60000000 2452.80000000 134052521.60000000 54471.00000000
1689253200000 1689267540000 2456.40000000 2453.80000000 2469.80000000 2451.80000000 349404550.60000000 141968.00000000
1689238800000 1689253080000 2463.00000000 2455.00000000 2464.60000000 2425.60000000 500809293.60000000 204913.00000000
1689231600000 1689238740000 2457.00000000 2463.20000000 2479.00000000 2434.20000000 666913655.40000000 271207.00000000
1689181200000 1689195000000 2460.40000000 2445.00000000 2462.80000000 2420.40000000 383236473.80000000 156747.00000000
1689166800000 1689181140000 2459.00000000 2460.40000000 2474.80000000 2458.60000000 413204508.80000000 167539.00000000
1689152400000 1689166740000 2458.80000000 2459.00000000 2468.20000000 2455.60000000 257327359.20000000 104575.00000000
1689145200000 1689152340000 2471.00000000 2458.40000000 2477.60000000 2451.20000000 528669317.80000000 214442.00000000
1689094800000 1689108600000 2418.40000000 2462.00000000 2463.20000000 2416.00000000 819697083.40000000 334703.00000000
1689080400000 1689094740000 2418.60000000 2418.40000000 2423.00000000 2408.60000000 207248497.80000000 85806.00000000
1689066000000 1689080340000 2422.00000000 2418.80000000 2424.80000000 2404.20000000 239431544.40000000 99074.00000000
1689058800000 1689065940000 2409.00000000 2422.00000000 2434.00000000 2407.00000000 624151223.40000000 257859.00000000
1689008400000 1689022200000 2397.80000000 2407.60000000 2408.00000000 2396.60000000 193436315.40000000 80538.00000000
1688994000000 1689008340000 2379.00000000 2398.00000000 2406.60000000 2372.80000000 488900424.20000000 204100.00000000
1688979600000 1688993940000 2400.40000000 2379.00000000 2405.00000000 2365.20000000 589499217.20000000 247393.00000000
1688972400000 1688979540000 2371.00000000 2400.60000000 2402.00000000 2355.00000000 547081773.40000000 229722.00000000
1688749200000 1688763000000 2345.60000000 2365.60000000 2371.00000000 2344.80000000 402883384.00000000 170672.00000000
1688734800000 1688749140000 2352.00000000 2346.00000000 2355.80000000 2337.00000000 381638534.80000000 162611.00000000
1688720400000 1688734740000 2368.00000000 2352.60000000 2377.60000000 2347.00000000 531506897.60000000 225334.00000000
1688713200000 1688720340000 2390.00000000 2367.80000000 2390.00000000 2358.40000000 364177180.80000000 153733.00000000
1688662800000 1688676600000 2387.40000000 2390.20000000 2397.40000000 2385.60000000 77832686.60000000 32549.00000000
1688648400000 1688662740000 2396.60000000 2387.40000000 2399.80000000 2370.00000000 348220472.00000000 145905.00000000
1688634000000 1688648340000 2413.00000000 2396.20000000 2414.40000000 2395.00000000 262901680.80000000 109377.00000000
1688626800000 1688633940000 2406.00000000 2412.80000000 2427.80000000 2391.40000000 493294332.20000000 204169.00000000
1688576400000 1688590200000 2391.80000000 2403.60000000 2405.00000000 2389.20000000 76429688.60000000 31882.00000000
1688562000000 1688576340000 2391.60000000 2391.80000000 2401.00000000 2382.00000000 238511114.60000000 99701.00000000
1688547600000 1688561940000 2413.00000000 2392.20000000 2415.20000000 2380.00000000 392719230.00000000 163677.00000000
1688540400000 1688547540000 2382.00000000 2413.60000000 2421.00000000 2370.00000000 440731683.00000000 183264.00000000
1688490000000 1688503800000 2402.20000000 2366.00000000 2407.80000000 2360.00000000 343802723.40000000 144088.00000000
1688475600000 1688489940000 2384.20000000 2402.20000000 2416.00000000 2370.40000000 266997741.40000000 111687.00000000
1688461200000 1688475540000 2359.40000000 2384.20000000 2384.60000000 2348.80000000 385682504.80000000 163152.00000000
1688454000000 1688461140000 2407.20000000 2359.40000000 2407.20000000 2296.00000000 865981322.40000000 368406.00000000
1688403600000 1688417400000 2395.00000000 2402.80000000 2403.20000000 2381.00000000 173149229.00000000 72350.00000000
1688389200000 1688403540000 2405.80000000 2395.00000000 2406.60000000 2384.80000000 386305087.40000000 161311.00000000
1688374800000 1688389140000 2410.20000000 2405.80000000 2428.60000000 2381.00000000 622598469.60000000 259233.00000000
1688367600000 1688374740000 2456.40000000 2410.00000000 2457.00000000 2392.20000000 460061795.80000000 190140.00000000
1688144400000 1688158200000 2443.40000000 2439.60000000 2443.80000000 2435.00000000 94190592.60000000 38621.00000000
1688130000000 1688144340000 2430.40000000 2443.20000000 2447.40000000 2430.00000000 197294377.20000000 80950.00000000
1688115600000 1688129940000 2445.80000000 2430.20000000 2454.60000000 2420.60000000 358513385.80000000 147071.00000000
1688108400000 1688115540000 2473.00000000 2445.80000000 2487.40000000 2435.20000000 315926165.20000000 128475.00000000
1688058000000 1688071800000 2469.00000000 2468.60000000 2472.00000000 2466.00000000 53431678.60000000 21636.00000000
1688043600000 1688057940000 2474.80000000 2469.00000000 2479.00000000 2458.20000000 269540335.40000000 109176.00000000
1688029200000 1688043540000 2492.40000000 2475.20000000 2497.00000000 2465.80000000 404912224.60000000 163181.00000000
1688022000000 1688029140000 2479.00000000 2492.00000000 2494.80000000 2466.40000000 505493114.20000000 203695.00000000
1687971600000 1687985400000 2458.60000000 2462.00000000 2465.40000000 2455.80000000 132030796.20000000 53659.00000000
1687957200000 1687971540000 2461.20000000 2459.00000000 2472.00000000 2455.00000000 370376748.80000000 150301.00000000
1687942800000 1687957140000 2432.20000000 2459.40000000 2468.80000000 2420.20000000 1054196178.60000000 429691.00000000
1687935600000 1687942740000 2438.40000000 2432.20000000 2470.00000000 2427.20000000 600374252.00000000 245278.00000000
1687885200000 1687899000000 2417.40000000 2431.40000000 2435.00000000 2417.40000000 172158279.40000000 70929.00000000
1687870800000 1687885140000 2422.00000000 2417.40000000 2443.80000000 2417.40000000 555613797.20000000 228365.00000000
1687856400000 1687870740000 2411.40000000 2422.40000000 2430.00000000 2394.20000000 626532291.80000000 259538.00000000
1687849200000 1687856340000 2398.00000000 2411.60000000 2422.80000000 2351.80000000 963183938.20000000 402780.00000000
1687798800000 1687812600000 2352.60000000 2379.00000000 2398.00000000 2294.00000000 1853962187.60000000 790045.00000000
1687784400000 1687798740000 2425.00000000 2352.80000000 2434.20000000 2340.00000000 1248432355.60000000 525585.00000000
1687770000000 1687784340000 2411.00000000 2425.40000000 2440.00000000 2407.00000000 421502170.00000000 173671.00000000
1687762800000 1687769940000 2415.00000000 2410.00000000 2448.00000000 2401.80000000 1059811103.40000000 436777.00000000
1687539600000 1687553400000 2441.00000000 2393.40000000 2450.00000000 2372.00000000 1747085917.80000000 729221.00000000
1687525200000 1687539540000 2444.00000000 2441.00000000 2445.80000000 2395.00000000 980841398.80000000 404569.00000000
1687510800000 1687525140000 2455.00000000 2444.00000000 2463.00000000 2440.20000000 570669223.00000000 232855.00000000
1687503600000 1687510740000 2482.40000000 2455.00000000 2487.60000000 2432.00000000 1222928930.40000000 498519.00000000
1687453200000 1687467000000 2504.20000000 2492.60000000 2506.00000000 2474.00000000 338912135.00000000 136026.00000000
1687438800000 1687453140000 2507.40000000 2504.20000000 2512.80000000 2500.40000000 155176231.80000000 61892.00000000
1687424400000 1687438740000 2519.60000000 2507.40000000 2524.00000000 2497.20000000 408508005.20000000 162674.00000000
1687417200000 1687424340000 2529.20000000 2519.40000000 2537.20000000 2511.00000000 258499962.80000000 102509.00000000
1687366800000 1687380600000 2527.80000000 2529.60000000 2534.80000000 2524.00000000 84176507.80000000 33264.00000000
1687352400000 1687366740000 2532.20000000 2527.60000000 2540.00000000 2517.00000000 236650213.40000000 93644.00000000
1687338000000 1687352340000 2528.60000000 2533.20000000 2542.00000000 2504.40000000 548976791.00000000 217296.00000000
1687330800000 1687337940000 2517.40000000 2528.40000000 2534.40000000 2490.80000000 412708491.00000000 164306.00000000
1687280400000 1687294200000 2502.40000000 2510.60000000 2515.00000000 2502.00000000 92718664.00000000 36943.00000000
1687266000000 1687280340000 2502.40000000 2503.00000000 2516.60000000 2461.00000000 592469011.40000000 237883.00000000
1687251600000 1687265940000 2543.60000000 2501.60000000 2552.60000000 2497.20000000 580071532.60000000 229794.00000000
1687244400000 1687251540000 2504.00000000 2544.00000000 2560.00000000 2491.20000000 831427116.40000000 327973.00000000
1687194000000 1687207800000 2506.40000000 2510.40000000 2514.40000000 2505.80000000 123029890.40000000 49015.00000000
1687179600000 1687193940000 2511.00000000 2506.60000000 2518.00000000 2501.00000000 317459723.00000000 126635.00000000
1687165200000 1687179540000 2521.00000000 2510.40000000 2521.40000000 2475.00000000 1320584678.20000000 529735.00000000
1687158000000 1687165140000 2546.80000000 2520.20000000 2555.60000000 2510.80000000 823080015.40000000 325597.00000000
1686934800000 1686948600000 2535.60000000 2547.00000000 2555.00000000 2534.80000000 386449757.00000000 151955.00000000
1686920400000 1686934740000 2537.00000000 2535.20000000 2589.00000000 2527.00000000 1330394154.00000000 519427.00000000
1686906000000 1686920340000 2547.60000000 2537.20000000 2550.00000000 2500.80000000 1972083106.60000000 781118.00000000
1686895320000 1686905940000 2601.00000000 2547.60000000 2615.00000000 2512.80000000 2782113323.80000000 1087511.00000000
1686848400000 1686862200000 2602.00000000 2600.00000000 2609.00000000 2588.00000000 201276280.20000000 77435.00000000
1686834000000 1686848340000 2626.00000000 2602.00000000 2627.40000000 2585.00000000 655566121.80000000 252361.00000000
1686819600000 1686833940000 2608.20000000 2626.00000000 2628.80000000 2557.00000000 1923870532.40000000 743615.00000000
1686812400000 1686819540000 2640.80000000 2608.00000000 2649.00000000 2606.20000000 679277965.40000000 259088.00000000
1686762000000 1686775800000 2639.20000000 2620.00000000 2655.00000000 2611.00000000 589926842.20000000 223544.00000000
1686747600000 1686761940000 2611.00000000 2639.00000000 2646.60000000 2609.00000000 948254121.20000000 360334.00000000
1686733200000 1686747540000 2596.20000000 2611.00000000 2617.00000000 2576.00000000 700618479.00000000 269637.00000000
1686726000000 1686733140000 2570.00000000 2596.40000000 2630.00000000 2550.40000000 1781233299.80000000 685036.00000000
1686675600000 1686689400000 2536.60000000 2566.80000000 2568.00000000 2535.40000000 368488658.60000000 144462.00000000
1686661200000 1686675540000 2523.20000000 2536.60000000 2549.00000000 2517.00000000 621364982.60000000 245113.00000000
1686646800000 1686661140000 2495.80000000 2523.20000000 2530.00000000 2486.00000000 576266763.80000000 229841.00000000
1686639600000 1686646740000 2506.60000000 2496.00000000 2519.20000000 2470.00000000 815436246.80000000 326421.00000000
1686330000000 1686343800000 2498.20000000 2506.60000000 2523.00000000 2496.00000000 592173871.40000000 235960.00000000
1686315600000 1686329940000 2493.20000000 2498.00000000 2504.00000000 2486.60000000 381279611.60000000 152779.00000000
1686301200000 1686315540000 2513.60000000 2493.00000000 2516.60000000 2481.00000000 1040473013.00000000 417144.00000000
1686294000000 1686301140000 2532.60000000 2513.40000000 2557.00000000 2504.00000000 1407080603.40000000 556231.00000000
1686243600000 1686257400000 2516.20000000 2520.00000000 2520.00000000 2496.80000000 552909602.60000000 220400.00000000
1686229200000 1686243540000 2499.00000000 2516.20000000 2523.00000000 2496.40000000 988909307.80000000 393760.00000000
1686214800000 1686229140000 2487.20000000 2499.00000000 2518.40000000 2466.40000000 2100118327.20000000 841323.00000000
1686207600000 1686214740000 2427.00000000 2487.20000000 2496.60000000 2426.00000000 2796330028.00000000 1131340.00000000
1686157200000 1686171000000 2403.80000000 2425.40000000 2430.00000000 2396.00000000 522532061.00000000 216177.00000000
1686142800000 1686157140000 2385.80000000 2403.60000000 2421.00000000 2371.80000000 1479791199.20000000 617022.00000000
1686128400000 1686142740000 2339.40000000 2385.80000000 2394.80000000 2336.80000000 1168623649.80000000 492391.00000000
1686121200000 1686128340000 2323.20000000 2339.40000000 2345.20000000 2310.60000000 380813445.60000000 163334.00000000
1686070800000 1686084600000 2320.20000000 2323.20000000 2329.00000000 2305.00000000 135263700.00000000 58341.00000000
1686056400000 1686070740000 2305.60000000 2320.20000000 2334.60000000 2302.00000000 447895326.00000000 193085.00000000
1686042000000 1686056340000 2295.00000000 2305.40000000 2313.00000000 2280.80000000 325888626.80000000 141721.00000000
1686034800000 1686041940000 2290.00000000 2296.40000000 2324.20000000 2260.20000000 668862917.20000000 292223.00000000
1685984400000 1685998200000 2320.80000000 2305.80000000 2323.80000000 2282.00000000 309253585.20000000 134252.00000000
1685970000000 1685984340000 2345.00000000 2321.00000000 2354.00000000 2310.00000000 397191412.60000000 170499.00000000
1685955600000 1685969940000 2355.00000000 2344.80000000 2375.00000000 2310.00000000 802224908.40000000 341592.00000000
1685948400000 1685955540000 2340.00000000 2355.00000000 2383.20000000 2323.00000000 663956471.20000000 282269.00000000
1685725200000 1685739000000 2330.80000000 2343.60000000 2348.00000000 2327.00000000 194733087.00000000 83238.00000000
1685710800000 1685725140000 2322.00000000 2330.80000000 2345.00000000 2320.00000000 433071991.60000000 185672.00000000
1685696400000 1685710740000 2318.80000000 2323.00000000 2327.00000000 2307.00000000 278980403.00000000 120359.00000000
1685689200000 1685696340000 2324.80000000 2318.80000000 2334.80000000 2292.20000000 381388247.80000000 164857.00000000
1685638800000 1685652600000 2323.60000000 2313.40000000 2334.80000000 2310.00000000 176729897.40000000 76174.00000000
1685624400000 1685638740000 2324.00000000 2323.60000000 2335.80000000 2310.00000000 336789759.20000000 144880.00000000
1685610000000 1685624340000 2334.20000000 2323.40000000 2336.40000000 2294.80000000 570626385.60000000 246125.00000000
1685602800000 1685609940000 2328.20000000 2334.20000000 2356.00000000 2318.00000000 449019046.20000000 191863.00000000
1685552400000 1685566200000 2327.00000000 2324.20000000 2330.00000000 2320.00000000 117996340.80000000 50779.00000000
1685538000000 1685552340000 2308.40000000 2326.00000000 2353.00000000 2301.60000000 611106041.80000000 262390.00000000
1685523600000 1685537940000 2276.40000000 2308.40000000 2309.60000000 2276.40000000 607934443.60000000 265268.00000000
1685516400000 1685523540000 2299.60000000 2276.40000000 2300.00000000 2244.20000000 1039125884.20000000 457601.00000000
1685466000000 1685479800000 2302.60000000 2303.60000000 2316.80000000 2297.20000000 289597483.40000000 125594.00000000
1685451600000 1685465940000 2372.60000000 2303.40000000 2374.00000000 2263.00000000 1776579030.80000000 767122.00000000
1685437200000 1685451540000 2355.40000000 2372.60000000 2385.00000000 2355.20000000 508294312.40000000 214047.00000000
1685430000000 1685437140000 2315.00000000 2355.20000000 2375.00000000 2300.00000000 1369116717.00000000 582582.00000000
1685379600000 1685393400000 2387.00000000 2390.00000000 2410.00000000 2373.20000000 776952344.80000000 324745.00000000
1685365200000 1685379540000 2317.20000000 2387.00000000 2390.00000000 2317.00000000 1663381496.40000000 703207.00000000
1685350800000 1685365140000 2307.40000000 2317.80000000 2323.40000000 2300.60000000 404415923.00000000 174677.00000000
1685343600000 1685350740000 2335.00000000 2307.40000000 2339.00000000 2295.60000000 661384138.60000000 286036.00000000
1685120400000 1685134200000 2325.40000000 2322.00000000 2326.80000000 2311.20000000 303230427.00000000 130712.00000000
1685106000000 1685120340000 2323.00000000 2324.80000000 2333.00000000 2310.40000000 336299641.20000000 144841.00000000
1685091600000 1685105940000 2321.00000000 2323.20000000 2345.00000000 2294.20000000 922445779.20000000 397944.00000000
1685084400000 1685091540000 2356.00000000 2321.00000000 2357.60000000 2309.00000000 973187593.00000000 418460.00000000
1685034000000 1685047800000 2337.40000000 2350.00000000 2350.00000000 2327.00000000 591324106.00000000 252760.00000000
1685019600000 1685033940000 2314.20000000 2337.40000000 2345.80000000 2301.00000000 1908266449.20000000 821375.00000000
1685005200000 1685019540000 2168.40000000 2314.20000000 2336.80000000 2168.20000000 4682569250.00000000 2042444.00000000
1684998000000 1685005140000 2222.00000000 2168.60000000 2226.80000000 2165.60000000 637037514.00000000 291308.00000000
1684947600000 1684961400000 2209.20000000 2220.00000000 2229.00000000 2196.00000000 205090165.20000000 92818.00000000
1684933200000 1684947540000 2197.20000000 2209.00000000 2230.00000000 2195.00000000 528422288.20000000 238773.00000000
1684918800000 1684933140000 2224.00000000 2197.20000000 2228.00000000 2172.20000000 1150323849.80000000 523422.00000000
1684911600000 1684918740000 2244.00000000 2224.00000000 2256.40000000 2219.60000000 402943590.20000000 180496.00000000
1684861200000 1684875000000 2256.60000000 2242.80000000 2265.00000000 2240.20000000 236982251.80000000 105254.00000000
1684846800000 1684861140000 2227.40000000 2255.80000000 2268.00000000 2219.00000000 439823505.80000000 195971.00000000
1684832400000 1684846740000 2220.00000000 2228.00000000 2260.00000000 2212.20000000 900980001.20000000 403055.00000000
1684825200000 1684832340000 2318.00000000 2221.20000000 2330.00000000 2218.00000000 1592142137.60000000 702079.00000000
1684774800000 1684788600000 2268.80000000 2300.00000000 2307.60000000 2262.00000000 507166937.80000000 222136.00000000
1684760400000 1684774740000 2247.00000000 2268.60000000 2287.00000000 2245.00000000 795121389.60000000 350278.00000000
1684746000000 1684760340000 2306.00000000 2247.00000000 2306.80000000 2235.00000000 2189313675.00000000 964719.00000000
1684738800000 1684745940000 2300.00000000 2306.00000000 2371.40000000 2271.00000000 5175713518.20000000 2233731.00000000
1684515600000 1684529400000 2206.00000000 2223.20000000 2227.00000000 2193.00000000 648292352.20000000 293490.00000000
1684501200000 1684515540000 2210.20000000 2205.20000000 2243.60000000 2195.40000000 2520234436.40000000 1133220.00000000
1684486800000 1684501140000 2123.20000000 2209.20000000 2285.40000000 2120.80000000 8438443147.40000000 3824581.00000000
1684479600000 1684486740000 2033.00000000 2123.60000000 2139.00000000 2020.00000000 2734290291.60000000 1301089.00000000
1684429200000 1684443000000 2040.40000000 2032.80000000 2041.80000000 2030.00000000 71000837.80000000 34864.00000000
1684414800000 1684429140000 2035.00000000 2041.40000000 2045.00000000 2026.00000000 217460454.40000000 106851.00000000
1684400400000 1684414740000 2047.00000000 2035.00000000 2054.40000000 2030.80000000 281710476.40000000 137894.00000000
1684393200000 1684400340000 2064.00000000 2046.60000000 2072.80000000 2034.80000000 336650812.00000000 163832.00000000
1684342800000 1684356600000 2054.00000000 2058.00000000 2059.00000000 2051.40000000 79524613.20000000 38700.00000000
1684328400000 1684342740000 2070.20000000 2054.00000000 2077.80000000 2045.60000000 303475053.20000000 147189.00000000
1684314000000 1684328340000 2039.00000000 2070.40000000 2072.20000000 2034.60000000 352478102.20000000 171655.00000000
1684306800000 1684313940000 2047.40000000 2039.00000000 2050.40000000 2028.00000000 193675774.20000000 95079.00000000
1684256400000 1684270200000 2038.20000000 2045.60000000 2047.80000000 2037.00000000 52363662.40000000 25642.00000000
1684242000000 1684256340000 2033.00000000 2038.00000000 2041.00000000 2027.00000000 107959369.20000000 53065.00000000
1684227600000 1684241940000 2035.20000000 2032.60000000 2042.60000000 2022.00000000 252314890.60000000 124167.00000000
1684220400000 1684227540000 2056.60000000 2035.40000000 2063.60000000 2035.20000000 341219491.40000000 166750.00000000
1684170000000 1684183800000 2035.00000000 2049.60000000 2050.00000000 2034.80000000 159347501.20000000 78004.00000000
1684155600000 1684169940000 2034.40000000 2035.20000000 2037.40000000 2025.00000000 144924660.00000000 71375.00000000
1684141200000 1684155540000 2027.60000000 2034.40000000 2043.40000000 2027.00000000 264069202.40000000 129738.00000000
1684134000000 1684141140000 2020.00000000 2027.60000000 2038.40000000 2013.20000000 272270628.40000000 134122.00000000
1683910800000 1683924600000 1999.40000000 2012.00000000 2012.60000000 1996.80000000 84397341.40000000 42119.00000000
1683896400000 1683910740000 2002.40000000 1998.80000000 2012.40000000 1993.00000000 190521416.60000000 95067.00000000
1683882000000 1683896280000 2000.40000000 2002.60000000 2006.60000000 1991.00000000 175563572.40000000 87823.00000000
1683874800000 1683881940000 2000.00000000 1999.40000000 2017.00000000 1991.40000000 259818135.80000000 129735.00000000
1683824400000 1683838200000 2040.00000000 2007.20000000 2041.00000000 1961.00000000 1008313929.40000000 506034.00000000
1683810000000 1683824340000 2026.00000000 2040.00000000 2044.80000000 2022.00000000 232779439.60000000 114454.00000000
1683795600000 1683809940000 2039.60000000 2027.20000000 2041.40000000 2001.20000000 589168570.20000000 291181.00000000
1683788400000 1683795540000 2030.00000000 2039.60000000 2052.00000000 2012.00000000 662102037.20000000 324430.00000000
1683738000000 1683751800000 1999.00000000 2008.80000000 2012.00000000 1993.00000000 177533967.20000000 88593.00000000
1683723600000 1683737940000 1993.80000000 1998.80000000 1999.00000000 1975.20000000 287470796.40000000 144480.00000000
1683709200000 1683723540000 1975.00000000 1994.00000000 1995.00000000 1971.00000000 448149429.80000000 226046.00000000
1683702000000 1683709140000 1956.00000000 1975.00000000 1991.00000000 1945.80000000 387901965.80000000 196825.00000000
1683565200000 1683579000000 1944.60000000 1943.00000000 1950.00000000 1940.00000000 53991355.80000000 27787.00000000
1683550800000 1683565140000 1940.60000000 1944.00000000 1946.80000000 1938.00000000 58584979.20000000 30160.00000000
1683536400000 1683550740000 1960.00000000 1940.60000000 1960.00000000 1930.40000000 116641593.40000000 59981.00000000
1683529200000 1683536340000 1949.00000000 1960.00000000 1969.00000000 1949.00000000 94275409.20000000 48091.00000000
1683306000000 1683319800000 1963.80000000 1948.00000000 1966.80000000 1946.20000000 127186238.80000000 65165.00000000
1683291600000 1683305940000 1961.00000000 1962.60000000 1969.80000000 1949.00000000 226085589.40000000 115533.00000000
1683277200000 1683291540000 1966.20000000 1960.20000000 1978.60000000 1959.20000000 168096166.60000000 85396.00000000
1683270000000 1683277140000 1979.40000000 1966.20000000 1988.20000000 1955.00000000 311829665.00000000 158325.00000000
1683219600000 1683233400000 1959.40000000 1979.60000000 1980.00000000 1955.80000000 97030153.20000000 49293.00000000
1683205200000 1683219540000 1967.80000000 1960.00000000 1969.00000000 1940.00000000 286607343.80000000 146727.00000000
1683190800000 1683205140000 1952.20000000 1967.20000000 1992.40000000 1947.20000000 414838151.80000000 210583.00000000
1683183600000 1683190740000 1935.00000000 1952.00000000 1972.80000000 1930.20000000 594376887.20000000 304852.00000000
1683133200000 1683147000000 1958.00000000 1930.40000000 1962.20000000 1922.20000000 306996302.60000000 158279.00000000
1683118800000 1683133140000 1990.40000000 1958.00000000 2002.00000000 1945.00000000 703451448.80000000 357136.00000000
1683104400000 1683118740000 2006.20000000 1990.40000000 2015.00000000 1980.00000000 520220773.80000000 260039.00000000
1683097200000 1683104340000 2028.60000000 2006.20000000 2028.60000000 1954.60000000 600909204.60000000 303189.00000000
1683046800000 1683060600000 2023.60000000 2015.00000000 2025.00000000 2010.60000000 82740235.80000000 41032.00000000
1683032400000 1683046740000 2020.40000000 2023.00000000 2026.00000000 1980.00000000 898615459.20000000 448472.00000000
1683018000000 1683032340000 2057.20000000 2020.60000000 2069.00000000 2008.00000000 650779728.60000000 319881.00000000
1683010800000 1683017940000 2075.00000000 2057.20000000 2099.00000000 2051.40000000 409660160.20000000 197038.00000000
1682701200000 1682715000000 2076.00000000 2070.60000000 2076.20000000 2066.00000000 80187853.00000000 38727.00000000
1682686800000 1682701140000 2070.20000000 2076.00000000 2088.40000000 2063.00000000 239440951.00000000 115311.00000000
1682672400000 1682686740000 2074.00000000 2070.00000000 2083.60000000 2050.20000000 524001836.40000000 253836.00000000
1682665200000 1682672340000 2102.00000000 2073.80000000 2108.00000000 2065.00000000 455693599.80000000 218608.00000000
1682614800000 1682628600000 2099.40000000 2101.60000000 2104.60000000 2096.40000000 122377908.40000000 58286.00000000
1682600400000 1682614740000 2091.80000000 2099.40000000 2108.60000000 2086.00000000 377898641.40000000 180004.00000000
1682586000000 1682600340000 2137.80000000 2092.40000000 2159.00000000 2082.00000000 2140876232.40000000 1009338.00000000
1682578800000 1682585940000 2123.20000000 2137.80000000 2146.80000000 2110.00000000 949985896.40000000 445285.00000000
1682528400000 1682542200000 2118.80000000 2113.00000000 2120.00000000 2106.00000000 187011357.40000000 88548.00000000
1682514000000 1682528340000 2105.40000000 2118.80000000 2125.00000000 2100.00000000 640145353.80000000 302756.00000000
1682499600000 1682513940000 2086.80000000 2105.40000000 2117.20000000 2083.00000000 1098026312.60000000 522796.00000000
1682492400000 1682499540000 2063.00000000 2086.80000000 2094.20000000 2059.60000000 355026513.60000000 170449.00000000
1682442000000 1682455800000 2063.20000000 2059.40000000 2063.40000000 2055.00000000 58665095.00000000 28482.00000000
1682441340000 1682441940000 2062.00000000 2063.20000000 2063.40000000 2062.00000000 994118.00000000 482.00000000
1682427600000 1682441280000 2063.80000000 2062.60000000 2067.40000000 2055.00000000 105267086.40000000 51046.00000000
1682413200000 1682427540000 2066.00000000 2063.40000000 2068.60000000 2044.00000000 362762471.40000000 176487.00000000
1682406000000 1682413140000 2087.40000000 2066.40000000 2088.20000000 2051.00000000 314095601.40000000 151976.00000000
1682355600000 1682369400000 2078.80000000 2080.00000000 2080.00000000 2070.00000000 98217768.00000000 47295.00000000
1682341200000 1682355540000 2068.00000000 2078.80000000 2080.00000000 2066.20000000 202518008.40000000 97741.00000000
1682326800000 1682341140000 2081.00000000 2068.80000000 2082.00000000 2065.80000000 263167875.40000000 126645.00000000
1682319600000 1682326740000 2087.00000000 2081.00000000 2108.20000000 2071.00000000 488568503.80000000 233733.00000000
1682096400000 1682110200000 2075.00000000 2086.80000000 2088.20000000 2075.00000000 117869757.20000000 56591.00000000
1682082000000 1682096340000 2066.40000000 2075.00000000 2096.00000000 2066.40000000 684011436.80000000 328191.00000000
1682067600000 1682081940000 2087.80000000 2066.60000000 2090.00000000 2065.00000000 589769867.00000000 284079.00000000
1682060400000 1682067540000 2106.60000000 2087.80000000 2128.60000000 2062.00000000 1176748521.60000000 561606.00000000
1682010000000 1682023800000 2088.40000000 2098.60000000 2100.00000000 2084.00000000 366091805.20000000 174903.00000000
1681995600000 1682009940000 2040.80000000 2088.00000000 2100.00000000 2039.40000000 1732070859.20000000 833537.00000000
1681981200000 1681995540000 1970.00000000 2040.20000000 2048.20000000 1970.00000000 1583414476.40000000 782845.00000000
1681974000000 1681981140000 1996.20000000 1969.60000000 2008.80000000 1963.20000000 284752346.60000000 143272.00000000
1681923600000 1681937400000 1996.60000000 1989.60000000 1996.60000000 1981.40000000 102659385.20000000 51554.00000000
1681909200000 1681923540000 1999.00000000 1996.60000000 2000.00000000 1962.00000000 505196349.80000000 254571.00000000
1681894800000 1681909140000 1974.60000000 1999.00000000 2028.20000000 1970.00000000 1258414811.60000000 627435.00000000
1681887600000 1681894740000 1987.00000000 1974.60000000 1987.40000000 1970.00000000 144156951.80000000 72827.00000000
1681837200000 1681851000000 1978.20000000 1981.40000000 1985.00000000 1975.00000000 90263047.40000000 45566.00000000
1681822800000 1681837140000 1966.20000000 1977.20000000 1985.00000000 1961.60000000 344665733.20000000 174434.00000000
1681808400000 1681822740000 1967.20000000 1966.20000000 1970.00000000 1953.00000000 239480129.20000000 122107.00000000
1681801200000 1681808340000 1970.00000000 1967.20000000 1976.80000000 1962.00000000 157785944.80000000 80141.00000000
1681750800000 1681764600000 1964.60000000 1964.80000000 1965.00000000 1960.00000000 84145555.60000000 42861.00000000
1681736400000 1681750740000 1952.20000000 1964.20000000 1980.00000000 1950.00000000 228259137.60000000 116439.00000000
1681722000000 1681736340000 1957.00000000 1952.40000000 1957.80000000 1948.00000000 196226531.80000000 100531.00000000
1681714800000 1681721940000 1955.00000000 1956.80000000 1966.60000000 1952.00000000 146566842.80000000 74776.00000000
1681491600000 1681505400000 1946.00000000 1945.00000000 1949.00000000 1944.00000000 34115801.40000000 17524.00000000
1681477200000 1681491420000 1944.80000000 1946.00000000 1950.00000000 1942.20000000 84532583.20000000 43427.00000000
1681462800000 1681477140000 1943.40000000 1945.00000000 1946.80000000 1940.00000000 93383036.40000000 48087.00000000
1681455600000 1681462740000 1957.00000000 1943.40000000 1959.60000000 1940.40000000 125330795.00000000 64306.00000000
1681405200000 1681419000000 1953.40000000 1954.00000000 1957.00000000 1950.20000000 43309405.00000000 22163.00000000
1681390800000 1681405140000 1949.80000000 1953.60000000 1954.80000000 1945.00000000 115561080.20000000 59280.00000000
1681376400000 1681390740000 1944.40000000 1950.00000000 1959.00000000 1942.40000000 176104334.80000000 90341.00000000
1681369200000 1681376340000 1959.40000000 1943.60000000 1966.80000000 1942.00000000 140125013.20000000 71722.00000000
1681318800000 1681332600000 1951.60000000 1953.60000000 1955.40000000 1949.00000000 30420153.00000000 15580.00000000
1681304400000 1681318740000 1955.80000000 1951.80000000 1957.00000000 1945.00000000 126318865.20000000 64732.00000000
1681290000000 1681304340000 1942.20000000 1955.60000000 1959.00000000 1935.20000000 223031514.80000000 114411.00000000
1681282800000 1681289940000 1962.00000000 1942.20000000 1969.80000000 1942.20000000 224533510.20000000 115008.00000000
1681232400000 1681246200000 1952.20000000 1952.20000000 1956.40000000 1940.00000000 139615867.80000000 71664.00000000
1681218000000 1681232340000 1972.40000000 1952.20000000 1973.00000000 1927.80000000 822933698.00000000 421640.00000000
1681203600000 1681217940000 1998.00000000 1972.20000000 2006.80000000 1961.00000000 426791698.20000000 214234.00000000
1681196400000 1681203540000 1998.00000000 1998.00000000 2019.00000000 1986.80000000 752132669.00000000 375459.00000000
1681146000000 1681159800000 1992.00000000 1993.00000000 1994.00000000 1981.00000000 181558638.60000000 91278.00000000
1681131600000 1681145940000 1974.40000000 1992.00000000 1995.00000000 1971.20000000 360894510.40000000 181564.00000000
1681117200000 1681131540000 1968.00000000 1974.80000000 1998.20000000 1965.00000000 1331200009.60000000 671556.00000000
1681110000000 1681117140000 1925.00000000 1968.20000000 1975.00000000 1922.20000000 863631716.00000000 441860.00000000
1680886800000 1680900600000 1919.00000000 1919.80000000 1920.40000000 1914.60000000 44514157.20000000 23194.00000000
1680872400000 1680886740000 1912.40000000 1919.40000000 1923.00000000 1911.00000000 95188787.80000000 49647.00000000
1680858000000 1680872340000 1921.00000000 1912.60000000 1923.80000000 1910.40000000 128605060.80000000 67051.00000000
1680857940000 1680857940000 1920.40000000 1920.60000000 1921.00000000 1920.40000000 48011.20000000 25.00000000
1680850800000 1680857880000 1917.00000000 1919.60000000 1925.00000000 1910.60000000 106526637.40000000 55499.00000000
1680800400000 1680814200000 1914.60000000 1912.80000000 1915.40000000 1911.00000000 35253602.60000000 18428.00000000
1680786000000 1680800340000 1927.00000000 1914.60000000 1927.20000000 1906.20000000 229696719.60000000 119937.00000000
1680771600000 1680785940000 1924.00000000 1927.00000000 1929.80000000 1922.60000000 160860234.80000000 83502.00000000
1680764400000 1680771540000 1907.20000000 1923.80000000 1934.00000000 1906.20000000 385168054.20000000 200238.00000000
1680714000000 1680727800000 1905.40000000 1907.20000000 1907.20000000 1904.40000000 31483690.60000000 16517.00000000
1680699600000 1680713940000 1902.00000000 1905.40000000 1907.00000000 1900.00000000 68671100.80000000 36088.00000000
1680685200000 1680699540000 1899.40000000 1902.00000000 1908.00000000 1899.00000000 146452132.60000000 76926.00000000
1680678000000 1680685140000 1905.80000000 1899.20000000 1909.00000000 1892.00000000 136289427.80000000 71782.00000000
1680627600000 1680641400000 1904.00000000 1905.00000000 1907.00000000 1901.20000000 37771517.60000000 19834.00000000
1680613200000 1680627540000 1912.20000000 1904.00000000 1914.20000000 1896.40000000 202857035.60000000 106498.00000000
1680598800000 1680613140000 1913.80000000 1912.20000000 1925.00000000 1901.00000000 313108805.20000000 163452.00000000
1680591600000 1680598740000 1917.00000000 1913.80000000 1920.00000000 1908.00000000 106969708.00000000 55896.00000000
1680541200000 1680555000000 1908.00000000 1913.00000000 1915.00000000 1908.00000000 39143679.60000000 20467.00000000
1680526800000 1680541140000 1916.00000000 1907.40000000 1918.80000000 1906.00000000 150604525.80000000 78724.00000000
1680512400000 1680526740000 1907.00000000 1916.00000000 1917.60000000 1906.00000000 146985268.00000000 76946.00000000
1680505200000 1680512340000 1910.60000000 1906.60000000 1919.00000000 1902.60000000 93388629.40000000 48909.00000000
1680282000000 1680295800000 1899.20000000 1901.60000000 1906.20000000 1898.20000000 57191497.80000000 30075.00000000
1680267600000 1680281940000 1895.20000000 1899.40000000 1901.00000000 1893.20000000 114607045.80000000 60463.00000000
1680253200000 1680267540000 1903.60000000 1895.80000000 1905.40000000 1888.40000000 234550459.60000000 123731.00000000
1680246000000 1680253140000 1924.00000000 1904.00000000 1924.00000000 1901.00000000 171111780.00000000 89673.00000000
1680195600000 1680209400000 1918.20000000 1917.40000000 1921.00000000 1916.00000000 39402825.20000000 20538.00000000
1680181200000 1680195540000 1916.00000000 1918.20000000 1925.00000000 1911.00000000 145148884.00000000 75777.00000000
1680166800000 1680181140000 1924.00000000 1916.20000000 1924.80000000 1915.00000000 151702768.60000000 79027.00000000
1680159600000 1680166740000 1919.60000000 1924.00000000 1926.40000000 1916.20000000 105102962.20000000 54682.00000000
1680109200000 1680123000000 1916.40000000 1919.60000000 1926.40000000 1916.00000000 57138954.80000000 29741.00000000
1680094800000 1680109140000 1920.00000000 1916.40000000 1924.00000000 1910.20000000 159475118.80000000 83185.00000000
1680080400000 1680094740000 1917.60000000 1919.40000000 1924.80000000 1913.00000000 129127683.80000000 67292.00000000
1680073200000 1680080340000 1932.40000000 1916.80000000 1936.80000000 1907.00000000 174847548.80000000 91113.00000000
1680022800000 1680036600000 1927.20000000 1929.60000000 1933.40000000 1924.80000000 44712796.60000000 23184.00000000
1680008400000 1680022740000 1929.40000000 1927.00000000 1932.00000000 1925.00000000 69942469.60000000 36274.00000000
1679994000000 1680008340000 1928.40000000 1930.00000000 1937.00000000 1920.80000000 191965518.20000000 99577.00000000
1679986800000 1679993940000 1923.60000000 1928.40000000 1947.00000000 1923.00000000 376728066.20000000 194631.00000000
1679936400000 1679950200000 1914.80000000 1919.60000000 1920.00000000 1914.00000000 104376546.60000000 54425.00000000
1679922000000 1679936340000 1915.00000000 1914.80000000 1916.60000000 1908.00000000 152708313.40000000 79803.00000000
1679907600000 1679921940000 1903.20000000 1915.00000000 1920.00000000 1903.20000000 278832108.80000000 145756.00000000
1679900400000 1679907540000 1888.40000000 1903.20000000 1907.20000000 1888.40000000 171605923.80000000 90234.00000000
1679677200000 1679691000000 1890.80000000 1886.40000000 1892.00000000 1880.00000000 67107063.40000000 35599.00000000
1679662800000 1679677140000 1889.20000000 1891.00000000 1894.00000000 1881.00000000 107640838.80000000 57024.00000000
1679648400000 1679662740000 1897.20000000 1889.00000000 1901.60000000 1887.00000000 99097569.80000000 52346.00000000
1679641200000 1679648340000 1905.00000000 1897.00000000 1909.00000000 1892.00000000 73430256.40000000 38587.00000000
1679590800000 1679604600000 1903.20000000 1902.00000000 1904.40000000 1895.60000000 53506023.40000000 28155.00000000
1679576400000 1679590740000 1901.80000000 1903.20000000 1907.60000000 1898.40000000 128510192.40000000 67523.00000000
1679562000000 1679576340000 1898.00000000 1901.60000000 1906.00000000 1893.20000000 181922494.00000000 95673.00000000
1679554800000 1679561940000 1886.20000000 1898.00000000 1906.00000000 1885.20000000 137830384.80000000 72559.00000000
1679504400000 1679518200000 1886.80000000 1887.80000000 1903.40000000 1886.00000000 128588396.60000000 67859.00000000
1679490000000 1679504340000 1884.20000000 1886.00000000 1889.20000000 1879.00000000 149264848.80000000 79263.00000000
1679475600000 1679489940000 1872.00000000 1883.80000000 1884.40000000 1870.00000000 191646233.20000000 102051.00000000
1679468400000 1679475540000 1885.00000000 1872.00000000 1898.20000000 1866.60000000 223257499.00000000 118817.00000000
1679418000000 1679431800000 1884.60000000 1887.60000000 1893.20000000 1883.00000000 61142892.80000000 32388.00000000
1679403600000 1679417940000 1904.80000000 1884.60000000 1909.40000000 1866.00000000 332826786.00000000 175932.00000000
1679389200000 1679403540000 1909.80000000 1904.20000000 1914.40000000 1898.20000000 218261779.60000000 114604.00000000
1679382000000 1679389140000 1915.00000000 1909.60000000 1920.00000000 1896.20000000 269410668.60000000 141169.00000000
1679331600000 1679345400000 1910.60000000 1910.00000000 1912.80000000 1905.40000000 128565335.20000000 67370.00000000
1679317200000 1679331540000 1894.80000000 1910.60000000 1915.00000000 1893.20000000 420628980.20000000 220716.00000000
1679302800000 1679317140000 1892.40000000 1894.60000000 1900.00000000 1885.00000000 433517020.80000000 228675.00000000
1679295600000 1679302740000 1900.00000000 1892.00000000 1909.40000000 1881.00000000 281846222.20000000 148753.00000000
1679072400000 1679086200000 1881.60000000 1898.00000000 1899.20000000 1875.00000000 124571528.60000000 66067.00000000
1679058000000 1679072340000 1880.80000000 1881.60000000 1890.00000000 1877.60000000 292074738.40000000 155102.00000000
1679043600000 1679057940000 1867.40000000 1880.60000000 1883.20000000 1863.40000000 431360359.60000000 230020.00000000
1679033100000 1679043540000 1849.80000000 1866.80000000 1877.00000000 1847.20000000 609408363.40000000 327394.00000000
1678986000000 1678999800000 1849.60000000 1851.00000000 1854.00000000 1840.00000000 85595273.40000000 46301.00000000
1678971600000 1678985940000 1820.80000000 1849.80000000 1856.00000000 1815.00000000 637006297.80000000 348009.00000000
1678957200000 1678971540000 1862.20000000 1820.60000000 1868.20000000 1812.00000000 1074411581.80000000 585578.00000000
1678950000000 1678957140000 1855.00000000 1862.00000000 1882.00000000 1839.40000000 530363864.00000000 284526.00000000
1678899600000 1678913400000 1877.20000000 1864.20000000 1889.40000000 1860.00000000 278387713.20000000 148668.00000000
1678885200000 1678899540000 1886.60000000 1877.00000000 1887.20000000 1872.00000000 313125423.80000000 166697.00000000
1678870800000 1678885140000 1903.60000000 1886.60000000 1904.60000000 1881.20000000 284592614.60000000 150525.00000000
1678863600000 1678870740000 1906.80000000 1903.80000000 1910.80000000 1898.20000000 148786323.60000000 78118.00000000
1678813200000 1678827000000 1901.60000000 1901.20000000 1902.40000000 1892.60000000 94196247.80000000 49624.00000000
1678798800000 1678813140000 1893.40000000 1901.80000000 1908.00000000 1892.00000000 185600506.60000000 97592.00000000
1678784400000 1678798740000 1900.60000000 1893.80000000 1900.80000000 1886.00000000 231664009.80000000 122423.00000000
1678777200000 1678784340000 1912.20000000 1900.60000000 1913.80000000 1893.60000000 207455296.40000000 109153.00000000
1678726800000 1678740600000 1905.80000000 1907.40000000 1908.80000000 1902.80000000 50135956.60000000 26298.00000000
1678712400000 1678726740000 1905.20000000 1905.80000000 1912.40000000 1880.40000000 705906005.80000000 372880.00000000
1678698000000 1678712340000 1935.00000000 1905.40000000 1937.80000000 1903.80000000 338866770.60000000 176391.00000000
1678690800000 1678697940000 1919.40000000 1935.00000000 1939.60000000 1919.40000000 201336418.40000000 104222.00000000
1678467600000 1678481400000 1921.80000000 1917.00000000 1921.80000000 1916.40000000 64191547.00000000 33466.00000000
1678453200000 1678467540000 1915.60000000 1921.80000000 1925.00000000 1915.60000000 154400367.00000000 80421.00000000
1678438800000 1678453140000 1932.40000000 1915.60000000 1933.20000000 1911.00000000 389621475.60000000 202831.00000000
1678431600000 1678438740000 1933.80000000 1931.80000000 1940.00000000 1925.00000000 317057944.60000000 164201.00000000
1678381200000 1678395000000 1942.80000000 1942.00000000 1943.60000000 1941.20000000 49463414.20000000 25464.00000000
1678366800000 1678381140000 1945.20000000 1942.60000000 1946.00000000 1935.40000000 293667840.20000000 151311.00000000
1678352400000 1678366740000 1947.00000000 1945.20000000 1951.00000000 1941.00000000 233551669.40000000 120017.00000000
1678345200000 1678352340000 1962.00000000 1947.00000000 1970.40000000 1943.40000000 323993790.80000000 165938.00000000
1678208400000 1678222200000 1964.00000000 1961.80000000 1966.00000000 1960.00000000 57595219.40000000 29349.00000000
1678194000000 1678208340000 1965.80000000 1964.00000000 1968.80000000 1960.00000000 111547138.00000000 56760.00000000
1678179600000 1678193940000 1965.80000000 1965.40000000 1967.00000000 1959.20000000 285267697.20000000 145355.00000000
1678172400000 1678179540000 1974.80000000 1966.00000000 1978.60000000 1956.20000000 208784007.00000000 106255.00000000
1678122000000 1678135800000 1976.00000000 1973.00000000 1977.20000000 1972.00000000 77236918.00000000 39111.00000000
1678107600000 1678121940000 1971.20000000 1976.40000000 1979.00000000 1971.20000000 249090800.40000000 126177.00000000
1678093200000 1678107540000 1980.00000000 1971.20000000 1983.00000000 1968.60000000 379703398.00000000 192446.00000000
1678086000000 1678093140000 1996.00000000 1981.00000000 1999.20000000 1964.00000000 456620503.20000000 230332.00000000
1677862800000 1677876600000 1982.60000000 1984.20000000 1987.60000000 1976.40000000 90947424.40000000 45865.00000000
1677848400000 1677862740000 1989.80000000 1982.60000000 1991.00000000 1932.40000000 266189555.00000000 134424.00000000
1677834000000 1677848340000 1986.80000000 1990.00000000 1991.20000000 1982.60000000 167187664.60000000 84121.00000000
1677826800000 1677833940000 1970.40000000 1986.80000000 1988.00000000 1970.40000000 179761870.60000000 90735.00000000
1677776400000 1677790200000 1980.00000000 1970.80000000 1981.80000000 1965.80000000 115751264.60000000 58605.00000000
1677762000000 1677776340000 1975.40000000 1979.80000000 1981.80000000 1955.20000000 624225976.20000000 316820.00000000
1677747600000 1677761940000 2024.20000000 1975.20000000 2024.80000000 1964.00000000 1549972037.40000000 781020.00000000
1677740400000 1677747540000 2037.80000000 2024.00000000 2037.80000000 2010.40000000 125454511.80000000 62010.00000000
1677690000000 1677703800000 2030.00000000 2033.80000000 2034.80000000 2029.20000000 59263210.40000000 29160.00000000
1677675600000 1677689940000 2029.40000000 2030.20000000 2032.00000000 2020.20000000 101104208.80000000 49911.00000000
1677661200000 1677675540000 2034.20000000 2030.00000000 2036.00000000 2022.80000000 175092221.60000000 86221.00000000
1677654000000 1677661140000 2016.00000000 2034.00000000 2040.00000000 2015.00000000 361899842.40000000 178223.00000000
1677603600000 1677617400000 2014.80000000 2015.00000000 2017.00000000 2014.00000000 28116775.40000000 13950.00000000
1677589200000 1677603540000 2012.80000000 2015.00000000 2023.00000000 2011.00000000 126779059.80000000 62905.00000000
1677574800000 1677589140000 2016.40000000 2012.80000000 2020.80000000 2010.40000000 208256480.80000000 103302.00000000
1677567600000 1677574740000 2015.00000000 2016.20000000 2036.00000000 2010.00000000 350873001.00000000 173404.00000000
1677517200000 1677531000000 2015.80000000 2007.40000000 2015.80000000 2001.80000000 73985893.00000000 36784.00000000
1677502800000 1677517140000 1976.40000000 2014.60000000 2025.00000000 1973.00000000 690022270.80000000 344465.00000000
1677488400000 1677502740000 1980.80000000 1976.40000000 1983.40000000 1967.20000000 205241017.80000000 103899.00000000
1677481200000 1677488340000 1948.00000000 1981.00000000 1988.40000000 1930.20000000 360456201.20000000 183479.00000000
1677258000000 1677271800000 1990.00000000 1986.60000000 1991.00000000 1981.00000000 46757782.00000000 23554.00000000
1677243600000 1677257940000 1984.60000000 1990.00000000 1995.00000000 1984.00000000 47741929.00000000 24001.00000000
1677229200000 1677243480000 1994.20000000 1985.00000000 1998.00000000 1983.20000000 76454720.00000000 38388.00000000
1677222000000 1677229140000 1986.40000000 1994.00000000 1998.20000000 1980.40000000 117572687.60000000 59018.00000000
1677085200000 1677099000000 1984.40000000 1980.40000000 1985.00000000 1980.00000000 41306180.40000000 20842.00000000
1677070800000 1677085140000 1988.00000000 1984.40000000 1991.00000000 1980.80000000 121596468.80000000 61199.00000000
1677056400000 1677070740000 1985.80000000 1987.60000000 1988.00000000 1969.80000000 146151274.80000000 73846.00000000
1677049200000 1677056340000 1998.60000000 1985.80000000 1999.60000000 1975.00000000 171226416.00000000 86309.00000000
1676998800000 1677012600000 1992.00000000 1993.80000000 2003.40000000 1991.80000000 52631156.40000000 26351.00000000
1676984400000 1676998740000 1994.40000000 1991.80000000 2004.60000000 1988.00000000 113973896.60000000 57149.00000000
1676970000000 1676984340000 1969.60000000 1994.60000000 2034.80000000 1963.00000000 1293243658.20000000 646244.00000000
1676962800000 1676969940000 1970.00000000 1969.80000000 1980.80000000 1960.00000000 180016457.20000000 91486.00000000
1676912400000 1676926200000 1951.40000000 1958.00000000 1963.80000000 1950.00000000 66427241.80000000 33933.00000000
1676898000000 1676912340000 1942.20000000 1951.40000000 1968.00000000 1936.20000000 210383477.40000000 107602.00000000
1676883600000 1676897940000 1929.40000000 1942.20000000 1945.00000000 1913.00000000 196771443.00000000 102025.00000000
1676876400000 1676883540000 1963.00000000 1929.80000000 1968.00000000 1922.40000000 381147904.20000000 196644.00000000
1676653200000 1676667000000 1966.00000000 1971.00000000 1978.00000000 1963.60000000 73319907.00000000 37214.00000000
1676638800000 1676653140000 1967.00000000 1967.00000000 1977.80000000 1958.80000000 150617689.00000000 76619.00000000
1676624400000 1676638740000 1985.20000000 1968.00000000 1987.80000000 1956.00000000 259999479.60000000 132042.00000000
1676617200000 1676624340000 1975.00000000 1985.00000000 1987.60000000 1958.60000000 169886981.20000000 86084.00000000
1676566800000 1676580600000 1973.00000000 1976.40000000 1980.00000000 1972.00000000 61008138.60000000 30882.00000000
1676552400000 1676566740000 1991.60000000 1973.00000000 1996.00000000 1958.00000000 351261493.00000000 178023.00000000
1676538000000 1676552340000 2010.00000000 1991.60000000 2010.00000000 1979.00000000 292191311.40000000 146543.00000000
1676530800000 1676537940000 1980.00000000 2010.00000000 2023.00000000 1980.00000000 542026099.80000000 271003.00000000
1676480400000 1676494200000 1982.80000000 1969.20000000 1986.00000000 1921.60000000 710011117.60000000 362492.00000000
1676466000000 1676480340000 2025.00000000 1982.20000000 2027.60000000 1970.00000000 768507352.40000000 384851.00000000
1676451600000 1676465940000 2007.00000000 2025.00000000 2048.00000000 2002.00000000 1537477434.60000000 756160.00000000
1676444400000 1676451540000 2030.20000000 2005.20000000 2030.40000000 1981.40000000 654952066.20000000 326869.00000000
1676394000000 1676407800000 2027.00000000 2028.60000000 2030.20000000 2017.60000000 65556804.00000000 32371.00000000
1676379600000 1676393940000 2016.40000000 2026.80000000 2033.80000000 2000.20000000 314101337.40000000 155817.00000000
1676365200000 1676379540000 2017.00000000 2016.20000000 2040.00000000 2015.00000000 407969189.20000000 201218.00000000
1676358000000 1676365140000 2064.80000000 2017.20000000 2065.00000000 1994.00000000 823377910.20000000 406453.00000000
1676307600000 1676321400000 2066.60000000 2065.20000000 2073.80000000 2065.20000000 82811377.20000000 40031.00000000
1676293200000 1676307540000 2068.60000000 2066.60000000 2070.40000000 2057.80000000 154353583.40000000 74754.00000000
1676278800000 1676293140000 2067.80000000 2068.60000000 2080.00000000 2066.00000000 209125025.20000000 100863.00000000
1676271600000 1676278740000 2071.00000000 2067.00000000 2092.40000000 2064.00000000 382154417.20000000 183862.00000000
1676048400000 1676062200000 2058.60000000 2060.80000000 2063.00000000 2054.60000000 94989321.40000000 46112.00000000
1676045100000 1676048340000 2057.20000000 2058.80000000 2063.60000000 2054.40000000 31490909.00000000 15295.00000000
1676034000000 1676044200000 2042.40000000 2053.60000000 2065.20000000 2038.40000000 173227636.60000000 84439.00000000
1676019600000 1676033940000 2045.40000000 2042.40000000 2053.60000000 2038.00000000 191447301.00000000 93524.00000000
1676012400000 1676019540000 2046.20000000 2045.40000000 2054.20000000 2032.80000000 164734790.20000000 80497.00000000
1675962000000 1675975800000 2049.60000000 2040.40000000 2049.80000000 2040.40000000 36800179.60000000 17991.00000000
1675947600000 1675961940000 2043.80000000 2049.80000000 2058.60000000 2043.00000000 100669541.60000000 49167.00000000
1675933200000 1675947540000 2037.40000000 2043.20000000 2050.00000000 2035.00000000 129033511.00000000 63086.00000000
1675926000000 1675933140000 2057.20000000 2037.40000000 2057.20000000 2032.00000000 238104036.60000000 116460.00000000
1675875600000 1675889400000 2049.80000000 2060.20000000 2064.60000000 2047.00000000 80283389.40000000 39042.00000000
1675861200000 1675875540000 2055.40000000 2050.00000000 2058.00000000 2040.40000000 116751391.80000000 56961.00000000
1675846800000 1675861140000 2072.20000000 2055.20000000 2075.60000000 2036.00000000 495632376.00000000 241470.00000000
1675839600000 1675846740000 2080.60000000 2072.20000000 2080.60000000 2055.00000000 170041011.40000000 82109.00000000
1675789200000 1675803000000 2073.00000000 2076.60000000 2082.60000000 2072.80000000 50875284.40000000 24477.00000000
1675774800000 1675789140000 2075.00000000 2073.00000000 2080.00000000 2070.00000000 159021105.40000000 76651.00000000
1675760400000 1675774740000 2080.00000000 2075.00000000 2095.40000000 2070.60000000 337618957.40000000 162098.00000000
1675753200000 1675760340000 2090.00000000 2080.00000000 2104.20000000 2061.00000000 367952847.60000000 176778.00000000
1675702800000 1675716600000 2087.60000000 2094.60000000 2097.00000000 2087.60000000 76670810.60000000 36636.00000000
1675688400000 1675702740000 2093.20000000 2087.80000000 2098.00000000 2078.00000000 263159186.80000000 125857.00000000
1675674000000 1675688340000 2098.40000000 2093.20000000 2104.60000000 2087.20000000 429752263.00000000 204935.00000000
1675666800000 1675673940000 2070.00000000 2098.40000000 2108.00000000 2070.00000000 826788967.60000000 394752.00000000
1675443600000 1675457400000 2053.60000000 2055.80000000 2061.00000000 2045.80000000 69078921.00000000 33653.00000000
1675429200000 1675443540000 2054.00000000 2053.60000000 2069.80000000 2034.20000000 247607475.80000000 120544.00000000
1675414800000 1675429140000 2048.40000000 2053.80000000 2056.80000000 2025.00000000 446766559.00000000 219031.00000000
1675407600000 1675414740000 2074.80000000 2048.60000000 2074.80000000 2037.00000000 338223378.40000000 165099.00000000
1675357200000 1675371000000 2076.20000000 2075.00000000 2083.80000000 2070.00000000 96951919.40000000 46664.00000000
1675342800000 1675357140000 2078.00000000 2076.20000000 2081.60000000 2066.00000000 185978702.80000000 89644.00000000
1675328400000 1675342740000 2062.60000000 2077.80000000 2086.80000000 2058.40000000 305970420.00000000 147484.00000000
1675321200000 1675328340000 2099.80000000 2063.20000000 2102.60000000 2055.00000000 276061719.20000000 133238.00000000
1675270800000 1675284600000 2057.00000000 2088.00000000 2088.00000000 2048.00000000 198033796.80000000 95746.00000000
1675256400000 1675270740000 2067.00000000 2056.00000000 2078.60000000 2036.20000000 567023821.40000000 276220.00000000
1675242000000 1675256340000 2095.20000000 2067.00000000 2128.00000000 2045.20000000 1803271126.00000000 860466.00000000
1675234800000 1675241940000 2050.00000000 2095.00000000 2112.80000000 2050.00000000 1042191698.00000000 499527.00000000
1675184400000 1675198200000 2036.60000000 2047.20000000 2047.40000000 2025.00000000 170209978.60000000 83565.00000000
1675170000000 1675184340000 2014.00000000 2036.00000000 2046.00000000 2010.00000000 780228128.20000000 384210.00000000
1675155600000 1675169940000 1969.40000000 2014.00000000 2016.00000000 1969.00000000 1057886856.00000000 530281.00000000
1675148400000 1675155540000 1938.60000000 1969.60000000 1969.80000000 1934.00000000 362229573.00000000 185394.00000000
1675098000000 1675111800000 1931.00000000 1934.00000000 1935.00000000 1929.00000000 23233739.80000000 12023.00000000
1675083600000 1675097940000 1924.00000000 1930.60000000 1938.60000000 1922.00000000 154136536.00000000 79826.00000000
1675069200000 1675083540000 1919.20000000 1923.80000000 1925.00000000 1912.00000000 95153695.80000000 49526.00000000
1675062000000 1675069140000 1912.00000000 1918.60000000 1925.00000000 1912.00000000 91223715.40000000 47519.00000000
1674838860000 1674852600000 1913.20000000 1912.00000000 1915.00000000 1910.00000000 39307051.80000000 20554.00000000
1674824400000 1674838740000 1908.20000000 1912.40000000 1916.00000000 1903.40000000 87170776.40000000 45612.00000000
1674810000000 1674824340000 1899.60000000 1908.20000000 1909.60000000 1898.60000000 73035103.80000000 38366.00000000
1674802800000 1674809940000 1900.00000000 1899.80000000 1912.00000000 1897.60000000 91268081.20000000 47963.00000000
1674752400000 1674766200000 1897.00000000 1902.80000000 1905.20000000 1896.80000000 38974445.80000000 20498.00000000
1674738000000 1674752340000 1900.60000000 1897.00000000 1907.20000000 1885.00000000 177624574.80000000 93651.00000000
1674723600000 1674737940000 1912.00000000 1900.60000000 1914.00000000 1899.60000000 138231972.40000000 72523.00000000
1674716400000 1674723540000 1910.00000000 1912.00000000 1924.80000000 1905.20000000 122307486.80000000 63878.00000000
1674666000000 1674679800000 1907.60000000 1914.80000000 1915.80000000 1907.40000000 37646915.80000000 19691.00000000
1674651600000 1674665940000 1922.60000000 1908.00000000 1924.20000000 1897.20000000 202123279.60000000 105790.00000000
1674637200000 1674651540000 1918.40000000 1922.80000000 1926.20000000 1911.40000000 124009572.00000000 64646.00000000
1674630000000 1674637140000 1920.20000000 1917.80000000 1927.60000000 1908.20000000 89782915.80000000 46776.00000000
1674579600000 1674593400000 1925.80000000 1919.80000000 1927.60000000 1916.00000000 43285391.00000000 22542.00000000
1674565200000 1674579540000 1937.20000000 1925.00000000 1938.80000000 1918.40000000 138502895.60000000 71750.00000000
1674550800000 1674565140000 1952.60000000 1937.20000000 1954.60000000 1912.20000000 408262587.00000000 211366.00000000
1674543600000 1674550740000 1949.60000000 1952.40000000 1959.80000000 1942.00000000 228390295.00000000 117002.00000000
1674493200000 1674507000000 1942.40000000 1945.00000000 1948.00000000 1938.00000000 45468912.20000000 23411.00000000
1674478800000 1674493140000 1940.00000000 1942.00000000 1946.20000000 1937.40000000 146970558.00000000 75631.00000000
1674464400000 1674478740000 1931.80000000 1940.00000000 1946.00000000 1930.40000000 211171028.60000000 108845.00000000
1674457200000 1674464340000 1910.00000000 1931.00000000 1943.00000000 1903.20000000 251577932.20000000 130634.00000000
1674234000000 1674247800000 1899.80000000 1904.80000000 1908.20000000 1892.40000000 63326618.60000000 33329.00000000
1674219600000 1674233940000 1891.00000000 1899.20000000 1913.80000000 1889.20000000 183286738.60000000 96350.00000000
1674205200000 1674219540000 1895.40000000 1892.00000000 1899.20000000 1886.00000000 142383485.60000000 75189.00000000
1674198000000 1674205140000 1877.80000000 1895.00000000 1899.80000000 1871.20000000 195132357.80000000 103538.00000000
1674147600000 1674161400000 1888.00000000 1882.40000000 1888.60000000 1875.00000000 37972178.20000000 20176.00000000
1674133200000 1674147540000 1882.40000000 1888.60000000 1893.00000000 1882.20000000 62060177.20000000 32880.00000000
1674118800000 1674133140000 1878.60000000 1882.40000000 1895.00000000 1873.20000000 128368254.60000000 68118.00000000
1674111600000 1674118740000 1910.00000000 1879.00000000 1914.00000000 1875.60000000 142183647.40000000 75119.00000000
1674061200000 1674075000000 1906.60000000 1906.60000000 1913.00000000 1895.00000000 67257833.20000000 35361.00000000
1674046800000 1674061140000 1917.40000000 1906.60000000 1928.00000000 1895.60000000 181898632.00000000 95054.00000000
1674032400000 1674046740000 1913.00000000 1917.60000000 1931.80000000 1908.00000000 295583681.20000000 153928.00000000
1674025200000 1674032340000 1889.00000000 1914.00000000 1916.60000000 1872.80000000 232366048.40000000 122196.00000000
1673974800000 1673988600000 1913.80000000 1889.60000000 1918.20000000 1869.80000000 309928570.40000000 163766.00000000
1673960400000 1673974740000 1948.00000000 1914.60000000 1948.60000000 1910.00000000 226103107.40000000 117388.00000000
1673946000000 1673960340000 1936.60000000 1948.00000000 1950.00000000 1935.00000000 283345872.20000000 146026.00000000
1673938800000 1673945940000 1959.00000000 1937.20000000 1959.00000000 1931.40000000 204748201.60000000 105406.00000000
1673888400000 1673902200000 1947.40000000 1953.80000000 1954.20000000 1944.00000000 47949266.80000000 24589.00000000
1673874000000 1673888340000 1944.40000000 1947.40000000 1955.00000000 1941.60000000 154210603.60000000 79126.00000000
1673859600000 1673873940000 1935.00000000 1945.40000000 1950.00000000 1931.40000000 182292813.40000000 93907.00000000
1673852400000 1673859540000 1925.60000000 1935.20000000 1946.80000000 1923.00000000 225940187.80000000 116689.00000000
1673629200000 1673643000000 1907.80000000 1912.00000000 1914.60000000 1906.00000000 34696471.40000000 18169.00000000
1673614800000 1673629140000 1908.00000000 1907.00000000 1912.80000000 1900.00000000 119946818.40000000 62901.00000000
1673600400000 1673614740000 1895.60000000 1907.80000000 1909.00000000 1891.40000000 149568890.00000000 78617.00000000
1673593200000 1673600340000 1900.00000000 1895.60000000 1902.20000000 1883.40000000 91606642.20000000 48454.00000000
1673542800000 1673556600000 1896.80000000 1897.80000000 1901.80000000 1894.00000000 31513265.60000000 16611.00000000
1673528400000 1673542740000 1892.40000000 1897.00000000 1907.40000000 1892.40000000 104806533.60000000 55150.00000000
1673514000000 1673528340000 1891.20000000 1892.20000000 1898.40000000 1888.00000000 81251620.20000000 42924.00000000
1673506800000 1673513940000 1909.00000000 1892.00000000 1914.80000000 1886.80000000 165844041.00000000 87433.00000000
1673456400000 1673470200000 1905.60000000 1909.00000000 1909.60000000 1900.20000000 47899594.80000000 25135.00000000
1673442000000 1673456340000 1894.60000000 1905.80000000 1909.60000000 1892.80000000 157109676.00000000 82745.00000000
1673427600000 1673441940000 1889.80000000 1894.60000000 1896.20000000 1878.20000000 175520938.40000000 92958.00000000
1673420400000 1673427540000 1874.80000000 1889.60000000 1898.40000000 1873.00000000 199947086.60000000 106034.00000000
1673370000000 1673383800000 1867.00000000 1870.00000000 1871.00000000 1864.00000000 20367768.40000000 10903.00000000
1673355600000 1673369880000 1867.80000000 1867.00000000 1873.80000000 1862.20000000 118894301.00000000 63620.00000000
1673341200000 1673355540000 1862.40000000 1868.00000000 1871.00000000 1860.20000000 109528866.60000000 58643.00000000
1673334000000 1673341140000 1869.80000000 1862.40000000 1869.80000000 1855.00000000 115873329.40000000 62302.00000000
1673283600000 1673297400000 1860.00000000 1866.80000000 1870.60000000 1859.80000000 23041981.20000000 12343.00000000
1673269200000 1673283540000 1864.60000000 1860.00000000 1872.00000000 1855.00000000 136031804.60000000 72936.00000000
1673254800000 1673269140000 1866.20000000 1865.00000000 1872.40000000 1860.00000000 127313225.20000000 68239.00000000
1673247600000 1673254740000 1855.80000000 1866.40000000 1874.20000000 1850.00000000 116423708.40000000 62421.00000000
1673024400000 1673038200000 1850.00000000 1850.40000000 1852.80000000 1849.20000000 22923218.80000000 12386.00000000
1673010000000 1673024340000 1848.40000000 1850.00000000 1853.60000000 1846.60000000 28408056.60000000 15363.00000000
1672995600000 1673009940000 1859.40000000 1848.60000000 1859.60000000 1845.00000000 48081983.60000000 25978.00000000
1672988400000 1672995540000 1856.00000000 1859.40000000 1864.40000000 1850.20000000 39012269.20000000 20998.00000000
1672938000000 1672951800000 1850.00000000 1855.40000000 1864.40000000 1847.00000000 31940559.80000000 17213.00000000
1672923600000 1672937880000 1862.00000000 1850.00000000 1862.40000000 1841.20000000 97717674.40000000 52808.00000000
1672909200000 1672923540000 1861.80000000 1862.40000000 1871.40000000 1860.60000000 57853779.60000000 31021.00000000
1672902000000 1672909140000 1871.00000000 1861.80000000 1886.80000000 1856.00000000 103772681.40000000 55490.00000000
1672851600000 1672865400000 1866.60000000 1867.00000000 1869.80000000 1865.00000000 34449340.20000000 18445.00000000
1672837200000 1672851540000 1864.60000000 1866.00000000 1868.00000000 1859.00000000 51405862.80000000 27594.00000000
1672822800000 1672837140000 1859.20000000 1864.60000000 1869.00000000 1850.00000000 135794434.00000000 73022.00000000
1672815600000 1672822740000 1832.00000000 1859.20000000 1877.00000000 1827.20000000 190931023.60000000 102800.00000000
1672765200000 1672779000000 1833.00000000 1832.00000000 1834.00000000 1830.00000000 19025638.60000000 10382.00000000
1672750800000 1672765140000 1834.80000000 1833.00000000 1839.00000000 1827.40000000 80558661.40000000 43927.00000000
1672736400000 1672750740000 1818.60000000 1834.80000000 1834.80000000 1815.40000000 108956388.60000000 59662.00000000
1672729200000 1672736340000 1817.00000000 1818.80000000 1833.60000000 1805.80000000 173937222.80000000 95836.00000000
1672419600000 1672433400000 1813.60000000 1817.80000000 1823.00000000 1811.00000000 62584030.80000000 34441.00000000
1672405200000 1672419540000 1808.00000000 1813.40000000 1819.00000000 1805.00000000 132262902.20000000 72985.00000000
1672390800000 1672405140000 1811.20000000 1808.20000000 1814.80000000 1791.00000000 376259012.60000000 208639.00000000
1672383600000 1672390740000 1812.20000000 1810.60000000 1817.60000000 1802.20000000 99153393.80000000 54775.00000000
1672333200000 1672347000000 1818.40000000 1819.60000000 1821.60000000 1815.00000000 30577144.40000000 16819.00000000
1672318800000 1672333140000 1813.00000000 1818.20000000 1822.00000000 1811.00000000 100703823.60000000 55476.00000000
1672304400000 1672318740000 1820.20000000 1813.40000000 1820.20000000 1806.20000000 152551598.80000000 84150.00000000
1672297200000 1672304340000 1816.60000000 1820.00000000 1828.20000000 1811.40000000 140130959.80000000 77078.00000000
1672246800000 1672260600000 1817.80000000 1815.80000000 1819.00000000 1811.00000000 46698463.00000000 25729.00000000
1672232400000 1672246740000 1816.20000000 1817.60000000 1832.00000000 1814.40000000 195513260.20000000 107376.00000000
1672218000000 1672232340000 1830.40000000 1816.40000000 1836.00000000 1811.00000000 234987166.00000000 128948.00000000
1672210800000 1672217940000 1822.80000000 1830.00000000 1846.00000000 1822.80000000 158910255.40000000 86473.00000000
1672160400000 1672174200000 1832.60000000 1834.00000000 1840.00000000 1832.20000000 34755980.80000000 18931.00000000
1672146000000 1672160340000 1841.40000000 1832.60000000 1841.80000000 1826.80000000 127570525.80000000 69528.00000000
1672131600000 1672145940000 1810.00000000 1841.80000000 1849.60000000 1808.00000000 372451113.20000000 203571.00000000
1672124400000 1672131540000 1817.20000000 1810.00000000 1820.80000000 1797.20000000 114108153.00000000 63099.00000000
1672074000000 1672087800000 1814.00000000 1811.40000000 1815.00000000 1805.60000000 41042587.20000000 22666.00000000
1672059600000 1672073940000 1803.00000000 1813.00000000 1819.00000000 1793.00000000 273003473.40000000 151253.00000000
1672045200000 1672059540000 1821.20000000 1803.60000000 1828.60000000 1800.80000000 284539884.80000000 156842.00000000
1672038000000 1672045140000 1826.00000000 1821.60000000 1829.80000000 1815.00000000 113976480.00000000 62564.00000000
1671814800000 1671828600000 1818.60000000 1821.20000000 1823.00000000 1817.60000000 49926682.40000000 27426.00000000
1671800400000 1671814740000 1816.20000000 1817.60000000 1826.60000000 1811.00000000 201456423.60000000 110906.00000000
1671786000000 1671800340000 1831.80000000 1816.20000000 1837.80000000 1812.00000000 344613877.40000000 188919.00000000
1671778800000 1671785940000 1847.00000000 1831.60000000 1847.00000000 1825.00000000 135581379.40000000 74016.00000000
1671728400000 1671742200000 1849.40000000 1847.00000000 1849.60000000 1836.20000000 43823406.20000000 23761.00000000
1671714000000 1671728340000 1852.80000000 1849.40000000 1865.00000000 1826.00000000 323884587.80000000 175659.00000000
1671699600000 1671713940000 1832.40000000 1852.80000000 1854.00000000 1821.00000000 229918917.00000000 124863.00000000
1671692400000 1671699540000 1836.40000000 1833.00000000 1843.00000000 1810.00000000 183924241.40000000 100621.00000000
1671642000000 1671655800000 1817.80000000 1833.80000000 1835.00000000 1817.60000000 41444595.60000000 22678.00000000
1671627600000 1671641940000 1813.40000000 1817.60000000 1824.80000000 1791.20000000 272876138.20000000 150946.00000000
1671613200000 1671627540000 1843.20000000 1813.20000000 1855.60000000 1811.20000000 327673548.60000000 179132.00000000
1671606000000 1671613140000 1856.00000000 1843.40000000 1878.00000000 1840.20000000 300758787.40000000 161843.00000000
1671555600000 1671569400000 1831.20000000 1842.00000000 1845.00000000 1820.00000000 112409517.40000000 61312.00000000
1671541200000 1671555540000 1809.00000000 1830.60000000 1836.20000000 1808.80000000 298888693.40000000 163823.00000000
1671526800000 1671541140000 1788.00000000 1809.00000000 1809.00000000 1787.80000000 187557857.60000000 104293.00000000
1671519600000 1671526740000 1764.60000000 1788.00000000 1825.00000000 1764.60000000 324334308.60000000 180460.00000000
1671469200000 1671483000000 1794.60000000 1768.80000000 1797.20000000 1762.40000000 143701901.40000000 80713.00000000
1671469020000 1671469140000 1794.80000000 1794.60000000 1794.80000000 1794.00000000 287086.20000000 160.00000000
1671454800000 1671468960000 1789.00000000 1794.20000000 1808.80000000 1788.40000000 208975685.20000000 116217.00000000
1671440400000 1671454740000 1814.20000000 1789.00000000 1821.00000000 1780.20000000 479736121.40000000 267289.00000000
1671433200000 1671440340000 1830.00000000 1815.00000000 1834.80000000 1811.00000000 217061097.80000000 119308.00000000
1671210000000 1671223800000 1836.40000000 1836.40000000 1839.80000000 1833.80000000 38445157.80000000 20930.00000000
1671195600000 1671209940000 1837.00000000 1836.40000000 1841.00000000 1830.80000000 152743391.20000000 83209.00000000
1671181200000 1671195540000 1856.00000000 1837.00000000 1860.00000000 1832.80000000 179972679.40000000 97595.00000000
1671173820000 1671181140000 1851.30000000 1855.60000000 1862.20000000 1845.00000000 178518279.80000000 96296.00000000
1671123600000 1671137400000 1851.20000000 1849.60000000 1855.00000000 1833.00000000 81337557.20000000 44065.00000000
1671109200000 1671123540000 1856.00000000 1851.20000000 1862.80000000 1838.60000000 228259925.40000000 123263.00000000
1671094800000 1671109140000 1843.00000000 1856.20000000 1883.00000000 1833.00000000 514816790.60000000 276495.00000000
1671087600000 1671094740000 1850.00000000 1843.20000000 1850.20000000 1823.60000000 226153718.40000000 123206.00000000
1671037200000 1671051000000 1852.00000000 1851.00000000 1856.80000000 1850.80000000 76882459.20000000 41514.00000000
1671022800000 1671037140000 1836.40000000 1852.00000000 1860.80000000 1828.80000000 299694401.40000000 162607.00000000
1671008400000 1671022740000 1856.20000000 1836.40000000 1864.80000000 1826.40000000 503358625.20000000 272208.00000000
1671001200000 1671008340000 1900.00000000 1856.00000000 1900.00000000 1854.00000000 503612471.00000000 269349.00000000
1670950800000 1670964600000 1897.40000000 1899.20000000 1903.00000000 1895.40000000 48812005.60000000 25698.00000000
1670936400000 1670950740000 1896.60000000 1897.40000000 1907.40000000 1890.00000000 214669095.20000000 113021.00000000
1670922000000 1670936340000 1918.00000000 1896.40000000 1918.00000000 1881.00000000 507376066.80000000 267455.00000000
1670914800000 1670921940000 1926.00000000 1918.00000000 1927.00000000 1911.00000000 159510041.60000000 83252.00000000
1670864400000 1670878200000 1919.00000000 1921.80000000 1925.00000000 1917.60000000 48984936.40000000 25496.00000000
1670850000000 1670864340000 1919.80000000 1918.80000000 1928.80000000 1913.00000000 148294170.60000000 77278.00000000
1670835600000 1670849940000 1946.40000000 1919.80000000 1946.60000000 1910.00000000 275065081.60000000 142920.00000000
1670828400000 1670835540000 1950.80000000 1946.60000000 1959.60000000 1945.00000000 64377043.80000000 32981.00000000
1670605200000 1670619000000 1954.00000000 1949.40000000 1954.20000000 1945.20000000 36677524.00000000 18817.00000000
1670590800000 1670605140000 1944.00000000 1953.80000000 1956.60000000 1937.20000000 87276122.60000000 44840.00000000
1670576400000 1670590740000 1947.80000000 1944.00000000 1957.20000000 1933.00000000 166742129.00000000 85695.00000000
1670569200000 1670576340000 1950.20000000 1946.60000000 1963.00000000 1945.00000000 86174932.20000000 44144.00000000
1670518800000 1670532600000 1961.80000000 1958.40000000 1964.80000000 1958.20000000 23225987.40000000 11840.00000000
1670504400000 1670518740000 1950.80000000 1961.80000000 1965.60000000 1941.00000000 194440855.80000000 99529.00000000
1670490000000 1670504340000 1966.60000000 1950.80000000 1975.80000000 1940.80000000 255581355.80000000 130546.00000000
1670482800000 1670489940000 1976.60000000 1966.60000000 1984.80000000 1965.00000000 138087999.20000000 70042.00000000
1670432400000 1670446200000 1977.60000000 1976.40000000 1980.00000000 1975.00000000 27242127.40000000 13780.00000000
1670418000000 1670432340000 1975.20000000 1977.60000000 1984.00000000 1962.00000000 174238693.20000000 88322.00000000
1670403600000 1670417940000 1980.40000000 1975.20000000 1982.20000000 1970.00000000 143382068.60000000 72601.00000000
1670396400000 1670403540000 1989.40000000 1980.60000000 1989.80000000 1974.00000000 86564929.40000000 43686.00000000
1670346000000 1670359800000 1991.60000000 1989.40000000 1992.00000000 1977.20000000 57083374.60000000 28753.00000000
1670331600000 1670345940000 1987.80000000 1991.40000000 2000.00000000 1985.20000000 205937817.00000000 103224.00000000
1670317200000 1670331540000 1968.40000000 1987.00000000 1993.00000000 1961.60000000 262420302.40000000 132564.00000000
1670310000000 1670317140000 1988.00000000 1968.40000000 1996.00000000 1962.40000000 202258528.00000000 102455.00000000
1670259600000 1670273400000 1985.00000000 1985.80000000 1992.00000000 1982.00000000 56360979.80000000 28381.00000000
1670245200000 1670259540000 1983.40000000 1985.40000000 1993.40000000 1980.00000000 157146660.60000000 79141.00000000
1670230800000 1670245140000 1992.00000000 1983.20000000 2000.00000000 1982.00000000 300547328.00000000 150817.00000000
1670223600000 1670230740000 1963.20000000 1992.00000000 2004.40000000 1963.20000000 683923278.60000000 342649.00000000
1670000400000 1670014200000 1971.60000000 1971.20000000 1976.60000000 1969.00000000 74060895.60000000 37548.00000000
1669986000000 1670000220000 1972.60000000 1971.00000000 1978.80000000 1964.00000000 101432054.80000000 51448.00000000
1669971600000 1669985940000 1967.60000000 1972.00000000 1973.80000000 1957.20000000 163203428.60000000 83081.00000000
1669964400000 1669971540000 1980.20000000 1967.80000000 1980.20000000 1962.00000000 188224564.60000000 95613.00000000
1669914000000 1669927800000 1966.00000000 1980.20000000 1984.00000000 1962.40000000 117926051.80000000 59745.00000000
1669899600000 1669913940000 1979.20000000 1966.00000000 1980.40000000 1960.00000000 148853152.80000000 75538.00000000
1669885200000 1669899540000 1990.80000000 1979.20000000 1991.00000000 1963.20000000 364805443.00000000 184751.00000000
1669885140000 1669885140000 1991.20000000 1990.00000000 1991.40000000 1990.00000000 523597.60000000 263.00000000
1669878000000 1669885080000 2000.00000000 1991.00000000 2003.60000000 1982.00000000 183515197.80000000 92174.00000000
1669827600000 1669841400000 1984.00000000 1996.60000000 2000.00000000 1983.00000000 106363131.60000000 53359.00000000
1669813200000 1669827540000 1993.00000000 1984.00000000 1998.00000000 1976.40000000 144926718.40000000 72952.00000000
1669798800000 1669813140000 1985.00000000 1994.00000000 2014.60000000 1982.80000000 728827317.20000000 364672.00000000
1669791600000 1669798740000 1988.00000000 1985.20000000 1989.00000000 1954.80000000 535900530.20000000 271721.00000000
1669741200000 1669755000000 1980.80000000 1986.20000000 1989.00000000 1975.00000000 105312595.40000000 53142.00000000
1669726800000 1669741140000 1976.40000000 1981.00000000 1992.00000000 1973.00000000 475341109.80000000 239581.00000000
1669712400000 1669726740000 1965.40000000 1976.60000000 1985.00000000 1954.40000000 617340299.20000000 313372.00000000
1669705200000 1669712340000 1918.80000000 1965.20000000 1985.60000000 1916.40000000 1126665402.40000000 577811.00000000
1669654800000 1669668600000 1916.00000000 1914.20000000 1916.00000000 1902.20000000 188239883.80000000 98647.00000000
1669640400000 1669654740000 1937.20000000 1916.40000000 1943.80000000 1885.80000000 1230331557.60000000 643114.00000000
1669626000000 1669640340000 1955.00000000 1937.20000000 1961.00000000 1931.20000000 866354474.60000000 445765.00000000
1669618800000 1669625940000 1995.00000000 1955.40000000 1995.60000000 1924.00000000 2068292106.40000000 1060337.00000000
1669395600000 1669409400000 2023.00000000 2020.40000000 2029.60000000 2015.60000000 317844590.40000000 157198.00000000
1669381200000 1669395540000 2120.60000000 2022.80000000 2153.00000000 2006.00000000 3147018281.80000000 1533130.00000000
1669366800000 1669381140000 2124.80000000 2120.80000000 2144.80000000 2111.40000000 262726089.80000000 123614.00000000
1669359600000 1669366740000 2120.00000000 2124.80000000 2136.20000000 2102.00000000 207207732.00000000 97793.00000000
1669309260000 1669323000000 2126.20000000 2130.00000000 2131.00000000 2122.40000000 24053881.00000000 11309.00000000
1669294800000 1669309080000 2125.40000000 2126.40000000 2134.20000000 2120.00000000 211795702.80000000 99566.00000000
1669280400000 1669294740000 2135.20000000 2124.80000000 2138.40000000 2108.40000000 264761341.00000000 124708.00000000
1669273200000 1669280340000 2151.00000000 2135.00000000 2154.60000000 2130.00000000 235641652.80000000 110069.00000000
1669222800000 1669236600000 2136.60000000 2135.00000000 2137.00000000 2124.00000000 71819840.00000000 33685.00000000
1669208400000 1669222740000 2131.20000000 2137.00000000 2159.40000000 2122.20000000 562898512.20000000 262690.00000000
1669194000000 1669208340000 2070.00000000 2131.20000000 2142.00000000 2066.40000000 668093148.20000000 316102.00000000
1669186800000 1669193940000 2092.80000000 2070.20000000 2092.80000000 2061.00000000 115833696.00000000 55873.00000000
1669136400000 1669150200000 2081.60000000 2083.80000000 2087.40000000 2081.40000000 32628423.20000000 15645.00000000
1669122000000 1669136340000 2080.00000000 2081.60000000 2095.20000000 2073.00000000 153732803.40000000 73737.00000000
1669107600000 1669121940000 2076.00000000 2080.00000000 2081.00000000 2066.20000000 86494059.00000000 41666.00000000
1669100400000 1669107540000 2067.60000000 2075.00000000 2081.00000000 2050.00000000 147230846.80000000 71227.00000000
1669050000000 1669063800000 2047.60000000 2068.00000000 2068.00000000 2047.60000000 99995266.80000000 48537.00000000
1669035600000 1669049940000 2043.40000000 2048.20000000 2062.80000000 2040.20000000 145906707.80000000 71180.00000000
1669021200000 1669035540000 2052.20000000 2043.40000000 2055.60000000 2038.00000000 277695504.00000000 135707.00000000
1669014000000 1669021140000 2091.00000000 2052.40000000 2102.40000000 2046.00000000 247969175.40000000 119599.00000000
1668790800000 1668804600000 2096.60000000 2098.20000000 2099.00000000 2091.40000000 40770353.40000000 19455.00000000
1668776400000 1668790740000 2085.20000000 2096.80000000 2110.40000000 2075.00000000 224310938.20000000 106998.00000000
1668762000000 1668776340000 2074.60000000 2085.00000000 2095.00000000 2065.00000000 120774785.00000000 58008.00000000
1668754800000 1668761940000 2097.00000000 2075.40000000 2104.40000000 2072.00000000 99078616.20000000 47416.00000000
1668704400000 1668718200000 2096.00000000 2097.80000000 2099.00000000 2092.20000000 31417326.20000000 14989.00000000
1668690000000 1668704340000 2104.60000000 2095.20000000 2104.60000000 2081.20000000 172938839.80000000 82580.00000000
1668675600000 1668689940000 2116.80000000 2105.60000000 2117.00000000 2101.40000000 75557032.00000000 35829.00000000
1668668400000 1668675540000 2120.00000000 2117.00000000 2128.60000000 2108.80000000 109752145.40000000 51815.00000000
1668618000000 1668631800000 2102.00000000 2114.20000000 2115.00000000 2097.20000000 64569358.00000000 30675.00000000
1668603600000 1668617940000 2113.60000000 2102.80000000 2115.00000000 2090.60000000 146434549.40000000 69660.00000000
1668589200000 1668603540000 2096.60000000 2113.60000000 2124.00000000 2083.60000000 211895878.00000000 100565.00000000
1668582000000 1668589140000 2089.00000000 2097.60000000 2109.60000000 2066.00000000 263009011.60000000 125614.00000000
1668531600000 1668545400000 2112.40000000 2071.60000000 2113.40000000 1950.00000000 1058575393.00000000 518049.00000000
1668517200000 1668531540000 2118.80000000 2112.20000000 2124.80000000 2110.00000000 117445244.80000000 55571.00000000
1668502800000 1668517140000 2118.00000000 2118.80000000 2136.00000000 2096.00000000 357615405.80000000 168812.00000000
1668495600000 1668502740000 2140.00000000 2118.00000000 2184.00000000 2104.40000000 673527197.40000000 312441.00000000
1668445200000 1668459000000 2136.20000000 2132.40000000 2138.80000000 2129.80000000 43236192.20000000 20256.00000000
1668430800000 1668445140000 2143.00000000 2137.00000000 2149.00000000 2125.80000000 170724854.60000000 79824.00000000
1668416400000 1668430740000 2122.40000000 2144.00000000 2150.00000000 2115.00000000 285086482.00000000 133848.00000000
1668409200000 1668416340000 2122.20000000 2123.00000000 2127.00000000 2102.60000000 177108152.20000000 83586.00000000
1668186000000 1668199800000 2123.80000000 2122.20000000 2125.00000000 2117.40000000 48571817.80000000 22886.00000000
1668171600000 1668185940000 2124.40000000 2123.80000000 2126.80000000 2113.00000000 121759551.20000000 57419.00000000
1668157200000 1668171540000 2118.00000000 2123.60000000 2131.20000000 2114.20000000 168455092.60000000 79382.00000000
1668150000000 1668157140000 2119.80000000 2118.80000000 2139.60000000 2111.80000000 358984196.20000000 168893.00000000
1668099600000 1668113400000 2120.20000000 2111.60000000 2128.00000000 2100.60000000 103913471.40000000 49177.00000000
1668085200000 1668099540000 2080.40000000 2120.20000000 2129.00000000 2076.80000000 268630998.80000000 127441.00000000
1668070800000 1668085140000 2077.60000000 2080.80000000 2094.60000000 2062.40000000 342071862.60000000 164655.00000000
1668063600000 1668070740000 2060.40000000 2077.60000000 2089.80000000 2040.00000000 311421205.20000000 150804.00000000
1668013200000 1668027000000 2065.80000000 2060.40000000 2079.60000000 2040.40000000 200829658.40000000 97618.00000000
1667998800000 1668013140000 2118.60000000 2065.80000000 2122.00000000 2035.40000000 544079052.00000000 261064.00000000
1667984400000 1667998740000 2101.40000000 2118.80000000 2119.00000000 2091.20000000 225753116.60000000 107238.00000000
1667977200000 1667984340000 2130.00000000 2100.20000000 2130.00000000 2098.60000000 295457546.60000000 140098.00000000
1667926800000 1667940600000 2135.40000000 2127.60000000 2145.00000000 2111.20000000 111949429.00000000 52596.00000000
1667912400000 1667926740000 2136.40000000 2136.60000000 2147.20000000 2130.20000000 130117230.40000000 60814.00000000
1667898000000 1667912340000 2126.00000000 2136.40000000 2142.00000000 2121.80000000 176898698.80000000 82905.00000000
1667890800000 1667897940000 2155.00000000 2126.00000000 2165.00000000 2120.20000000 315066217.60000000 147500.00000000
1667840400000 1667854200000 2150.20000000 2151.60000000 2156.20000000 2148.00000000 66104352.20000000 30743.00000000
1667826000000 1667840340000 2152.00000000 2150.80000000 2160.00000000 2147.80000000 331245541.00000000 153813.00000000
1667811600000 1667825940000 2148.00000000 2152.00000000 2162.00000000 2140.80000000 564259110.40000000 262356.00000000
1667804400000 1667811540000 2146.00000000 2148.00000000 2149.60000000 2130.00000000 274351715.20000000 128092.00000000
1667494800000 1667508600000 2123.00000000 2119.00000000 2123.60000000 2112.00000000 110351014.80000000 52113.00000000
1667480400000 1667494740000 2096.80000000 2123.00000000 2134.00000000 2093.00000000 409827349.60000000 193756.00000000
1667466000000 1667480340000 2100.00000000 2096.80000000 2130.00000000 2082.20000000 805963354.40000000 383278.00000000
1667458800000 1667465940000 2110.00000000 2099.40000000 2126.00000000 2080.00000000 360905634.40000000 171508.00000000
1667408400000 1667422200000 2131.00000000 2110.00000000 2137.80000000 2055.00000000 380238729.20000000 180726.00000000
1667394000000 1667408340000 2142.80000000 2132.00000000 2144.00000000 2110.00000000 277373365.60000000 130327.00000000
1667379600000 1667393940000 2150.80000000 2142.80000000 2159.40000000 2140.20000000 220333438.00000000 102499.00000000
1667372400000 1667379540000 2160.00000000 2150.40000000 2165.00000000 2136.20000000 344180118.40000000 160106.00000000
1667322000000 1667335800000 2147.00000000 2157.00000000 2158.20000000 2140.00000000 277095699.40000000 128750.00000000
1667307600000 1667321940000 2144.80000000 2147.00000000 2160.00000000 2132.60000000 417867543.00000000 194688.00000000
1667293200000 1667307540000 2106.00000000 2144.80000000 2145.00000000 2097.00000000 437013296.40000000 206204.00000000
1667286000000 1667293140000 2119.00000000 2106.00000000 2132.20000000 2104.20000000 459488094.00000000 216817.00000000
1667235600000 1667249400000 2092.40000000 2109.00000000 2109.00000000 2090.60000000 152799940.20000000 72845.00000000
1667221200000 1667235540000 2088.60000000 2092.40000000 2108.80000000 2075.00000000 546010555.80000000 260864.00000000
1667206800000 1667221140000 2045.60000000 2088.40000000 2094.00000000 2040.80000000 610864332.40000000 294864.00000000
1667199600000 1667206740000 2030.00000000 2046.00000000 2056.60000000 2025.00000000 355929482.40000000 174391.00000000
1666976400000 1666990200000 2019.00000000 2021.80000000 2021.80000000 2016.00000000 38853505.60000000 19246.00000000
1666962000000 1666976340000 2011.20000000 2017.80000000 2025.00000000 2010.00000000 142551808.20000000 70635.00000000
1666947600000 1666961940000 1994.00000000 2011.40000000 2026.80000000 1989.20000000 309312846.00000000 153785.00000000
1666940400000 1666947540000 2011.40000000 1995.00000000 2017.00000000 1962.80000000 457631415.40000000 229267.00000000
1666890000000 1666903800000 2029.00000000 2021.00000000 2030.00000000 2017.60000000 78659407.80000000 38870.00000000
1666875600000 1666889940000 2018.60000000 2028.00000000 2038.60000000 2015.00000000 265091421.80000000 130765.00000000
1666861200000 1666875540000 2017.00000000 2018.20000000 2028.00000000 2002.60000000 309706307.00000000 153559.00000000
1666854000000 1666861140000 2018.20000000 2017.20000000 2022.60000000 2006.40000000 182764676.40000000 90636.00000000
1666803600000 1666817400000 2007.20000000 2008.00000000 2015.60000000 2004.00000000 87143273.60000000 43371.00000000
1666789200000 1666803540000 2004.00000000 2007.20000000 2010.00000000 1993.20000000 196756773.20000000 98306.00000000
1666774800000 1666789140000 2030.80000000 2003.60000000 2032.80000000 1984.80000000 389360518.80000000 194016.00000000
1666767600000 1666774740000 2030.00000000 2030.80000000 2036.80000000 2008.40000000 258305614.60000000 127603.00000000
1666717200000 1666731000000 2012.60000000 2020.20000000 2023.40000000 2009.80000000 78116261.20000000 38760.00000000
1666702800000 1666717140000 1990.60000000 2012.40000000 2026.80000000 1989.00000000 418224169.20000000 208238.00000000
1666688400000 1666702740000 1974.40000000 1990.00000000 1994.60000000 1974.40000000 274711823.40000000 138301.00000000
1666681200000 1666688340000 1976.00000000 1974.00000000 1983.20000000 1957.00000000 168187525.20000000 85323.00000000
1666630800000 1666644600000 1974.80000000 1973.40000000 1976.20000000 1971.20000000 28134805.40000000 14256.00000000
1666616400000 1666630740000 1970.00000000 1976.00000000 1983.40000000 1968.00000000 99148713.20000000 50219.00000000
1666602000000 1666616340000 1966.60000000 1970.00000000 1985.40000000 1955.00000000 207244575.20000000 105165.00000000
1666594800000 1666601940000 1982.00000000 1966.00000000 2012.00000000 1950.80000000 364428031.40000000 183904.00000000
1666371600000 1666385400000 1974.40000000 1976.00000000 1982.40000000 1961.00000000 103560631.40000000 52525.00000000
1666357200000 1666371540000 1939.20000000 1974.00000000 1978.00000000 1938.40000000 295854703.80000000 150755.00000000
1666342800000 1666357140000 1912.20000000 1938.00000000 1949.60000000 1911.40000000 288723126.60000000 149238.00000000
1666335600000 1666342740000 1929.00000000 1913.60000000 1931.40000000 1910.80000000 179736329.60000000 93580.00000000
1666285200000 1666299000000 1933.60000000 1928.80000000 1936.80000000 1909.00000000 129064810.40000000 67036.00000000
1666270800000 1666285140000 1921.00000000 1933.20000000 1947.00000000 1907.00000000 251517488.80000000 130428.00000000
1666256400000 1666270740000 1929.00000000 1921.20000000 1955.20000000 1916.80000000 333688272.00000000 172097.00000000
1666249200000 1666256340000 1935.00000000 1930.00000000 1947.80000000 1911.60000000 325176707.00000000 168259.00000000
1666198800000 1666212600000 1903.40000000 1927.40000000 1937.40000000 1903.40000000 263304030.00000000 136977.00000000
1666184400000 1666198740000 1911.20000000 1904.80000000 1924.60000000 1871.60000000 763713612.00000000 402639.00000000
1666170000000 1666184340000 1930.20000000 1910.40000000 1948.00000000 1884.20000000 1042347555.40000000 544252.00000000
1666162800000 1666169940000 1968.00000000 1931.40000000 1995.00000000 1916.80000000 664457416.00000000 341846.00000000
1666112400000 1666126200000 2003.60000000 1968.00000000 2009.00000000 1953.40000000 278363009.40000000 140684.00000000
1666098000000 1666112340000 2003.00000000 2005.00000000 2016.20000000 1998.60000000 163003119.80000000 81198.00000000
1666083600000 1666097940000 2001.00000000 2003.00000000 2019.80000000 1993.20000000 281311766.00000000 140227.00000000
1666076400000 1666083540000 2034.40000000 2000.00000000 2045.00000000 1982.80000000 497338178.00000000 247333.00000000
1666026000000 1666039800000 2018.00000000 2022.20000000 2024.40000000 2015.00000000 84491018.40000000 41807.00000000
1666011600000 1666025940000 2016.20000000 2018.20000000 2021.00000000 2013.20000000 149464326.80000000 74104.00000000
1665997200000 1666011540000 2009.20000000 2016.40000000 2024.60000000 2002.00000000 465022268.00000000 230752.00000000
1665990000000 1665997140000 2001.00000000 2009.60000000 2020.00000000 1983.60000000 257556058.60000000 128492.00000000
1665766800000 1665780600000 1990.40000000 1991.00000000 1998.00000000 1984.20000000 70993683.40000000 35668.00000000
1665752400000 1665766740000 1981.00000000 1990.00000000 2010.00000000 1975.80000000 511402529.00000000 256944.00000000
1665738000000 1665752340000 2006.80000000 1981.20000000 2008.00000000 1967.20000000 485105145.60000000 244824.00000000
1665730800000 1665737940000 2039.00000000 2007.00000000 2052.00000000 1983.20000000 662009894.20000000 329599.00000000
1665680400000 1665694200000 2029.00000000 2032.00000000 2036.00000000 2023.00000000 66868758.40000000 32971.00000000
1665666000000 1665680340000 2061.00000000 2030.60000000 2071.60000000 2005.60000000 789173458.20000000 388620.00000000
1665651600000 1665665940000 2082.00000000 2061.00000000 2089.00000000 2044.60000000 742441274.60000000 358125.00000000
1665644400000 1665651540000 2044.20000000 2082.00000000 2089.00000000 2040.00000000 612344975.20000000 296208.00000000
1665594000000 1665607800000 2047.60000000 2044.00000000 2050.60000000 2030.00000000 86906135.20000000 42562.00000000
1665579600000 1665593940000 2039.20000000 2047.80000000 2055.00000000 2039.00000000 388107694.20000000 189674.00000000
1665565200000 1665579540000 2016.20000000 2039.00000000 2058.80000000 2016.00000000 719156697.40000000 352333.00000000
1665558000000 1665565140000 2019.80000000 2016.80000000 2020.00000000 1986.00000000 505033218.40000000 251538.00000000
1665507600000 1665521400000 2004.80000000 2006.60000000 2018.20000000 1992.40000000 126113478.40000000 62953.00000000
1665493200000 1665507540000 2003.00000000 2004.80000000 2010.00000000 1986.00000000 314676019.20000000 157304.00000000
1665478800000 1665493140000 2028.40000000 2002.80000000 2033.80000000 2000.00000000 568400338.20000000 282695.00000000
1665471600000 1665478740000 2003.00000000 2028.40000000 2037.80000000 2000.00000000 696478414.60000000 344421.00000000
1665421200000 1665435000000 1971.60000000 1998.00000000 1999.00000000 1967.60000000 118320899.20000000 59535.00000000
1665406800000 1665421140000 1935.40000000 1973.20000000 1999.80000000 1935.40000000 787526884.20000000 399066.00000000
1665392400000 1665406740000 1904.60000000 1935.40000000 1944.40000000 1886.00000000 664029118.00000000 345994.00000000
1665385200000 1665392340000 1810.00000000 1904.20000000 1946.20000000 1810.00000000 1173818918.60000000 618513.00000000
1665162000000 1665175800000 1921.80000000 1930.20000000 1956.00000000 1917.00000000 169035338.80000000 87519.00000000
1665147600000 1665161940000 1968.60000000 1921.80000000 1971.00000000 1913.00000000 742252643.20000000 382351.00000000
1665133200000 1665147540000 1967.80000000 1968.60000000 1988.00000000 1965.00000000 360497735.80000000 182411.00000000
1665126000000 1665133140000 1993.00000000 1968.80000000 1995.40000000 1960.20000000 553748389.40000000 280061.00000000
1665075600000 1665089400000 1991.60000000 2004.40000000 2025.20000000 1990.80000000 202841107.80000000 100922.00000000
1665061200000 1665075540000 2026.80000000 1991.60000000 2027.40000000 1977.00000000 507545242.20000000 254276.00000000
1665046800000 1665061140000 2041.20000000 2026.60000000 2047.00000000 2003.60000000 534731210.80000000 263711.00000000
1665039600000 1665046740000 2043.80000000 2041.20000000 2056.00000000 2020.00000000 547081019.80000000 268890.00000000
1664989200000 1665003000000 2032.00000000 2029.80000000 2035.60000000 2025.00000000 68525902.20000000 33780.00000000
1664974800000 1664989140000 2023.40000000 2032.00000000 2059.40000000 2020.80000000 503820902.00000000 247189.00000000
1664960400000 1664974740000 1950.20000000 2023.00000000 2040.00000000 1947.40000000 1379532717.60000000 687832.00000000
1664953200000 1664960340000 1987.00000000 1949.60000000 2028.20000000 1940.40000000 2032100026.00000000 1020842.00000000
1664902800000 1664916600000 1993.00000000 1985.00000000 1993.00000000 1976.40000000 86158934.20000000 43472.00000000
1664888400000 1664902740000 1983.20000000 1993.00000000 2004.00000000 1961.00000000 437500603.20000000 220414.00000000
1664874000000 1664888340000 1942.40000000 1982.40000000 1998.00000000 1901.00000000 1006815750.40000000 514405.00000000
1664866800000 1664873940000 1968.00000000 1944.60000000 1989.80000000 1910.00000000 911368465.00000000 465450.00000000
1664816400000 1664830200000 1941.00000000 1959.00000000 1959.60000000 1937.80000000 117830666.20000000 60490.00000000
1664802000000 1664816340000 1921.00000000 1941.00000000 1948.20000000 1921.00000000 430859039.60000000 222604.00000000
1664787600000 1664801940000 1898.00000000 1922.00000000 1937.00000000 1891.00000000 670987311.00000000 350140.00000000
1664780400000 1664787540000 1878.00000000 1897.00000000 1915.40000000 1868.00000000 573260864.80000000 302933.00000000
1664557200000 1664571000000 1871.60000000 1877.60000000 1900.00000000 1862.00000000 215564103.40000000 114479.00000000
1664542800000 1664557140000 1877.60000000 1873.00000000 1940.00000000 1850.00000000 985412745.60000000 520150.00000000
1664528400000 1664542740000 1900.20000000 1877.60000000 1930.00000000 1801.20000000 1615854680.80000000 867064.00000000
1664521200000 1664528340000 1840.00000000 1902.00000000 1922.60000000 1811.00000000 1408672106.40000000 751090.00000000
1664470800000 1664484600000 1851.00000000 1840.60000000 1869.00000000 1813.60000000 222111898.20000000 120914.00000000
1664456400000 1664470740000 1802.60000000 1851.00000000 1880.00000000 1798.20000000 771118133.00000000 420578.00000000
1664442000000 1664456340000 1830.40000000 1804.00000000 1837.00000000 1756.00000000 1457023801.40000000 812008.00000000
1664434800000 1664441940000 1802.40000000 1831.60000000 1839.00000000 1790.20000000 844688512.40000000 465484.00000000
1664384400000 1664398200000 1774.20000000 1780.00000000 1794.80000000 1770.20000000 135525093.40000000 76043.00000000
1664370000000 1664384340000 1755.60000000 1773.40000000 1796.00000000 1729.00000000 807674883.00000000 456708.00000000
1664355600000 1664369940000 1759.80000000 1755.00000000 1769.20000000 1672.60000000 1254062752.20000000 724491.00000000
1664348400000 1664355540000 1713.20000000 1758.80000000 1775.00000000 1669.20000000 953382019.80000000 550705.00000000
1664298000000 1664311800000 1666.80000000 1713.20000000 1715.00000000 1651.20000000 297026262.20000000 175152.00000000
1664283600000 1664297940000 1618.80000000 1666.60000000 1695.80000000 1605.40000000 725524173.40000000 439071.00000000
1664269200000 1664283540000 1646.00000000 1618.80000000 1653.20000000 1591.00000000 819566596.60000000 506224.00000000
1664262000000 1664269140000 1575.00000000 1646.00000000 1665.00000000 1575.00000000 955089691.60000000 588651.00000000
1664211600000 1664225400000 1604.20000000 1543.00000000 1607.00000000 1535.00000000 184083910.40000000 117077.00000000
1664197200000 1664211540000 1628.00000000 1603.40000000 1644.00000000 1600.00000000 515522919.20000000 318139.00000000
1664182800000 1664197140000 1613.60000000 1628.40000000 1639.80000000 1505.00000000 1456307425.80000000 915410.00000000
1664175600000 1664182740000 1750.20000000 1610.80000000 1762.00000000 1590.60000000 1468591525.80000000 882130.00000000
1663952400000 1663966200000 1780.00000000 1791.80000000 1793.80000000 1775.20000000 68981378.40000000 38714.00000000
1663938000000 1663952340000 1763.20000000 1780.00000000 1809.80000000 1750.00000000 496639481.00000000 278800.00000000
1663923600000 1663937940000 1831.20000000 1765.00000000 1841.40000000 1753.60000000 919931122.60000000 511499.00000000
1663916400000 1663923540000 1923.00000000 1833.00000000 1923.00000000 1801.00000000 1270287402.20000000 687113.00000000
1663866000000 1663879800000 1919.00000000 1916.80000000 1923.80000000 1911.80000000 74268305.80000000 38720.00000000
1663851600000 1663865940000 1926.80000000 1920.20000000 1945.00000000 1917.20000000 293010332.60000000 151847.00000000
1663837200000 1663851540000 1937.00000000 1926.80000000 1943.80000000 1905.00000000 629368484.00000000 327208.00000000
1663830000000 1663837140000 1902.60000000 1937.00000000 1969.80000000 1892.40000000 894166321.80000000 460427.00000000
1663779600000 1663793400000 1899.80000000 1899.40000000 1905.00000000 1891.00000000 104661833.80000000 55157.00000000
1663765200000 1663779540000 1919.00000000 1899.80000000 1935.00000000 1870.00000000 565188424.00000000 296440.00000000
1663750800000 1663765140000 1928.00000000 1919.00000000 1946.80000000 1860.00000000 995336971.80000000 522850.00000000
1663743600000 1663750740000 1782.20000000 1926.20000000 1978.00000000 1688.60000000 2496060324.00000000 1344777.00000000
1663693200000 1663707000000 1929.00000000 2010.00000000 2076.40000000 1922.00000000 959937127.00000000 478342.00000000
1663678800000 1663693140000 2074.00000000 1930.00000000 2098.00000000 1890.00000000 1802056545.40000000 903877.00000000
1663664400000 1663678740000 2176.40000000 2075.20000000 2182.00000000 1955.00000000 3372287686.00000000 1626856.00000000
1663657200000 1663664340000 2240.00000000 2176.40000000 2254.00000000 2153.00000000 1292549674.20000000 588785.00000000
1663606800000 1663620600000 2225.00000000 2230.00000000 2230.00000000 2222.40000000 76639506.00000000 34409.00000000
1663592400000 1663606740000 2216.20000000 2225.00000000 2230.00000000 2216.00000000 173945193.00000000 78227.00000000
1663578000000 1663592340000 2220.00000000 2216.20000000 2234.00000000 2213.00000000 267108071.60000000 120056.00000000
1663570800000 1663577940000 2206.20000000 2220.80000000 2250.00000000 2198.00000000 625439260.60000000 280618.00000000
1663347600000 1663361400000 2204.20000000 2206.00000000 2209.40000000 2200.20000000 62872106.00000000 28492.00000000
1663333200000 1663347540000 2202.60000000 2205.20000000 2222.00000000 2194.60000000 276660901.60000000 125335.00000000
1663318800000 1663333140000 2232.40000000 2202.40000000 2238.00000000 2185.00000000 723824919.00000000 326623.00000000
1663308120000 1663318740000 2185.00000000 2233.60000000 2238.00000000 2175.00000000 868919006.60000000 394682.00000000
1663261200000 1663275000000 2178.60000000 2177.60000000 2181.00000000 2175.00000000 34194471.80000000 15700.00000000
1663246800000 1663261140000 2191.80000000 2179.00000000 2192.00000000 2165.00000000 210351368.60000000 96418.00000000
1663232400000 1663246740000 2171.80000000 2191.80000000 2195.00000000 2151.20000000 477442530.60000000 219617.00000000
1663225200000 1663232340000 2166.20000000 2172.00000000 2187.80000000 2156.20000000 191291220.60000000 87993.00000000
1663174800000 1663188600000 2170.00000000 2167.40000000 2172.00000000 2155.40000000 47388661.80000000 21875.00000000
1663160400000 1663174740000 2162.80000000 2169.60000000 2178.00000000 2152.00000000 170498122.60000000 78632.00000000
1663146000000 1663160340000 2145.80000000 2163.20000000 2167.40000000 2144.00000000 301520534.00000000 140072.00000000
1663138800000 1663145940000 2193.20000000 2146.80000000 2193.20000000 2109.40000000 605641921.40000000 281554.00000000
1663088400000 1663102200000 2182.60000000 2191.40000000 2202.00000000 2181.60000000 97236646.80000000 44389.00000000
1663074000000 1663088340000 2177.00000000 2184.00000000 2197.40000000 2160.00000000 341219427.20000000 156407.00000000
1663059600000 1663073940000 2156.20000000 2177.00000000 2206.60000000 2152.00000000 1057218535.40000000 484102.00000000
1663052400000 1663059540000 2160.00000000 2156.00000000 2169.40000000 2142.40000000 220778875.00000000 102536.00000000
1663002000000 1663015800000 2162.20000000 2148.60000000 2170.00000000 2109.60000000 163419449.80000000 76181.00000000
1662987600000 1663001940000 2168.20000000 2162.00000000 2173.00000000 2140.00000000 331999403.60000000 153908.00000000
1662973200000 1662987540000 2149.80000000 2168.00000000 2181.60000000 2137.00000000 729524722.40000000 337730.00000000
1662966000000 1662973140000 2089.80000000 2149.80000000 2163.60000000 2078.00000000 492280196.40000000 230253.00000000
1662728400000 1662738600000 2071.00000000 2093.00000000 2095.00000000 2070.40000000 162437017.00000000 77945.00000000
1662714000000 1662728340000 2076.00000000 2071.00000000 2084.00000000 2042.00000000 227031822.60000000 109980.00000000
1662706800000 1662713940000 2071.00000000 2075.20000000 2079.00000000 2053.80000000 113406041.20000000 54796.00000000
1662642000000 1662652200000 2075.40000000 2064.00000000 2080.00000000 2036.00000000 333262286.60000000 162125.00000000
1662627600000 1662641940000 2076.00000000 2075.40000000 2095.00000000 2075.00000000 189407226.20000000 90861.00000000
1662620400000 1662627540000 2076.00000000 2076.00000000 2084.40000000 2056.00000000 105612135.00000000 50948.00000000
1662555600000 1662565800000 2077.00000000 2076.00000000 2105.60000000 2061.60000000 223129535.40000000 107140.00000000
1662541200000 1662555540000 2086.00000000 2077.00000000 2086.80000000 2054.80000000 282372891.80000000 136179.00000000
1662534000000 1662541140000 2071.00000000 2086.00000000 2097.00000000 2034.00000000 295431740.00000000 143275.00000000
1662469200000 1662479400000 2092.40000000 2070.00000000 2101.20000000 2050.20000000 298895876.00000000 144132.00000000
1662454800000 1662469140000 2171.40000000 2090.60000000 2176.40000000 2007.20000000 1239842189.20000000 595470.00000000
1662447600000 1662454740000 2156.00000000 2171.40000000 2183.00000000 2155.00000000 249010606.80000000 114780.00000000
1662382800000 1662393000000 2153.40000000 2155.00000000 2159.00000000 2135.40000000 142165924.00000000 66106.00000000
1662368400000 1662382740000 2153.00000000 2153.40000000 2160.00000000 2142.00000000 128946080.60000000 59970.00000000
1662361200000 1662368340000 2158.00000000 2154.00000000 2158.00000000 2121.60000000 182496938.00000000 85204.00000000
1662123600000 1662133800000 2119.80000000 2150.00000000 2150.00000000 2116.00000000 371294738.60000000 174619.00000000
1662109200000 1662123540000 2162.40000000 2119.60000000 2169.00000000 2116.00000000 367151137.00000000 171136.00000000
1662102000000 1662109140000 2177.20000000 2162.40000000 2180.00000000 2151.60000000 160042183.00000000 73859.00000000
1662037200000 1662047400000 2178.40000000 2178.00000000 2184.00000000 2150.40000000 227250147.20000000 104793.00000000
1662022800000 1662037140000 2177.60000000 2178.60000000 2188.80000000 2172.00000000 221701938.20000000 101605.00000000
1662015600000 1662022740000 2184.00000000 2177.60000000 2195.40000000 2162.60000000 205416011.80000000 94182.00000000
1661950800000 1661961000000 2167.20000000 2170.60000000 2175.00000000 2153.40000000 139332953.40000000 64371.00000000
1661936400000 1661950740000 2153.40000000 2167.00000000 2180.00000000 2111.20000000 693772845.60000000 323488.00000000
1661929200000 1661936340000 2198.00000000 2152.20000000 2236.00000000 2151.00000000 676226478.80000000 307347.00000000
1661864400000 1661874600000 2180.80000000 2190.00000000 2194.80000000 2156.00000000 550799349.60000000 252835.00000000
1661850000000 1661864340000 2128.20000000 2181.40000000 2205.00000000 2125.20000000 1224798556.60000000 563553.00000000
1661842800000 1661849940000 2108.00000000 2128.60000000 2139.60000000 2096.00000000 436229461.60000000 205514.00000000
1661778000000 1661788200000 2096.40000000 2105.00000000 2106.00000000 2093.60000000 214379127.00000000 102272.00000000
1661763600000 1661777940000 2093.00000000 2096.00000000 2102.80000000 2090.00000000 149141086.00000000 71115.00000000
1661756400000 1661763540000 2100.00000000 2093.00000000 2112.00000000 2081.80000000 228084608.60000000 108772.00000000
1661518800000 1661529000000 2105.20000000 2100.00000000 2107.00000000 2092.40000000 138157182.60000000 65807.00000000
1661504400000 1661518740000 2108.40000000 2106.80000000 2112.60000000 2090.00000000 196034966.00000000 93504.00000000
1661497200000 1661504340000 2119.40000000 2108.80000000 2130.00000000 2089.40000000 317655341.80000000 150434.00000000
1661432400000 1661442600000 2101.40000000 2118.80000000 2120.00000000 2101.20000000 282562768.40000000 134006.00000000
1661418000000 1661432340000 2096.20000000 2102.00000000 2108.00000000 2095.40000000 317581147.00000000 151062.00000000
1661410800000 1661417940000 2087.00000000 2096.20000000 2113.80000000 2085.00000000 291301348.80000000 138808.00000000
1661346000000 1661356200000 2088.40000000 2085.20000000 2089.40000000 2073.00000000 191387718.40000000 91896.00000000
1661331600000 1661345940000 2096.20000000 2088.00000000 2097.20000000 2070.00000000 278231302.40000000 133705.00000000
1661324400000 1661331540000 2095.00000000 2096.20000000 2123.00000000 2078.00000000 651254407.00000000 310293.00000000
1661259600000 1661269800000 2054.60000000 2082.20000000 2089.00000000 2041.40000000 442908147.40000000 213901.00000000
1661245200000 1661259540000 2051.40000000 2055.00000000 2084.20000000 2050.20000000 486361460.00000000 235463.00000000
1661238000000 1661245140000 2011.00000000 2051.00000000 2065.80000000 2011.00000000 627659764.00000000 306790.00000000
1661173200000 1661183400000 2001.60000000 2006.00000000 2022.00000000 1968.00000000 427446112.00000000 214212.00000000
1661158800000 1661173140000 1971.00000000 2001.00000000 2007.20000000 1967.00000000 412734514.80000000 207339.00000000
1661151600000 1661158740000 1936.60000000 1970.00000000 1988.00000000 1920.40000000 308260775.40000000 156716.00000000
1660914000000 1660924200000 1931.00000000 1936.60000000 1942.80000000 1930.60000000 87307328.00000000 45093.00000000
1660899600000 1660913940000 1929.40000000 1931.00000000 1944.00000000 1926.00000000 130612377.80000000 67544.00000000
1660892400000 1660899540000 1964.00000000 1930.00000000 1965.00000000 1920.00000000 153420403.40000000 78988.00000000
1660827600000 1660837800000 1955.80000000 1966.00000000 1969.40000000 1945.00000000 116751884.00000000 59628.00000000
1660813200000 1660827540000 1968.00000000 1956.80000000 1975.00000000 1955.00000000 128164882.40000000 65195.00000000
1660806000000 1660813140000 1960.00000000 1968.00000000 1973.40000000 1943.00000000 163066787.80000000 83162.00000000
1660741200000 1660751400000 1947.00000000 1958.00000000 1964.40000000 1941.20000000 114444760.60000000 58517.00000000
1660726800000 1660741140000 1956.60000000 1947.80000000 1970.00000000 1941.00000000 151614203.80000000 77406.00000000
1660719600000 1660726740000 1940.00000000 1957.80000000 1979.20000000 1930.20000000 350144341.40000000 178870.00000000
1660654800000 1660665000000 1926.40000000 1935.00000000 1940.80000000 1918.40000000 139815103.20000000 72492.00000000
1660640400000 1660654740000 1915.00000000 1926.40000000 1933.00000000 1911.20000000 185294348.20000000 96363.00000000
1660633200000 1660640340000 1917.80000000 1914.00000000 1922.00000000 1901.00000000 110775901.60000000 57931.00000000
1660568400000 1660578600000 1913.00000000 1904.00000000 1933.00000000 1898.20000000 200489416.20000000 104613.00000000
1660554000000 1660568340000 1893.20000000 1913.00000000 1918.00000000 1884.60000000 184646453.80000000 97006.00000000
1660546800000 1660553940000 1908.00000000 1893.00000000 1924.00000000 1872.20000000 282922928.80000000 149064.00000000
1660309200000 1660319400000 1929.00000000 1903.00000000 1948.80000000 1892.80000000 326464991.00000000 170337.00000000
1660294800000 1660309140000 1896.00000000 1929.00000000 1942.80000000 1894.80000000 294453993.00000000 153088.00000000
1660287600000 1660294740000 1915.60000000 1896.00000000 1948.80000000 1888.80000000 356962230.40000000 185877.00000000
1660222800000 1660233000000 1991.20000000 1915.60000000 1998.00000000 1901.00000000 439840304.20000000 226165.00000000
1660208400000 1660222740000 1988.00000000 1990.20000000 2003.20000000 1970.00000000 276099744.60000000 139091.00000000
1660201200000 1660208340000 1980.00000000 1987.60000000 2014.40000000 1973.60000000 403505523.80000000 202145.00000000
1660136400000 1660146600000 1969.00000000 1971.80000000 1981.80000000 1955.00000000 137963085.80000000 70123.00000000
1660122000000 1660136340000 1968.00000000 1969.00000000 1981.40000000 1949.00000000 227882343.80000000 115879.00000000
1660114800000 1660121940000 1944.60000000 1968.80000000 1989.00000000 1930.20000000 406885369.00000000 207629.00000000
1660050000000 1660060200000 1915.20000000 1944.40000000 1947.40000000 1907.40000000 199499975.00000000 103730.00000000
1660035600000 1660049880000 1898.80000000 1915.60000000 1925.00000000 1895.20000000 216872259.00000000 113472.00000000
1660028400000 1660035540000 1933.00000000 1898.80000000 1949.00000000 1887.60000000 404285594.20000000 212236.00000000
1659963600000 1659973800000 1924.00000000 1933.00000000 1941.20000000 1922.00000000 221275026.00000000 114526.00000000
1659949200000 1659963540000 1933.80000000 1924.80000000 1950.00000000 1911.00000000 490131211.40000000 253877.00000000
1659942000000 1659949140000 1984.00000000 1931.00000000 1985.60000000 1893.00000000 1070567661.80000000 552261.00000000
1659704400000 1659714600000 1872.60000000 1837.00000000 1890.00000000 1811.20000000 585521579.60000000 316444.00000000
1659690000000 1659704340000 1907.40000000 1871.00000000 1920.00000000 1865.00000000 587067177.20000000 310258.00000000
1659682800000 1659689940000 2032.00000000 1907.80000000 2032.00000000 1850.00000000 1410302186.80000000 733611.00000000
1659618000000 1659628200000 1987.00000000 2000.00000000 2021.00000000 1985.00000000 306088617.60000000 152943.00000000
1659603600000 1659617940000 2001.40000000 1987.00000000 2013.00000000 1978.00000000 301436357.60000000 150834.00000000
1659596400000 1659603540000 1985.00000000 2001.40000000 2032.00000000 1975.00000000 806969134.60000000 402695.00000000
1659531600000 1659541800000 1942.00000000 1956.00000000 1963.00000000 1940.00000000 149479979.80000000 76609.00000000
1659517200000 1659531540000 1966.60000000 1942.00000000 1967.20000000 1922.60000000 417674964.20000000 214495.00000000
1659510000000 1659517140000 1898.00000000 1966.00000000 1986.20000000 1895.00000000 820114204.00000000 419062.00000000
1659445200000 1659455400000 1921.20000000 1891.20000000 1925.80000000 1884.00000000 295786592.80000000 155434.00000000
1659430800000 1659445140000 1897.00000000 1921.20000000 1948.00000000 1896.00000000 448003387.00000000 232863.00000000
1659423600000 1659430740000 1923.00000000 1897.80000000 1923.00000000 1860.20000000 482163229.00000000 254968.00000000
1659358800000 1659369000000 1908.40000000 1926.20000000 1936.60000000 1902.20000000 206415934.80000000 107453.00000000
1659344400000 1659358740000 1905.40000000 1908.60000000 1951.00000000 1852.20000000 1042780275.00000000 550312.00000000
1659337200000 1659344340000 1948.00000000 1905.20000000 1973.00000000 1900.40000000 617660155.60000000 319923.00000000
1659099600000 1659109800000 1996.00000000 1952.00000000 1996.20000000 1950.00000000 488279339.80000000 247799.00000000
1659085200000 1659099540000 2035.60000000 1996.00000000 2039.40000000 1966.40000000 1586559671.00000000 793574.00000000
1659078000000 1659085140000 2055.00000000 2033.00000000 2078.00000000 2033.00000000 505830877.80000000 245947.00000000
1659013200000 1659023400000 2072.80000000 2063.00000000 2079.00000000 2055.80000000 290823713.40000000 140737.00000000
1658998800000 1659013140000 2053.20000000 2072.80000000 2092.00000000 2038.00000000 410524338.60000000 198282.00000000
1658991600000 1658998740000 2096.00000000 2053.20000000 2109.00000000 2052.00000000 480859513.20000000 231366.00000000
1658926800000 1658937000000 2058.60000000 2072.00000000 2123.00000000 2056.00000000 859508653.20000000 410920.00000000
1658912400000 1658926740000 2041.80000000 2058.20000000 2094.80000000 2023.20000000 1094531741.80000000 530930.00000000
1658905200000 1658912340000 2149.00000000 2041.80000000 2150.00000000 2020.00000000 1794697268.60000000 866346.00000000
1658840400000 1658850600000 2115.00000000 2136.00000000 2144.80000000 2106.40000000 944499092.60000000 444007.00000000
1658826000000 1658840340000 2008.20000000 2114.80000000 2170.00000000 1978.40000000 3778983798.20000000 1812682.00000000
1658818800000 1658825940000 1994.00000000 2008.20000000 2056.40000000 1975.20000000 1223957660.40000000 607137.00000000
1658754000000 1658764200000 1925.80000000 1973.00000000 1978.80000000 1925.00000000 694555901.00000000 355167.00000000
1658739600000 1658753940000 1908.00000000 1925.80000000 1934.40000000 1875.00000000 621111021.00000000 324849.00000000
1658732400000 1658739540000 1827.00000000 1907.00000000 1921.60000000 1810.00000000 985742802.80000000 525838.00000000
1658494800000 1658505000000 1797.80000000 1800.00000000 1800.00000000 1765.00000000 220891817.20000000 123660.00000000
1658480400000 1658494740000 1760.80000000 1797.00000000 1804.00000000 1752.00000000 427488382.00000000 240277.00000000
1658473200000 1658480340000 1708.00000000 1760.80000000 1773.00000000 1706.20000000 425918137.80000000 242969.00000000
1658408400000 1658418600000 1697.00000000 1701.00000000 1716.00000000 1693.60000000 49382284.80000000 28974.00000000
1658394000000 1658408340000 1680.00000000 1696.80000000 1719.80000000 1680.00000000 120035903.20000000 70398.00000000
1658386800000 1658393940000 1720.40000000 1681.20000000 1733.80000000 1658.60000000 197286662.60000000 116888.00000000
1658322000000 1658332200000 1714.20000000 1715.40000000 1729.00000000 1703.00000000 110419892.00000000 64284.00000000
1658307600000 1658321940000 1728.00000000 1712.40000000 1748.00000000 1703.00000000 340448763.60000000 196968.00000000
1658300400000 1658307540000 1680.00000000 1729.80000000 1737.00000000 1670.40000000 304182060.00000000 177225.00000000
1658235600000 1658245800000 1670.80000000 1672.40000000 1687.00000000 1658.00000000 100277985.60000000 59909.00000000
1658221200000 1658235540000 1653.00000000 1672.20000000 1694.80000000 1645.00000000 174244039.80000000 104425.00000000
1658214000000 1658221140000 1698.00000000 1654.80000000 1705.80000000 1645.00000000 249099937.40000000 148886.00000000
1658149200000 1658159400000 1688.60000000 1696.00000000 1719.60000000 1675.00000000 272246411.40000000 160864.00000000
1658134800000 1658149140000 1661.40000000 1689.20000000 1700.00000000 1645.60000000 338758703.60000000 202040.00000000
1658127600000 1658134740000 1650.00000000 1661.20000000 1679.00000000 1645.00000000 122004260.80000000 73586.00000000
1657890000000 1657900200000 1628.00000000 1638.60000000 1642.00000000 1610.00000000 106222859.00000000 65165.00000000
1657875600000 1657889940000 1627.60000000 1628.00000000 1642.00000000 1620.20000000 144676014.00000000 88589.00000000
1657868400000 1657875540000 1625.60000000 1628.00000000 1640.00000000 1602.60000000 116909540.80000000 71965.00000000
1657803600000 1657813800000 1610.80000000 1613.60000000 1630.80000000 1601.60000000 71107361.40000000 44110.00000000
1657789200000 1657803540000 1650.40000000 1610.40000000 1664.00000000 1601.80000000 236603655.20000000 144653.00000000
1657782000000 1657789140000 1618.00000000 1650.40000000 1669.00000000 1572.00000000 188340046.00000000 115637.00000000
1657717200000 1657727400000 1597.60000000 1600.00000000 1628.00000000 1586.00000000 105695000.00000000 65843.00000000
1657702800000 1657717140000 1638.60000000 1596.60000000 1640.00000000 1591.00000000 141407585.00000000 87502.00000000
1657695600000 1657702740000 1660.60000000 1637.20000000 1688.80000000 1615.00000000 141609838.60000000 85948.00000000
1657630800000 1657641000000 1613.80000000 1660.60000000 1680.60000000 1608.00000000 187343874.80000000 113721.00000000
1657616400000 1657630740000 1616.20000000 1614.00000000 1648.00000000 1610.00000000 161794881.80000000 99736.00000000
1657609200000 1657616340000 1678.00000000 1616.20000000 1680.00000000 1595.00000000 318128823.20000000 195159.00000000
1657544400000 1657554600000 1680.00000000 1678.00000000 1693.00000000 1660.00000000 120229530.40000000 71731.00000000
1657530000000 1657544340000 1730.00000000 1680.00000000 1732.60000000 1666.80000000 226544342.80000000 133228.00000000
1657522800000 1657529940000 1706.00000000 1730.00000000 1740.00000000 1700.80000000 267269204.40000000 155287.00000000
1657285200000 1657295400000 1702.20000000 1704.00000000 1716.00000000 1685.40000000 120541695.20000000 70824.00000000
1657270800000 1657285140000 1706.40000000 1702.00000000 1715.80000000 1700.00000000 114815004.20000000 67319.00000000
1657263600000 1657270740000 1729.00000000 1706.40000000 1739.40000000 1690.00000000 212838267.00000000 123887.00000000
1657198800000 1657209000000 1720.60000000 1711.00000000 1724.00000000 1704.40000000 101387037.20000000 59116.00000000
1657184400000 1657198740000 1717.60000000 1720.60000000 1729.00000000 1700.00000000 284312934.00000000 165610.00000000
1657177200000 1657184340000 1660.00000000 1717.60000000 1718.00000000 1660.00000000 328509322.60000000 193916.00000000
1657112400000 1657122600000 1719.20000000 1655.00000000 1724.00000000 1634.80000000 203232980.20000000 120785.00000000
1657098000000 1657112340000 1731.80000000 1719.00000000 1745.00000000 1711.00000000 200745290.20000000 116518.00000000
1657090800000 1657097940000 1720.60000000 1733.00000000 1748.00000000 1702.40000000 283619970.60000000 163439.00000000
1657026000000 1657036200000 1701.80000000 1701.40000000 1734.00000000 1699.20000000 103760922.40000000 60412.00000000
1657011600000 1657025940000 1692.80000000 1701.80000000 1742.00000000 1676.40000000 343807010.60000000 200452.00000000
1657004400000 1657011540000 1680.00000000 1693.60000000 1700.00000000 1660.00000000 164067720.40000000 97342.00000000
1656939600000 1656949800000 1681.00000000 1660.00000000 1682.80000000 1649.00000000 126949302.40000000 76364.00000000
1656925200000 1656939540000 1648.60000000 1681.00000000 1688.00000000 1645.20000000 174412231.20000000 104526.00000000
1656918060000 1656925140000 1604.60000000 1648.60000000 1658.80000000 1571.80000000 222912656.00000000 135924.00000000
1656680400000 1656690600000 1588.80000000 1596.00000000 1611.00000000 1585.20000000 62632387.00000000 39094.00000000
1656666000000 1656680340000 1592.80000000 1588.80000000 1627.00000000 1584.00000000 154402553.40000000 96181.00000000
1656658800000 1656665940000 1595.20000000 1593.00000000 1599.40000000 1552.00000000 125615034.60000000 79656.00000000
1656594000000 1656604200000 1621.00000000 1603.80000000 1630.00000000 1565.80000000 187827974.80000000 116965.00000000
1656579600000 1656593940000 1607.00000000 1622.00000000 1650.00000000 1595.20000000 239139868.60000000 146675.00000000
1656572400000 1656579540000 1710.00000000 1607.00000000 1730.00000000 1573.20000000 368817570.20000000 224394.00000000
1656507600000 1656517800000 1700.00000000 1712.00000000 1746.80000000 1685.20000000 167159404.60000000 97200.00000000
1656493200000 1656507540000 1720.00000000 1700.00000000 1721.40000000 1686.20000000 131878980.40000000 77513.00000000
1656486000000 1656493140000 1748.80000000 1720.00000000 1748.80000000 1666.20000000 230988635.80000000 135130.00000000
1656421200000 1656431400000 1771.60000000 1750.00000000 1775.00000000 1748.60000000 219859208.60000000 124905.00000000
1656406800000 1656421140000 1751.00000000 1771.80000000 1772.00000000 1750.00000000 186696964.40000000 106195.00000000
1656399600000 1656406740000 1781.00000000 1751.60000000 1781.20000000 1731.20000000 289716075.00000000 164929.00000000
1656334800000 1656345000000 1730.00000000 1779.00000000 1779.00000000 1715.00000000 298318726.80000000 170830.00000000
1656320400000 1656334740000 1707.00000000 1730.00000000 1738.00000000 1695.00000000 335842169.20000000 195557.00000000
1656313200000 1656320340000 1660.00000000 1707.00000000 1708.80000000 1645.20000000 263717192.40000000 156330.00000000
1656075600000 1656085800000 1634.60000000 1645.00000000 1646.80000000 1632.80000000 76398461.00000000 46540.00000000
1656061200000 1656075540000 1637.20000000 1634.60000000 1640.00000000 1610.40000000 124042359.40000000 76338.00000000
1656054000000 1656061140000 1665.00000000 1637.40000000 1680.00000000 1620.20000000 202815659.00000000 122954.00000000
1655989200000 1655999400000 1654.60000000 1662.00000000 1666.40000000 1645.20000000 153466058.20000000 92666.00000000
1655974800000 1655989140000 1613.80000000 1654.60000000 1669.00000000 1612.20000000 304628780.40000000 185312.00000000
1655967600000 1655974740000 1604.60000000 1614.00000000 1635.00000000 1581.00000000 294839413.00000000 182748.00000000
1655902800000 1655913000000 1553.60000000 1600.00000000 1600.00000000 1550.20000000 214991969.40000000 136421.00000000
1655888400000 1655902740000 1527.00000000 1553.60000000 1559.00000000 1523.00000000 137558242.60000000 89169.00000000
1655881200000 1655888340000 1525.00000000 1527.00000000 1554.40000000 1500.40000000 162129823.20000000 105686.00000000
1655816400000 1655826600000 1568.20000000 1533.80000000 1569.00000000 1531.20000000 127073452.40000000 81772.00000000
1655802000000 1655816340000 1554.00000000 1568.40000000 1573.00000000 1552.80000000 160042388.60000000 102247.00000000
1655794800000 1655801940000 1574.80000000 1553.80000000 1629.00000000 1550.00000000 647212739.20000000 407739.00000000
1655730000000 1655740200000 1514.00000000 1560.80000000 1566.00000000 1509.00000000 424109254.80000000 274263.00000000
1655715600000 1655729940000 1493.20000000 1515.00000000 1525.00000000 1481.80000000 300099208.60000000 199775.00000000
1655708400000 1655715540000 1468.00000000 1493.20000000 1507.00000000 1467.80000000 142662183.60000000 95713.00000000
1655470800000 1655481000000 1469.00000000 1465.00000000 1474.80000000 1455.00000000 107863897.00000000 73604.00000000
1655456400000 1655470740000 1482.00000000 1469.00000000 1482.00000000 1433.40000000 180405944.40000000 123491.00000000
1655445720000 1655456340000 1448.80000000 1482.00000000 1511.40000000 1448.80000000 499568672.20000000 338005.00000000
1655384400000 1655394600000 1440.00000000 1456.20000000 1457.00000000 1432.00000000 148112915.60000000 102632.00000000
1655370000000 1655384340000 1405.60000000 1440.00000000 1447.80000000 1397.20000000 357710386.00000000 251848.00000000
1655362800000 1655369940000 1404.00000000 1407.00000000 1418.80000000 1390.00000000 168343723.20000000 119671.00000000
1655298000000 1655308200000 1398.00000000 1390.00000000 1399.00000000 1385.20000000 87965316.20000000 63114.00000000
1655283600000 1655297940000 1389.80000000 1398.40000000 1399.00000000 1386.60000000 139801637.60000000 100305.00000000
1655276400000 1655283540000 1398.60000000 1390.00000000 1407.80000000 1380.20000000 105767934.40000000 76052.00000000
1655211600000 1655221800000 1389.60000000 1386.00000000 1390.80000000 1374.00000000 111267924.00000000 80371.00000000
1655197200000 1655211540000 1411.40000000 1389.60000000 1419.80000000 1387.60000000 145223008.20000000 103473.00000000
1655190000000 1655197140000 1360.00000000 1412.00000000 1429.20000000 1360.00000000 197400504.00000000 140683.00000000
1654866000000 1654876200000 1368.00000000 1400.80000000 1470.00000000 1350.00000000 396873967.00000000 281453.00000000
1654851600000 1654865940000 1403.60000000 1369.00000000 1410.00000000 1355.00000000 185203540.40000000 133846.00000000
1654844400000 1654851540000 1390.00000000 1403.60000000 1424.20000000 1372.60000000 108878777.00000000 77524.00000000
1654779600000 1654789800000 1398.20000000 1401.40000000 1408.80000000 1392.20000000 91215665.40000000 65189.00000000
1654765200000 1654779540000 1415.00000000 1398.20000000 1423.00000000 1392.20000000 125496461.20000000 89263.00000000
1654758000000 1654765140000 1456.60000000 1415.00000000 1461.20000000 1382.00000000 317866398.60000000 225027.00000000
1654693200000 1654703400000 1460.00000000 1456.20000000 1461.80000000 1441.40000000 75257185.80000000 51896.00000000
1654678800000 1654693140000 1460.40000000 1460.00000000 1478.00000000 1450.20000000 137311964.80000000 93787.00000000
1654671600000 1654678740000 1470.00000000 1460.40000000 1495.00000000 1443.20000000 330185503.80000000 224433.00000000
1654606800000 1654617000000 1419.20000000 1438.00000000 1442.60000000 1413.00000000 193716720.00000000 135628.00000000
1654592400000 1654606740000 1369.80000000 1419.20000000 1425.00000000 1369.20000000 366533384.80000000 263228.00000000
1654585200000 1654592340000 1397.80000000 1369.80000000 1406.20000000 1333.00000000 491821354.60000000 361507.00000000
1654520400000 1654530600000 1408.40000000 1399.80000000 1413.00000000 1395.20000000 206752607.80000000 147385.00000000
1654506000000 1654520340000 1453.80000000 1408.20000000 1455.80000000 1385.00000000 672666320.60000000 475299.00000000
1654498800000 1654505940000 1513.00000000 1453.40000000 1525.60000000 1440.00000000 411722420.80000000 281320.00000000
1654261200000 1654271400000 1536.00000000 1497.00000000 1543.40000000 1366.40000000 1380891264.40000000 938086.00000000
1654246800000 1654261140000 1611.00000000 1537.60000000 1612.00000000 1500.00000000 335234726.20000000 216771.00000000
1654239600000 1654246740000 1593.00000000 1610.80000000 1620.00000000 1575.00000000 330289798.80000000 206465.00000000
1654174800000 1654185000000 1586.40000000 1592.00000000 1599.00000000 1585.00000000 70883877.60000000 44558.00000000
1654160400000 1654174740000 1578.00000000 1586.40000000 1591.00000000 1572.60000000 81314630.40000000 51330.00000000
1654153200000 1654160340000 1590.80000000 1577.60000000 1607.60000000 1564.60000000 171339776.20000000 107833.00000000
1654088400000 1654098600000 1602.00000000 1586.00000000 1609.40000000 1575.00000000 76065990.00000000 47904.00000000
1654074000000 1654088340000 1605.00000000 1601.60000000 1618.00000000 1596.00000000 104858493.00000000 65309.00000000
1654066800000 1654073940000 1566.80000000 1604.40000000 1623.00000000 1559.00000000 180722507.80000000 112753.00000000
1654002000000 1654012200000 1587.60000000 1567.80000000 1591.00000000 1565.00000000 49770507.00000000 31517.00000000
1653987600000 1654001940000 1578.00000000 1587.60000000 1594.20000000 1571.80000000 62050239.60000000 39227.00000000
1653980400000 1653987540000 1591.00000000 1578.80000000 1602.00000000 1550.40000000 127727327.20000000 81183.00000000
1653915600000 1653925800000 1603.60000000 1597.60000000 1623.00000000 1595.40000000 88699631.60000000 55236.00000000
1653901200000 1653915540000 1595.20000000 1603.60000000 1619.80000000 1592.20000000 111463951.40000000 69378.00000000
1653894000000 1653901140000 1654.00000000 1593.40000000 1663.00000000 1593.40000000 145279578.80000000 89337.00000000
1653656400000 1653666600000 1644.80000000 1644.00000000 1662.00000000 1640.00000000 103032779.00000000 62500.00000000
1653642000000 1653656340000 1664.00000000 1646.00000000 1665.60000000 1630.00000000 119867164.00000000 72991.00000000
1653634800000 1653641940000 1700.00000000 1663.00000000 1705.00000000 1632.00000000 142093365.20000000 85514.00000000
1653570000000 1653580200000 1636.20000000 1670.00000000 1670.00000000 1608.00000000 213413896.80000000 130306.00000000
1653555600000 1653569940000 1644.20000000 1635.00000000 1708.60000000 1626.60000000 448873738.20000000 268421.00000000
1653548400000 1653555540000 1618.00000000 1643.80000000 1650.00000000 1614.40000000 102017445.00000000 62404.00000000
1653483600000 1653493800000 1598.00000000 1608.00000000 1616.00000000 1596.00000000 55094343.00000000 34245.00000000
1653469200000 1653483540000 1589.40000000 1598.00000000 1636.00000000 1572.00000000 162586137.40000000 101696.00000000
1653462000000 1653469140000 1594.00000000 1590.00000000 1623.00000000 1580.00000000 82835965.80000000 51682.00000000
1653397200000 1653407400000 1591.60000000 1590.00000000 1629.00000000 1566.00000000 77561534.00000000 48573.00000000
1653382800000 1653397140000 1561.60000000 1591.60000000 1592.00000000 1530.20000000 136938322.40000000 87653.00000000
1653375600000 1653382740000 1592.00000000 1561.80000000 1593.20000000 1550.00000000 94974904.20000000 60742.00000000
1653310800000 1653321000000 1599.60000000 1592.80000000 1602.40000000 1570.60000000 71645422.60000000 45289.00000000
1653296400000 1653310740000 1612.40000000 1600.00000000 1612.80000000 1585.00000000 165126865.80000000 103111.00000000
1653289200000 1653296340000 1636.00000000 1611.40000000 1673.80000000 1605.00000000 81847000.20000000 50409.00000000
1653051600000 1653061800000 1639.80000000 1646.00000000 1653.00000000 1600.00000000 126105761.20000000 77536.00000000
1653037200000 1653051540000 1674.80000000 1639.20000000 1689.80000000 1627.80000000 136955053.20000000 82557.00000000
1653030000000 1653037140000 1722.00000000 1675.00000000 1733.40000000 1660.00000000 171210406.20000000 100604.00000000
1652965200000 1652975400000 1683.00000000 1705.00000000 1710.00000000 1683.00000000 85618493.20000000 50445.00000000
1652950800000 1652965140000 1680.40000000 1682.40000000 1689.60000000 1660.00000000 83405362.40000000 49765.00000000
1652943600000 1652950740000 1700.00000000 1680.40000000 1713.00000000 1640.00000000 173717944.40000000 103622.00000000
1652878800000 1652889000000 1760.00000000 1715.80000000 1765.40000000 1701.80000000 118944861.20000000 68719.00000000
1652864400000 1652878740000 1760.40000000 1760.00000000 1778.20000000 1741.00000000 154828075.00000000 88128.00000000
1652857200000 1652864340000 1707.80000000 1760.40000000 1795.00000000 1704.00000000 290217456.20000000 164655.00000000
1652792400000 1652802600000 1671.60000000 1701.00000000 1707.00000000 1670.20000000 84827667.40000000 50365.00000000
1652778000000 1652792340000 1691.40000000 1671.20000000 1694.20000000 1662.20000000 89004263.60000000 53046.00000000
1652770800000 1652777940000 1653.00000000 1694.60000000 1700.00000000 1649.80000000 169972601.40000000 101504.00000000
1652706000000 1652716200000 1646.00000000 1638.20000000 1649.20000000 1625.00000000 57134256.00000000 34882.00000000
1652691600000 1652705940000 1640.20000000 1646.00000000 1663.00000000 1633.80000000 123272890.80000000 74771.00000000
1652684400000 1652691540000 1618.00000000 1640.40000000 1679.00000000 1562.00000000 256479593.60000000 156292.00000000
1652446800000 1652457000000 1599.40000000 1593.00000000 1610.00000000 1588.00000000 54670885.40000000 34182.00000000
1652432400000 1652446740000 1591.00000000 1598.20000000 1605.20000000 1590.00000000 59090385.00000000 36956.00000000
1652425200000 1652432340000 1604.60000000 1590.40000000 1624.60000000 1574.20000000 79803902.20000000 49897.00000000
1652360400000 1652370600000 1600.00000000 1594.00000000 1603.00000000 1543.60000000 159191831.80000000 100906.00000000
1652346000000 1652360340000 1637.60000000 1600.00000000 1647.80000000 1590.20000000 134302564.80000000 82845.00000000
1652338800000 1652345940000 1694.80000000 1638.00000000 1694.80000000 1623.40000000 124549500.40000000 75736.00000000
1652274000000 1652284200000 1682.20000000 1677.40000000 1686.80000000 1634.00000000 120780539.80000000 72626.00000000
1652259600000 1652273940000 1713.80000000 1682.00000000 1718.00000000 1680.00000000 128276481.00000000 75540.00000000
1652252400000 1652259540000 1688.00000000 1713.60000000 1728.60000000 1634.00000000 181249955.20000000 107300.00000000
1651842000000 1651852200000 1681.60000000 1688.00000000 1692.00000000 1655.00000000 96140790.80000000 57372.00000000
1651827600000 1651841940000 1688.00000000 1681.20000000 1695.00000000 1666.00000000 129893342.00000000 77321.00000000
1651820400000 1651827540000 1734.00000000 1688.80000000 1734.00000000 1685.00000000 111773255.00000000 65688.00000000
1651755600000 1651765740000 1737.20000000 1734.40000000 1744.40000000 1725.20000000 86188901.00000000 49573.00000000
1651741200000 1651755540000 1726.80000000 1737.20000000 1751.80000000 1720.00000000 121375316.40000000 69979.00000000
1651734000000 1651741140000 1719.00000000 1725.40000000 1732.00000000 1703.00000000 116592599.60000000 67805.00000000
1651669200000 1651679400000 1729.00000000 1699.00000000 1729.20000000 1690.00000000 89188527.40000000 52320.00000000
1651654800000 1651669140000 1724.00000000 1728.20000000 1751.20000000 1684.20000000 234842167.20000000 136941.00000000
1651647600000 1651654740000 1792.20000000 1725.80000000 1813.60000000 1722.20000000 317750057.20000000 178950.00000000
1651237200000 1651247400000 1763.40000000 1766.60000000 1782.20000000 1754.40000000 151358107.00000000 85569.00000000
1651222800000 1651237140000 1780.00000000 1763.40000000 1788.00000000 1735.20000000 186475931.20000000 106036.00000000
1651215600000 1651222740000 1735.00000000 1780.00000000 1817.60000000 1734.20000000 362754703.20000000 203218.00000000
1651150800000 1651161000000 1759.80000000 1721.00000000 1810.00000000 1717.00000000 269717065.40000000 152649.00000000
1651136400000 1651150740000 1854.40000000 1760.00000000 1928.60000000 1739.80000000 1280478114.40000000 698959.00000000
1651129200000 1651136340000 1767.00000000 1855.00000000 1862.80000000 1758.40000000 680054666.60000000 373977.00000000
1651064400000 1651074600000 1763.00000000 1748.60000000 1768.00000000 1710.00000000 329101037.40000000 188845.00000000
1651050000000 1651064340000 1685.00000000 1760.80000000 1770.00000000 1683.00000000 729219877.40000000 420380.00000000
1651042800000 1651049940000 1620.00000000 1685.40000000 1749.00000000 1587.00000000 506803215.60000000 299452.00000000
1650978000000 1650988200000 1569.00000000 1600.80000000 1628.00000000 1560.40000000 430942284.40000000 270982.00000000
1650963600000 1650977940000 1535.00000000 1568.00000000 1583.40000000 1511.20000000 509420474.40000000 329634.00000000
1650956400000 1650963540000 1520.80000000 1535.00000000 1575.40000000 1500.00000000 583825296.60000000 378362.00000000
1650891600000 1650901800000 1581.00000000 1520.80000000 1600.00000000 1520.00000000 416041487.80000000 267113.00000000
1650877200000 1650891540000 1585.00000000 1580.00000000 1608.20000000 1565.00000000 420942330.80000000 265370.00000000
1650870000000 1650877140000 1692.00000000 1585.00000000 1698.00000000 1567.00000000 460242880.60000000 284852.00000000
1650632400000 1650642600000 1618.00000000 1692.00000000 1695.00000000 1601.60000000 376902051.60000000 227468.00000000
1650618000000 1650632340000 1599.80000000 1618.00000000 1620.00000000 1532.00000000 688661493.20000000 438691.00000000
1650610800000 1650617940000 1670.00000000 1599.80000000 1671.80000000 1556.20000000 754599926.00000000 466313.00000000
1650546000000 1650556200000 1749.20000000 1646.00000000 1757.60000000 1642.80000000 761884876.00000000 450047.00000000
1650531660000 1650545940000 1774.00000000 1750.00000000 1795.00000000 1744.60000000 267217765.20000000 151079.00000000
1650524400000 1650531540000 1794.60000000 1768.20000000 1808.60000000 1735.00000000 649851476.20000000 369096.00000000
1650459600000 1650469800000 1828.40000000 1789.80000000 1845.00000000 1782.40000000 352908213.20000000 195203.00000000
1650445200000 1650459540000 1849.00000000 1828.60000000 1890.00000000 1818.00000000 715419201.60000000 385037.00000000
1650438000000 1650445140000 1867.00000000 1849.80000000 1879.60000000 1784.80000000 368238043.40000000 201085.00000000
1650373200000 1650383400000 1785.00000000 1857.60000000 1896.40000000 1783.20000000 339038712.80000000 184699.00000000
1650358800000 1650373140000 1850.60000000 1784.80000000 1854.60000000 1732.20000000 635367559.40000000 357796.00000000
1650351600000 1650358740000 1885.20000000 1850.40000000 1910.60000000 1802.40000000 444800587.40000000 241825.00000000
1650286800000 1650297000000 1895.20000000 1880.20000000 1903.80000000 1871.20000000 244845824.40000000 129865.00000000
1650272400000 1650286740000 1967.60000000 1890.20000000 1977.00000000 1890.00000000 385631445.40000000 199675.00000000
1650265200000 1650272340000 1998.00000000 1967.60000000 2019.20000000 1959.80000000 179648347.80000000 90304.00000000
1650027600000 1650037800000 1965.00000000 1979.60000000 1996.00000000 1960.80000000 110395744.40000000 55778.00000000
1650013200000 1650027540000 1966.60000000 1965.00000000 1974.80000000 1930.60000000 185317970.80000000 94882.00000000
1650006000000 1650013140000 1955.40000000 1965.80000000 1983.80000000 1900.20000000 374086208.60000000 192401.00000000
1649941200000 1649951400000 1987.20000000 1945.20000000 1999.00000000 1943.00000000 396127398.60000000 201545.00000000
1649926800000 1649941140000 2053.40000000 1987.20000000 2060.00000000 1987.20000000 465409991.80000000 231010.00000000
1649919600000 1649926740000 2088.00000000 2057.80000000 2099.20000000 2040.00000000 161284610.20000000 78344.00000000
1649854800000 1649865000000 2072.00000000 2088.00000000 2089.80000000 2065.20000000 87788197.00000000 42296.00000000
1649840400000 1649854740000 2060.00000000 2072.00000000 2078.60000000 2050.00000000 164965840.20000000 79758.00000000
1649833200000 1649840340000 2088.00000000 2059.20000000 2115.00000000 2050.00000000 255670785.00000000 122504.00000000
1649768400000 1649778600000 2045.40000000 2074.00000000 2079.00000000 2045.00000000 125603552.80000000 60998.00000000
1649754000000 1649768340000 2033.60000000 2046.80000000 2049.00000000 2021.00000000 164192608.20000000 80722.00000000
1649746800000 1649753940000 2097.00000000 2034.80000000 2115.00000000 1980.80000000 673824399.20000000 330638.00000000
1649682000000 1649692200000 2108.80000000 2097.00000000 2112.00000000 2090.00000000 198976063.80000000 94785.00000000
1649667600000 1649681940000 2123.40000000 2110.80000000 2125.00000000 2101.60000000 248673990.20000000 117846.00000000
1649660400000 1649667540000 2120.00000000 2122.80000000 2160.00000000 2071.00000000 460550121.00000000 216914.00000000
1649422800000 1649433000000 2113.80000000 2115.00000000 2120.00000000 2105.00000000 200796939.20000000 95012.00000000
1649408400000 1649422740000 2125.00000000 2112.80000000 2153.80000000 2075.00000000 576621029.00000000 272570.00000000
1649401200000 1649408340000 2173.80000000 2125.00000000 2188.60000000 2112.60000000 551513944.20000000 256869.00000000
1649336400000 1649346600000 2146.80000000 2130.00000000 2164.80000000 2100.00000000 861620934.80000000 406599.00000000
1649322000000 1649336340000 2156.80000000 2146.80000000 2246.20000000 2127.20000000 1652869478.00000000 753558.00000000
1649314800000 1649321940000 2071.00000000 2156.80000000 2169.00000000 2071.00000000 525956556.20000000 248794.00000000
1649250000000 1649260200000 2099.80000000 2070.80000000 2114.00000000 2030.20000000 519240442.40000000 249183.00000000
1649235600000 1649249940000 2085.60000000 2099.80000000 2145.00000000 2080.00000000 819007747.80000000 388628.00000000
1649228400000 1649235540000 2109.00000000 2085.60000000 2125.60000000 2025.00000000 1579069963.00000000 760376.00000000
1649163600000 1649173800000 2175.60000000 2158.40000000 2189.80000000 2134.20000000 328402098.20000000 151933.00000000
1649149200000 1649163540000 2228.00000000 2175.60000000 2233.20000000 2020.00000000 1926555218.20000000 898120.00000000
1649142000000 1649149140000 2295.40000000 2229.20000000 2340.00000000 2215.40000000 1529876763.60000000 674420.00000000
1649077200000 1649087400000 2289.00000000 2285.00000000 2305.00000000 2265.20000000 467685613.00000000 204643.00000000
1649062800000 1649077140000 2284.00000000 2289.00000000 2318.00000000 2233.00000000 1238187040.80000000 542598.00000000
1649055600000 1649062740000 2370.00000000 2282.00000000 2420.00000000 2201.00000000 2365517170.40000000 1027753.00000000
1648818000000 1648828200000 2348.00000000 2325.00000000 2356.00000000 2304.80000000 916296128.20000000 392491.00000000
1648803600000 1648817940000 2332.60000000 2348.00000000 2395.00000000 2330.00000000 1461158726.80000000 618958.00000000
1648796400000 1648803540000 2299.40000000 2334.80000000 2460.00000000 2280.00000000 2688664551.00000000 1132457.00000000
1648731600000 1648741800000 2252.80000000 2259.00000000 2276.00000000 2208.20000000 743510381.20000000 330123.00000000
1648717200000 1648731540000 2214.60000000 2253.60000000 2279.00000000 2200.00000000 1492126510.60000000 667572.00000000
1648710000000 1648717140000 2233.00000000 2214.60000000 2290.00000000 2155.00000000 1490070143.20000000 672697.00000000
1648630800000 1648637400000 2162.80000000 2154.00000000 2250.00000000 2120.00000000 2007878006.20000000 915750.00000000
1648622160000 1648630740000 1933.00000000 2161.60000000 2178.00000000 1933.00000000 2274088978.40000000 1105126.00000000
1648544400000 1648551000000 2084.00000000 2020.00000000 2090.00000000 1966.80000000 1894871341.40000000 933447.00000000
1648537200000 1648544340000 2010.00000000 2086.40000000 2173.00000000 1932.00000000 3421329239.80000000 1658937.00000000
1645808400000 1645822200000 2039.60000000 1931.20000000 2049.00000000 1900.00000000 1634650835.00000000 833682.00000000
1645794000000 1645808340000 2114.60000000 2037.00000000 2220.00000000 1910.00000000 4594262763.40000000 2210183.00000000
1645779600000 1645793940000 2000.00000000 2110.00000000 2134.80000000 1950.00000000 2828492761.60000000 1372232.00000000
1645772400000 1645779540000 1949.80000000 2000.00000000 2385.00000000 1900.00000000 2943008111.20000000 1335156.00000000
1645722000000 1645735800000 1968.00000000 1990.00000000 2256.00000000 1899.00000000 5889466897.00000000 2898402.00000000
1645707600000 1645721940000 2065.80000000 1968.60000000 2160.00000000 1720.60000000 5414589248.00000000 2810749.00000000
1645693560000 1645707540000 1825.00000000 2062.20000000 2889.80000000 1825.00000000 5140304323.60000000 2302684.00000000
1645685460000 1645691700000 2954.00000000 1813.20000000 2954.00000000 1700.00000000 1882595556.80000000 955176.00000000
1645675200000 1645677900000 2954.00000000 2954.00000000 2954.00000000 2954.00000000 127178562.00000000 43053.00000000
1645549200000 1645563000000 3233.00000000 3154.80000000 3282.80000000 3094.80000000 5020949597.60000000 1577988.00000000
1645534800000 1645549140000 3099.60000000 3230.20000000 3409.80000000 3050.00000000 11881411221.00000000 3660508.00000000
1645520400000 1645534740000 2953.00000000 3096.40000000 3115.80000000 2909.40000000 8134854307.00000000 2698636.00000000
1645506000000 1645520340000 2998.80000000 2953.00000000 3143.80000000 2907.00000000 5932631271.80000000 1973661.00000000
1645502400000 1645505940000 3026.80000000 2997.60000000 3070.00000000 2900.00000000 917387133.20000000 307056.00000000
1645462800000 1645476600000 3161.60000000 3065.80000000 3210.00000000 2845.00000000 6569053587.40000000 2184909.00000000
1645448400000 1645462740000 3268.60000000 3157.00000000 3285.00000000 2861.00000000 9275188857.80000000 2995072.00000000
1645434000000 1645448340000 3353.00000000 3266.80000000 3438.00000000 3133.00000000 9679402372.20000000 2946545.00000000
1645419600000 1645433940000 3590.40000000 3354.40000000 3640.80000000 3351.00000000 7018303642.00000000 2006203.00000000
1645416000000 1645419540000 3470.00000000 3590.40000000 3648.80000000 3375.80000000 1775603598.00000000 497916.00000000
1645203600000 1645217400000 3486.00000000 3475.40000000 3549.00000000 3457.00000000 4032748516.60000000 1153956.00000000
1645189200000 1645203540000 3728.80000000 3485.00000000 3730.00000000 3480.80000000 7132239001.60000000 1988564.00000000
1645174800000 1645189140000 3747.80000000 3728.80000000 3782.80000000 3665.00000000 3151617822.20000000 846518.00000000
1645160400000 1645174740000 3834.40000000 3747.80000000 3880.00000000 3742.00000000 2805102848.20000000 734927.00000000
1645156800000 1645160340000 3800.00000000 3834.60000000 3862.60000000 3792.60000000 1039109725.00000000 270583.00000000
1645117200000 1645131000000 3844.00000000 3772.60000000 3847.20000000 3752.40000000 1612735326.60000000 425229.00000000
1645114200000 1645117140000 3829.40000000 3844.20000000 3872.80000000 3821.80000000 612533206.00000000 158945.00000000
1645102800000 1645114140000 3859.00000000 3830.00000000 3863.80000000 3737.20000000 5201591303.40000000 1366659.00000000
1645088400000 1645102740000 3831.80000000 3860.00000000 3918.00000000 3821.60000000 3324720925.00000000 859051.00000000
1645074000000 1645088340000 3935.80000000 3831.60000000 3947.00000000 3781.00000000 5378917122.00000000 1392503.00000000
1645070400000 1645073940000 4044.80000000 3933.20000000 4044.80000000 3920.00000000 1048362017.80000000 264794.00000000
1645030800000 1645044600000 3924.40000000 4044.80000000 4047.20000000 3900.40000000 2602854020.00000000 654242.00000000
1645016400000 1645030740000 4008.00000000 3923.80000000 4050.00000000 3893.00000000 6215676651.40000000 1563642.00000000
1645002000000 1645016340000 4031.20000000 4007.80000000 4058.60000000 3960.00000000 3970196459.40000000 990615.00000000
1644987600000 1645001940000 4079.20000000 4026.40000000 4184.40000000 3982.00000000 8409257379.60000000 2054788.00000000
1644984000000 1644987540000 3981.00000000 4077.80000000 4132.00000000 3966.20000000 2568288400.40000000 630477.00000000
1644944400000 1644958140000 3981.20000000 3949.60000000 3987.40000000 3862.00000000 4615585569.00000000 1178360.00000000
1644930000000 1644944340000 3740.00000000 3980.60000000 3992.80000000 3716.00000000 13011627891.80000000 3367293.00000000
1644915600000 1644929940000 3657.80000000 3740.00000000 3749.00000000 3584.60000000 7916891139.40000000 2146831.00000000
1644901200000 1644915540000 3554.80000000 3657.80000000 3660.00000000 3515.20000000 3436824883.20000000 954355.00000000
1644897600000 1644901140000 3518.80000000 3554.20000000 3564.00000000 3497.40000000 605584691.40000000 171069.00000000
1644858000000 1644871800000 3519.40000000 3471.40000000 3528.20000000 3440.00000000 2286582145.80000000 656231.00000000
1644843600000 1644857940000 3481.60000000 3520.00000000 3540.00000000 3430.00000000 5097086255.00000000 1461910.00000000
1644829200000 1644843540000 3410.60000000 3481.60000000 3508.00000000 3392.20000000 3914952934.40000000 1134746.00000000
1644814800000 1644829140000 3374.80000000 3410.60000000 3529.80000000 3367.00000000 3854594913.80000000 1117570.00000000
1644811200000 1644814740000 3428.20000000 3375.00000000 3454.00000000 3306.80000000 1414510395.00000000 421053.00000000
1644598800000 1644612600000 3634.20000000 3429.80000000 3635.00000000 3400.00000000 5482969058.40000000 1566063.00000000
1644584400000 1644598740000 3711.20000000 3634.60000000 3770.80000000 3618.20000000 3498748635.00000000 948670.00000000
1644570000000 1644584340000 3702.80000000 3710.80000000 3728.00000000 3667.20000000 2379045571.40000000 644074.00000000
1644555600000 1644569940000 3780.80000000 3702.80000000 3789.40000000 3691.00000000 2422946581.60000000 649444.00000000
1644552000000 1644555540000 3768.20000000 3783.40000000 3828.00000000 3755.60000000 436578051.80000000 115075.00000000
1644512400000 1644526200000 3885.20000000 3805.00000000 3892.00000000 3800.20000000 1804311874.40000000 469375.00000000
1644498000000 1644512340000 3761.40000000 3885.20000000 3900.20000000 3651.80000000 6224751123.00000000 1647480.00000000
1644483600000 1644497940000 3702.60000000 3762.00000000 3766.00000000 3700.20000000 1185950546.80000000 317175.00000000
1644469200000 1644483540000 3721.00000000 3703.20000000 3734.60000000 3681.00000000 1243307058.60000000 335362.00000000
1644465600000 1644469140000 3763.00000000 3721.40000000 3790.00000000 3706.00000000 480722286.80000000 128668.00000000
1644426000000 1644439800000 3716.40000000 3763.00000000 3763.00000000 3703.00000000 1026292643.40000000 274927.00000000
1644411600000 1644425940000 3726.60000000 3718.80000000 3753.60000000 3662.20000000 2241756808.80000000 603311.00000000
1644397200000 1644411540000 3732.40000000 3726.60000000 3777.00000000 3711.00000000 2031477672.80000000 542278.00000000
1644382800000 1644397140000 3672.60000000 3730.60000000 3745.00000000 3662.00000000 2102617754.80000000 567644.00000000
1644379200000 1644382740000 3640.20000000 3673.20000000 3675.00000000 3633.60000000 398156126.60000000 108814.00000000
1644339600000 1644353400000 3566.80000000 3624.20000000 3625.80000000 3562.20000000 1340461001.00000000 373017.00000000
1644325200000 1644339540000 3514.20000000 3567.00000000 3581.80000000 3475.00000000 2306137761.80000000 654421.00000000
1644310800000 1644325140000 3491.00000000 3514.20000000 3539.00000000 3480.00000000 1885614921.00000000 537184.00000000
1644296400000 1644310740000 3474.00000000 3491.00000000 3512.00000000 3452.80000000 1079345824.80000000 309897.00000000
1644292800000 1644296340000 3478.00000000 3473.80000000 3499.00000000 3460.00000000 152831278.40000000 43966.00000000
1644253200000 1644267000000 3441.00000000 3468.00000000 3477.00000000 3425.00000000 785363095.40000000 227306.00000000
1644238800000 1644253140000 3512.00000000 3441.00000000 3525.20000000 3422.80000000 1583316671.00000000 455036.00000000
1644224400000 1644238740000 3512.20000000 3512.00000000 3517.00000000 3465.00000000 865313568.00000000 247612.00000000
1644210000000 1644224340000 3516.40000000 3513.00000000 3550.00000000 3493.00000000 882468983.80000000 250540.00000000
1644206400000 1644209940000 3511.40000000 3516.40000000 3525.00000000 3471.60000000 232205046.20000000 66220.00000000
1643994000000 1644007800000 3483.40000000 3502.40000000 3542.00000000 3472.00000000 955216791.40000000 272232.00000000
1643979600000 1643993940000 3577.20000000 3482.00000000 3580.00000000 3460.60000000 3116904307.00000000 888879.00000000
1643965200000 1643979540000 3630.40000000 3577.80000000 3635.00000000 3555.00000000 1534961824.20000000 428054.00000000
1643950800000 1643965140000 3590.40000000 3630.40000000 3644.00000000 3575.40000000 1436625977.00000000 397248.00000000
1643947200000 1643950740000 3575.00000000 3592.60000000 3615.00000000 3558.40000000 466612105.80000000 129962.00000000
1643907600000 1643921400000 3579.20000000 3517.00000000 3600.00000000 3515.40000000 1012044604.40000000 284250.00000000
1643893200000 1643907540000 3586.00000000 3581.20000000 3598.20000000 3483.40000000 2885495452.60000000 814146.00000000
1643878800000 1643893140000 3613.00000000 3586.00000000 3615.00000000 3550.00000000 1750628276.00000000 488871.00000000
1643864400000 1643878740000 3578.40000000 3613.00000000 3632.80000000 3540.00000000 2292329451.60000000 638142.00000000
1643860800000 1643864340000 3630.00000000 3583.00000000 3635.60000000 3550.20000000 676656351.20000000 188658.00000000
1643821200000 1643835000000 3691.20000000 3675.00000000 3712.40000000 3640.00000000 1675351645.20000000 456905.00000000
1643806800000 1643821140000 3809.80000000 3692.20000000 3840.00000000 3661.80000000 4156116307.40000000 1105134.00000000
1643792400000 1643806740000 3722.00000000 3809.80000000 3832.00000000 3705.60000000 2328866236.60000000 616934.00000000
1643778000000 1643792340000 3745.00000000 3724.40000000 3799.60000000 3705.00000000 1588080205.00000000 423444.00000000
1643774400000 1643777940000 3749.00000000 3747.40000000 3792.00000000 3732.00000000 389400103.80000000 103516.00000000
1643734800000 1643748600000 3719.00000000 3724.00000000 3729.40000000 3676.80000000 1103628917.80000000 298339.00000000
1643720400000 1643734740000 3755.80000000 3717.80000000 3803.20000000 3662.80000000 3680228959.20000000 988258.00000000
1643706000000 1643720340000 3792.80000000 3757.40000000 3802.00000000 3726.00000000 1920077786.20000000 511538.00000000
1643691600000 1643705940000 3845.40000000 3793.00000000 3880.80000000 3747.60000000 3898214240.60000000 1024040.00000000
1643688000000 1643691540000 3715.00000000 3847.00000000 3944.80000000 3704.40000000 1959305636.20000000 509139.00000000
1643648400000 1643662200000 3669.20000000 3717.60000000 3718.20000000 3636.20000000 1668435182.40000000 453912.00000000
1643634000000 1643648340000 3544.80000000 3668.60000000 3684.00000000 3510.20000000 4076814126.40000000 1132990.00000000
1643619600000 1643633940000 3530.00000000 3544.80000000 3565.20000000 3527.00000000 1561153792.20000000 440430.00000000
1643605200000 1643619540000 3498.20000000 3530.00000000 3566.00000000 3495.00000000 1914648448.40000000 541061.00000000
1643601600000 1643605140000 3488.00000000 3495.20000000 3514.60000000 3456.00000000 312856839.60000000 89471.00000000
1643389200000 1643403000000 3470.40000000 3448.40000000 3477.00000000 3405.20000000 1053863871.60000000 307178.00000000
1643374800000 1643389140000 3445.00000000 3470.00000000 3491.40000000 3371.60000000 4302633707.40000000 1253686.00000000
1643360400000 1643374740000 3473.00000000 3445.00000000 3525.00000000 3426.60000000 2815814700.80000000 807979.00000000
1643346000000 1643360340000 3461.80000000 3473.00000000 3525.00000000 3421.00000000 3140999942.00000000 904003.00000000
1643342400000 1643345940000 3420.80000000 3461.80000000 3486.00000000 3420.80000000 405492307.60000000 117229.00000000
1643302800000 1643316600000 3430.40000000 3405.20000000 3430.40000000 3360.00000000 1641694695.60000000 483671.00000000
1643288400000 1643302740000 3548.80000000 3430.40000000 3595.00000000 3392.00000000 6074864431.00000000 1737828.00000000
1643274000000 1643288340000 3436.60000000 3548.80000000 3555.00000000 3425.00000000 3306733495.20000000 947653.00000000
1643259600000 1643273940000 3334.20000000 3436.60000000 3473.80000000 3290.00000000 2452600314.20000000 726639.00000000
1643256000000 1643259540000 3315.00000000 3332.40000000 3347.60000000 3276.00000000 409179254.60000000 123476.00000000
1643216400000 1643230200000 3425.20000000 3364.80000000 3493.00000000 3314.40000000 2404055384.20000000 706024.00000000
1643202000000 1643216340000 3506.20000000 3425.00000000 3563.80000000 3395.00000000 4147981699.00000000 1192326.00000000
1643187600000 1643201940000 3424.40000000 3505.00000000 3518.80000000 3390.00000000 2741578161.00000000 791638.00000000
1643173200000 1643187540000 3385.00000000 3425.60000000 3433.80000000 3341.80000000 1680563238.20000000 496878.00000000
1643169600000 1643173140000 3427.00000000 3382.80000000 3438.20000000 3378.20000000 208280112.20000000 61317.00000000
1643130000000 1643143800000 3249.20000000 3409.20000000 3477.00000000 3237.40000000 2674481372.00000000 789795.00000000
1643115600000 1643129940000 3353.00000000 3249.20000000 3356.20000000 3225.00000000 3610077007.80000000 1101858.00000000
1643101200000 1643115540000 3317.00000000 3353.00000000 3392.60000000 3263.60000000 2366553168.00000000 706904.00000000
1643086800000 1643101140000 3290.60000000 3317.00000000 3386.40000000 3242.00000000 2181447858.80000000 659402.00000000
1643083200000 1643086740000 3330.00000000 3296.40000000 3439.80000000 3250.00000000 621845874.20000000 186489.00000000
1643043600000 1643057400000 3146.40000000 3345.00000000 3370.00000000 3094.80000000 3323680982.00000000 1031516.00000000
1643029200000 1643043540000 3244.80000000 3146.40000000 3292.00000000 3114.60000000 4018704095.20000000 1247727.00000000
1643014800000 1643029140000 3401.00000000 3242.80000000 3412.40000000 3137.00000000 5779140684.20000000 1768391.00000000
1643000400000 1643014740000 3510.00000000 3400.00000000 3537.60000000 3400.00000000 2344456640.80000000 677524.00000000
1642996800000 1643000340000 3491.80000000 3510.00000000 3550.00000000 3487.80000000 432136888.20000000 122939.00000000
1642784400000 1642798200000 3578.20000000 3490.00000000 3597.60000000 3475.20000000 1604411264.20000000 454592.00000000
1642770000000 1642784340000 3719.80000000 3578.20000000 3735.00000000 3571.20000000 4187451049.40000000 1146892.00000000
1642755600000 1642769940000 3662.80000000 3722.20000000 3748.20000000 3621.00000000 2891233372.00000000 785510.00000000
1642741200000 1642755540000 3668.40000000 3663.00000000 3699.80000000 3622.00000000 1679678659.60000000 458125.00000000
1642737600000 1642741140000 3650.00000000 3668.60000000 3670.00000000 3600.00000000 505176589.60000000 138812.00000000
1642698000000 1642711800000 3813.60000000 3669.20000000 3830.00000000 3665.00000000 1597601770.20000000 427569.00000000
1642683600000 1642697940000 3742.00000000 3815.00000000 3854.20000000 3736.20000000 3456606354.20000000 907979.00000000
1642681500000 1642683540000 3745.40000000 3742.20000000 3754.00000000 3723.80000000 206076770.60000000 55097.00000000
1642669200000 1642681440000 3744.40000000 3745.40000000 3790.80000000 3712.00000000 1289986043.40000000 343935.00000000
1642654800000 1642669140000 3770.00000000 3746.40000000 3860.00000000 3728.00000000 3129441257.40000000 825113.00000000
1642651200000 1642654740000 3701.80000000 3770.80000000 3790.00000000 3689.00000000 422240661.60000000 112634.00000000
1642611600000 1642625400000 3763.00000000 3701.80000000 3820.00000000 3700.00000000 1299348737.80000000 345952.00000000
1642597200000 1642611540000 3902.40000000 3760.20000000 3968.60000000 3702.00000000 4922240182.40000000 1290222.00000000
1642582800000 1642597140000 3870.80000000 3900.00000000 3932.40000000 3822.00000000 3033715304.00000000 781752.00000000
1642568400000 1642582740000 3668.20000000 3870.80000000 3877.20000000 3570.00000000 3945329513.80000000 1052331.00000000
1642564800000 1642568340000 3769.00000000 3668.20000000 3805.60000000 3624.00000000 596077163.20000000 160876.00000000
1642525200000 1642539000000 3837.00000000 3769.00000000 3837.40000000 3756.60000000 894572608.80000000 235287.00000000
1642510800000 1642525140000 3807.00000000 3837.00000000 3877.40000000 3739.00000000 4109988846.40000000 1076103.00000000
1642496400000 1642510740000 3941.00000000 3807.80000000 3949.00000000 3761.00000000 3299267851.20000000 857485.00000000
1642482000000 1642496340000 4082.40000000 3944.00000000 4087.80000000 3910.00000000 1684501812.00000000 423323.00000000
1642478400000 1642481940000 4076.00000000 4084.00000000 4115.60000000 4070.00000000 225780430.00000000 55179.00000000
1642438800000 1642452600000 4074.40000000 4075.60000000 4085.00000000 4040.60000000 481234953.60000000 118595.00000000
1642424400000 1642438740000 4014.00000000 4074.40000000 4088.80000000 3960.60000000 2096788951.80000000 520559.00000000
1642410000000 1642424340000 3982.00000000 4014.00000000 4044.00000000 3913.60000000 2240398021.80000000 561830.00000000
1642395600000 1642409940000 3960.00000000 3986.00000000 4085.00000000 3920.00000000 2306438500.40000000 575335.00000000
1642392000000 1642395540000 3952.00000000 3960.00000000 4000.20000000 3875.00000000 497077160.60000000 125876.00000000
1642179600000 1642193400000 3931.20000000 3938.60000000 3957.00000000 3840.00000000 1487461472.80000000 381742.00000000
1642165200000 1642179540000 4060.40000000 3931.00000000 4116.80000000 3726.00000000 7696844088.80000000 1944565.00000000
1642150800000 1642165140000 4158.00000000 4060.40000000 4180.00000000 4001.00000000 2880451884.60000000 707720.00000000
1642136400000 1642150740000 4223.40000000 4157.80000000 4250.00000000 4122.00000000 1081053202.40000000 258210.00000000
1642132800000 1642136340000 4153.00000000 4223.40000000 4232.00000000 4153.00000000 146122026.20000000 34702.00000000
1642093200000 1642107000000 4233.80000000 4168.00000000 4233.80000000 4150.00000000 1553199685.80000000 371666.00000000
1642078800000 1642093140000 4295.00000000 4235.00000000 4450.00000000 4227.20000000 4039395516.40000000 933721.00000000
1642064400000 1642078740000 4381.40000000 4293.00000000 4409.00000000 4277.60000000 2154799377.60000000 497676.00000000
1642050000000 1642064340000 4401.80000000 4381.40000000 4415.80000000 4370.60000000 666952973.60000000 151774.00000000
1642046400000 1642049940000 4393.20000000 4400.20000000 4416.80000000 4380.00000000 85507067.60000000 19450.00000000
1642006800000 1642020600000 4393.80000000 4393.20000000 4442.40000000 4380.20000000 579433185.20000000 131387.00000000
1641992400000 1642006740000 4430.20000000 4392.40000000 4458.00000000 4361.00000000 2614901578.60000000 593381.00000000
1641978000000 1641992340000 4386.60000000 4430.20000000 4464.80000000 4381.80000000 2104481852.80000000 474269.00000000
1641963600000 1641977940000 4361.80000000 4385.00000000 4431.80000000 4330.00000000 1157307100.20000000 263575.00000000
1641960000000 1641963540000 4343.00000000 4361.60000000 4373.00000000 4343.00000000 91194602.40000000 20918.00000000
1641920400000 1641934200000 4380.00000000 4338.20000000 4392.00000000 4327.00000000 773639639.80000000 177784.00000000
1641906000000 1641920340000 4290.40000000 4377.40000000 4398.60000000 4262.40000000 3836850118.00000000 884126.00000000
1641891600000 1641905940000 4236.40000000 4292.80000000 4318.00000000 4236.00000000 1729319569.80000000 403493.00000000
1641877200000 1641891540000 4204.60000000 4234.60000000 4247.20000000 4179.00000000 750501102.60000000 177731.00000000
1641873600000 1641877140000 4217.20000000 4202.40000000 4235.00000000 4177.80000000 135246442.80000000 32135.00000000
1641834000000 1641847800000 4146.20000000 4196.40000000 4204.40000000 4121.00000000 841744301.80000000 202165.00000000
1641819600000 1641833940000 4135.20000000 4149.40000000 4159.80000000 4061.40000000 2516882071.60000000 612963.00000000
1641805200000 1641819540000 4221.20000000 4135.60000000 4230.40000000 4134.60000000 1579439941.00000000 377712.00000000
1641790800000 1641805140000 4238.40000000 4221.20000000 4262.40000000 4202.00000000 1138803160.20000000 269480.00000000
1641787200000 1641790740000 4194.00000000 4240.00000000 4244.20000000 4164.00000000 121588755.20000000 28768.00000000
1641488400000 1641502200000 4262.60000000 4226.60000000 4284.80000000 4215.00000000 587285517.00000000 138320.00000000
1641474000000 1641488340000 4258.40000000 4260.20000000 4305.00000000 4206.20000000 1753477280.20000000 411573.00000000
1641459600000 1641473940000 4292.00000000 4258.20000000 4314.00000000 4232.60000000 1167915717.60000000 273762.00000000
1641445200000 1641459540000 4306.80000000 4293.20000000 4374.20000000 4240.20000000 1309168525.40000000 303406.00000000
1641441600000 1641445140000 4269.60000000 4306.80000000 4311.00000000 4269.60000000 209962981.00000000 48987.00000000
1641402000000 1641415800000 4389.80000000 4275.00000000 4393.40000000 4270.00000000 1686846025.00000000 390052.00000000
1641387600000 1641401940000 4443.00000000 4387.60000000 4455.00000000 4362.40000000 1659999021.80000000 376509.00000000
1641373200000 1641387540000 4469.40000000 4443.00000000 4472.00000000 4420.00000000 531640841.60000000 119694.00000000
1641358800000 1641373140000 4451.00000000 4467.80000000 4474.00000000 4437.20000000 392196376.60000000 88046.00000000
1641355200000 1641358740000 4477.00000000 4451.20000000 4477.00000000 4436.00000000 68681268.60000000 15425.00000000
1641315600000 1641329400000 4435.80000000 4479.80000000 4480.00000000 4420.40000000 561742571.00000000 126422.00000000
1641301200000 1641315540000 4547.20000000 4434.40000000 4577.00000000 4413.00000000 2060361625.20000000 459007.00000000
1641286800000 1641301140000 4543.40000000 4547.20000000 4575.00000000 4535.20000000 748326559.80000000 164303.00000000
1641272400000 1641286740000 4534.00000000 4541.80000000 4545.00000000 4511.20000000 595029917.60000000 131270.00000000
1641268800000 1641272340000 4525.80000000 4533.00000000 4539.80000000 4513.00000000 111058780.80000000 24537.00000000
1641229200000 1641243000000 4511.60000000 4515.20000000 4534.20000000 4503.20000000 695401229.20000000 154003.00000000
1641214800000 1641229140000 4579.60000000 4509.00000000 4606.40000000 4507.40000000 1571406615.60000000 344820.00000000
1641200400000 1641214740000 4625.60000000 4579.60000000 4630.40000000 4571.00000000 827257318.60000000 179758.00000000
1641186000000 1641200340000 4590.00000000 4627.60000000 4631.80000000 4582.20000000 640157685.80000000 138892.00000000
1641182400000 1641185940000 4569.40000000 4590.60000000 4625.00000000 4569.40000000 122683723.20000000 26702.00000000
1640883600000 1640897400000 4529.60000000 4569.40000000 4584.60000000 4523.40000000 723882385.00000000 158636.00000000
1640869200000 1640883540000 4479.80000000 4526.00000000 4540.20000000 4438.00000000 1627400737.60000000 362197.00000000
1640854800000 1640869140000 4441.80000000 4479.80000000 4488.80000000 4431.20000000 610962698.40000000 136990.00000000
1640840400000 1640854740000 4432.40000000 4441.80000000 4449.00000000 4415.00000000 336557079.20000000 75950.00000000
1640836800000 1640840340000 4426.60000000 4429.00000000 4438.80000000 4409.60000000 66355844.00000000 14972.00000000
1640797200000 1640811000000 4405.20000000 4418.80000000 4427.00000000 4398.00000000 314150008.40000000 71245.00000000
1640782800000 1640797140000 4463.20000000 4403.60000000 4502.00000000 4380.00000000 2170011879.80000000 489972.00000000
1640768400000 1640782740000 4519.00000000 4463.20000000 4522.40000000 4432.00000000 998908592.80000000 223695.00000000
1640754000000 1640768340000 4475.00000000 4516.60000000 4528.60000000 4466.60000000 384450002.80000000 85312.00000000
1640750400000 1640753940000 4482.00000000 4478.80000000 4504.00000000 4460.00000000 67508851.40000000 15074.00000000
1640710800000 1640724600000 4488.00000000 4482.00000000 4491.80000000 4457.60000000 230264970.80000000 51469.00000000
1640696400000 1640710740000 4517.20000000 4488.00000000 4533.40000000 4473.00000000 1448496905.20000000 321188.00000000
1640682000000 1640696340000 4491.80000000 4518.00000000 4535.00000000 4488.80000000 883129521.00000000 195475.00000000
1640667600000 1640681940000 4478.60000000 4491.40000000 4520.00000000 4465.00000000 500927344.00000000 111467.00000000
1640664000000 1640667540000 4471.00000000 4478.60000000 4486.20000000 4460.80000000 74410157.80000000 16628.00000000
1640624400000 1640638200000 4447.40000000 4467.80000000 4483.40000000 4444.20000000 341188503.40000000 76478.00000000
1640610000000 1640624340000 4487.60000000 4445.20000000 4492.60000000 4440.20000000 1126813618.20000000 252455.00000000
1640595600000 1640609940000 4479.40000000 4487.60000000 4500.00000000 4462.80000000 630315103.60000000 140535.00000000
1640581200000 1640595540000 4447.60000000 4479.40000000 4484.60000000 4435.00000000 499727504.80000000 112083.00000000
1640577600000 1640581140000 4427.00000000 4454.20000000 4475.00000000 4427.00000000 60734011.00000000 13631.00000000
1640365200000 1640379000000 4426.60000000 4424.80000000 4432.60000000 4397.40000000 209099654.00000000 47363.00000000
1640350800000 1640365140000 4407.80000000 4424.00000000 4449.00000000 4405.00000000 771127812.40000000 174222.00000000
1640336400000 1640350740000 4365.40000000 4407.00000000 4414.20000000 4325.80000000 717681333.00000000 164067.00000000
1640322000000 1640336340000 4412.00000000 4369.40000000 4435.00000000 4364.00000000 633393562.40000000 144082.00000000
1640318400000 1640321940000 4426.40000000 4410.00000000 4430.00000000 4370.20000000 96530259.40000000 21918.00000000
1640278800000 1640292600000 4402.00000000 4410.60000000 4425.40000000 4378.40000000 575956553.40000000 130839.00000000
1640264400000 1640278740000 4489.80000000 4400.00000000 4504.80000000 4366.00000000 1520337980.20000000 343636.00000000
1640250000000 1640264340000 4506.00000000 4487.60000000 4533.40000000 4475.40000000 740616519.00000000 164295.00000000
1640235600000 1640249940000 4529.40000000 4505.60000000 4531.80000000 4486.20000000 594501889.40000000 131961.00000000
1640232000000 1640235540000 4500.00000000 4529.40000000 4539.60000000 4498.00000000 121657916.20000000 26910.00000000
1640192400000 1640206200000 4554.80000000 4488.40000000 4557.20000000 4488.00000000 802491656.40000000 177804.00000000
1640178000000 1640192340000 4632.40000000 4554.80000000 4650.20000000 4525.00000000 2154218337.40000000 471045.00000000
1640163600000 1640177940000 4576.80000000 4633.00000000 4635.80000000 4569.20000000 691050563.60000000 149765.00000000
1640149200000 1640163540000 4600.00000000 4576.60000000 4605.00000000 4545.80000000 451932611.60000000 98758.00000000
1640145600000 1640149080000 4621.00000000 4601.20000000 4625.00000000 4581.80000000 83111089.40000000 18054.00000000
1640106000000 1640119800000 4580.40000000 4578.80000000 4603.60000000 4563.20000000 396129268.40000000 86424.00000000
1640091600000 1640105940000 4550.80000000 4582.60000000 4585.00000000 4503.00000000 1051718646.80000000 231700.00000000
1640077200000 1640091540000 4549.40000000 4550.80000000 4564.00000000 4522.00000000 620702459.80000000 136647.00000000
1640076240000 1640077140000 4536.40000000 4548.80000000 4553.80000000 4531.80000000 75288926.80000000 16565.00000000
1640062800000 1640076180000 4519.60000000 4536.20000000 4559.80000000 4505.00000000 607686142.20000000 134092.00000000
1640059200000 1640062740000 4490.00000000 4519.00000000 4533.00000000 4480.40000000 107787264.60000000 23861.00000000
1640019600000 1640033400000 4507.20000000 4474.80000000 4513.20000000 4471.20000000 555541977.20000000 123674.00000000
1640005200000 1640019540000 4560.40000000 4508.40000000 4587.80000000 4477.80000000 1646792543.20000000 363303.00000000
1639990800000 1640005140000 4556.00000000 4561.80000000 4587.00000000 4545.00000000 419174972.20000000 91812.00000000
1639976400000 1639990740000 4612.80000000 4556.20000000 4649.40000000 4511.20000000 802554457.20000000 175971.00000000
1639972800000 1639976340000 4599.80000000 4612.80000000 4629.00000000 4572.60000000 75834698.40000000 16460.00000000
1639760400000 1639774200000 4672.00000000 4630.20000000 4685.00000000 4625.00000000 395983139.00000000 85015.00000000
1639746000000 1639760340000 4616.20000000 4672.00000000 4700.60000000 4583.40000000 2884923231.00000000 622612.00000000
1639731600000 1639745940000 4606.40000000 4616.20000000 4630.60000000 4541.00000000 1022221281.60000000 223096.00000000
1639717200000 1639731540000 4612.00000000 4607.00000000 4703.70000000 4599.20000000 994043232.20000000 213884.00000000
1639713600000 1639717140000 4610.00000000 4615.00000000 4626.00000000 4587.00000000 49437157.80000000 10736.00000000
1639674000000 1639687800000 4615.20000000 4609.60000000 4638.40000000 4570.00000000 655824608.40000000 142416.00000000
1639659600000 1639673940000 4707.00000000 4615.20000000 4810.40000000 4615.20000000 2873928810.40000000 610356.00000000
1639645200000 1639659540000 4677.20000000 4704.20000000 4763.80000000 4652.20000000 2868536444.20000000 608555.00000000
1639630800000 1639645140000 4544.20000000 4675.20000000 4748.80000000 4526.20000000 1876710858.60000000 401932.00000000
1639627200000 1639630740000 4526.00000000 4544.00000000 4547.80000000 4505.60000000 100630453.20000000 22208.00000000
1639587600000 1639601400000 4494.40000000 4511.60000000 4538.00000000 4462.00000000 791893812.60000000 176110.00000000
1639573200000 1639587540000 4567.60000000 4494.40000000 4600.80000000 4470.60000000 1605072539.60000000 354614.00000000
1639558800000 1639573140000 4525.00000000 4567.60000000 4590.60000000 4512.20000000 728157989.60000000 160046.00000000
1639544400000 1639558740000 4580.40000000 4525.00000000 4600.00000000 4523.20000000 569377696.20000000 124986.00000000
1639540800000 1639544340000 4587.40000000 4580.60000000 4619.00000000 4564.20000000 48344746.80000000 10529.00000000
1639501200000 1639515000000 4573.00000000 4586.40000000 4597.80000000 4517.60000000 430366766.00000000 94418.00000000
1639486800000 1639501140000 4567.40000000 4576.00000000 4633.80000000 4455.00000000 1927085641.60000000 421725.00000000
1639472400000 1639486740000 4617.00000000 4567.20000000 4628.40000000 4540.00000000 1055724590.40000000 230268.00000000
1639458000000 1639472340000 4424.40000000 4614.60000000 4675.00000000 4350.60000000 1548293508.20000000 339003.00000000
1639454400000 1639457940000 4560.00000000 4424.40000000 4564.60000000 4237.20000000 294719648.80000000 67070.00000000
1639414800000 1639428600000 4545.00000000 4560.00000000 4583.60000000 4531.20000000 546405130.40000000 119895.00000000
1639400400000 1639414740000 4624.40000000 4545.00000000 4642.20000000 4505.00000000 3748957080.80000000 819569.00000000
1639386000000 1639400340000 4623.60000000 4626.20000000 4664.00000000 4620.00000000 805885856.40000000 173639.00000000
1639371600000 1639385940000 4710.00000000 4623.40000000 4726.00000000 4595.00000000 1270969178.40000000 272935.00000000
1639368000000 1639371540000 4674.40000000 4710.00000000 4728.80000000 4674.40000000 131753192.00000000 27963.00000000
1639155600000 1639169400000 4699.20000000 4664.00000000 4713.60000000 4650.00000000 1065569413.00000000 228067.00000000
1639141200000 1639155540000 4859.80000000 4698.00000000 4861.00000000 4680.00000000 2613882940.00000000 548115.00000000
1639126800000 1639141140000 4856.80000000 4859.80000000 4887.00000000 4811.20000000 764112972.00000000 157362.00000000
1639112400000 1639126740000 4851.80000000 4856.20000000 4876.80000000 4804.00000000 787723922.00000000 162769.00000000
1639108800000 1639112340000 4859.00000000 4851.80000000 4866.00000000 4827.20000000 30021934.00000000 6190.00000000
1639069200000 1639083000000 4885.00000000 4853.60000000 4898.00000000 4825.00000000 529281310.20000000 108830.00000000
1639054800000 1639069140000 4992.20000000 4885.80000000 4999.20000000 4870.00000000 1648716187.20000000 333765.00000000
1639040400000 1639054740000 5002.00000000 4994.80000000 5013.20000000 4975.00000000 1436945418.40000000 287450.00000000
1639026060000 1639040340000 4941.80000000 5002.40000000 5007.00000000 4915.00000000 778160918.80000000 156323.00000000
1639022400000 1639025940000 4934.00000000 4941.80000000 4967.00000000 4896.20000000 53938972.20000000 10927.00000000
1638982800000 1638996600000 4984.20000000 4932.20000000 4985.00000000 4920.20000000 277351832.20000000 56060.00000000
1638968400000 1638982740000 5010.00000000 4983.60000000 5013.00000000 4775.00000000 3002194650.20000000 615130.00000000
1638954000000 1638968340000 5070.00000000 5010.00000000 5070.00000000 5002.20000000 1185504933.00000000 235427.00000000
1638939600000 1638953940000 5011.00000000 5070.00000000 5071.20000000 4960.00000000 669927352.20000000 133045.00000000
1638936000000 1638939540000 5016.00000000 5011.60000000 5028.00000000 4997.20000000 34016338.60000000 6783.00000000
1638896400000 1638910200000 5076.40000000 4992.00000000 5094.00000000 4983.20000000 846535109.20000000 167924.00000000
1638882000000 1638896340000 5167.40000000 5077.00000000 5167.40000000 5050.20000000 2286414768.80000000 448615.00000000
1638867600000 1638881940000 5148.00000000 5165.60000000 5178.00000000 5132.40000000 876727841.40000000 170040.00000000
1638853200000 1638867540000 5085.00000000 5143.20000000 5155.40000000 5042.00000000 935108580.00000000 183166.00000000
1638849600000 1638853140000 5080.20000000 5080.00000000 5121.80000000 5062.40000000 45525526.40000000 8929.00000000
1638810000000 1638823800000 5057.80000000 5068.00000000 5085.00000000 5045.00000000 250563492.60000000 49458.00000000
1638795600000 1638809940000 4972.00000000 5054.80000000 5064.00000000 4968.80000000 1398623589.00000000 279883.00000000
1638781200000 1638795540000 5125.00000000 4972.20000000 5132.40000000 4905.00000000 1914110683.40000000 383795.00000000
1638766800000 1638781140000 5130.20000000 5125.00000000 5169.00000000 5120.20000000 510630111.80000000 99327.00000000
1638763200000 1638766740000 5100.60000000 5128.80000000 5145.00000000 5100.60000000 39950417.40000000 7789.00000000
1638550800000 1638564600000 5085.60000000 5100.60000000 5138.00000000 5082.20000000 575217160.60000000 112574.00000000
1638536400000 1638550740000 5274.00000000 5085.00000000 5277.40000000 5073.00000000 2493289590.40000000 480510.00000000
1638522000000 1638536340000 5272.00000000 5276.00000000 5283.00000000 5243.40000000 935523830.20000000 177534.00000000
1638514800000 1638521940000 5260.00000000 5272.00000000 5272.60000000 5233.00000000 569769816.00000000 108531.00000000
1638464400000 1638478200000 5259.20000000 5255.00000000 5277.80000000 5193.00000000 536090014.40000000 102270.00000000
1638450000000 1638464340000 5287.80000000 5258.00000000 5315.80000000 5185.00000000 2525773557.20000000 480289.00000000
1638435600000 1638449940000 5302.40000000 5287.80000000 5335.00000000 5272.00000000 958668383.80000000 180693.00000000
1638428400000 1638435540000 5338.40000000 5300.20000000 5412.60000000 5279.80000000 1020792573.60000000 191617.00000000
1638378000000 1638391800000 5366.60000000 5330.80000000 5419.60000000 5330.00000000 510207931.60000000 94753.00000000
1638363600000 1638377940000 5409.40000000 5366.60000000 5437.20000000 5342.00000000 1386796932.40000000 257003.00000000
1638349200000 1638363540000 5411.40000000 5409.80000000 5458.60000000 5402.20000000 558794554.80000000 102868.00000000
1638342000000 1638349140000 5412.00000000 5411.80000000 5454.00000000 5381.80000000 866402046.60000000 159914.00000000
1638291600000 1638305400000 5324.00000000 5359.40000000 5390.00000000 5302.20000000 469475576.20000000 87752.00000000
1638277200000 1638291540000 5486.20000000 5324.00000000 5510.00000000 5261.20000000 6059270176.80000000 1120580.00000000
1638262800000 1638277140000 5373.80000000 5486.40000000 5489.60000000 5346.60000000 1507245985.20000000 277741.00000000
1638255600000 1638262740000 5353.00000000 5375.60000000 5410.00000000 5340.00000000 784293563.60000000 145765.00000000
1638205200000 1638219000000 5412.40000000 5407.00000000 5438.00000000 5385.00000000 323231889.20000000 59681.00000000
1638190800000 1638205140000 5462.60000000 5410.00000000 5487.60000000 5333.00000000 2614825149.80000000 483543.00000000
1638176400000 1638190740000 5404.40000000 5464.40000000 5529.00000000 5385.00000000 2391375140.20000000 437253.00000000
1638169200000 1638176340000 5395.00000000 5406.00000000 5509.80000000 5391.60000000 886891761.60000000 163245.00000000
1637946000000 1637959800000 5333.60000000 5380.00000000 5384.60000000 5321.20000000 379688063.60000000 70967.00000000
1637931600000 1637945940000 5439.80000000 5331.20000000 5452.80000000 5316.20000000 2168936317.60000000 403982.00000000
1637917200000 1637931540000 5427.20000000 5440.60000000 5470.00000000 5373.00000000 1578856500.40000000 291597.00000000
1637910000000 1637917140000 5416.20000000 5428.60000000 5530.20000000 5354.00000000 2627006345.80000000 483676.00000000
1637859600000 1637873400000 5555.20000000 5552.80000000 5575.00000000 5546.00000000 98463541.40000000 17708.00000000
1637845200000 1637859540000 5562.60000000 5553.40000000 5584.60000000 5526.20000000 697253039.20000000 125292.00000000
1637830800000 1637845140000 5610.00000000 5562.60000000 5623.20000000 5540.20000000 551498924.00000000 98955.00000000
1637823600000 1637830740000 5561.20000000 5610.00000000 5639.80000000 5561.00000000 542498445.40000000 96811.00000000
1637773200000 1637787000000 5587.80000000 5542.20000000 5614.40000000 5526.60000000 390480666.80000000 70094.00000000
1637758800000 1637773140000 5585.40000000 5590.00000000 5600.00000000 5435.00000000 2762671279.40000000 499775.00000000
1637744400000 1637758740000 5620.80000000 5585.60000000 5640.00000000 5550.00000000 1493126077.20000000 266746.00000000
1637737200000 1637744340000 5594.00000000 5620.80000000 5640.00000000 5525.00000000 943824106.40000000 169359.00000000
1637686800000 1637700600000 5597.80000000 5571.00000000 5623.00000000 5523.00000000 769851070.40000000 138073.00000000
1637672400000 1637686740000 5522.60000000 5594.80000000 5659.80000000 5516.20000000 3100655318.00000000 552765.00000000
1637658000000 1637672340000 5520.20000000 5523.40000000 5590.00000000 5482.40000000 2418700516.00000000 436753.00000000
1637650800000 1637657940000 5430.00000000 5521.60000000 5573.00000000 5372.00000000 2223346754.40000000 405442.00000000
1637600400000 1637614200000 5448.20000000 5450.00000000 5474.20000000 5339.80000000 2959868241.80000000 546819.00000000
1637586000000 1637600340000 5912.60000000 5448.20000000 5952.60000000 5400.00000000 6541755429.20000000 1152084.00000000
1637571600000 1637585940000 6010.60000000 5917.00000000 6048.60000000 5881.80000000 2756287867.80000000 462422.00000000
1637564400000 1637571540000 6000.00000000 6007.20000000 6020.00000000 5930.80000000 1041779822.20000000 173887.00000000
1637341200000 1637355000000 6050.20000000 5968.80000000 6061.80000000 5961.20000000 327156826.60000000 54511.00000000
1637326800000 1637341140000 5942.20000000 6050.00000000 6150.00000000 5934.80000000 2252528509.20000000 372399.00000000
1637312400000 1637326740000 6007.00000000 5942.80000000 6016.00000000 5916.00000000 826580853.80000000 138667.00000000
1637305200000 1637312340000 5999.80000000 6008.60000000 6077.20000000 5975.00000000 590971013.00000000 98159.00000000
1637254800000 1637268600000 5984.00000000 5993.80000000 5995.00000000 5945.00000000 252242705.20000000 42234.00000000
1637240400000 1637254740000 5946.80000000 5984.40000000 5995.80000000 5922.00000000 1097590047.20000000 184305.00000000
1637226000000 1637240340000 5918.00000000 5946.40000000 5954.40000000 5913.00000000 246102116.00000000 41416.00000000
1637218800000 1637225940000 5925.00000000 5918.00000000 5940.00000000 5894.40000000 323987205.60000000 54805.00000000
1637168400000 1637182200000 5951.00000000 5931.60000000 5956.00000000 5889.60000000 298000967.60000000 50292.00000000
1637154000000 1637168340000 5907.00000000 5951.00000000 5957.60000000 5872.00000000 1036412854.60000000 175177.00000000
1637139600000 1637153940000 5924.80000000 5907.00000000 5933.80000000 5902.40000000 151377813.20000000 25588.00000000
1637132400000 1637139540000 5931.20000000 5922.80000000 5931.20000000 5870.20000000 386770889.20000000 65537.00000000
1637082000000 1637095800000 5928.40000000 5936.40000000 5947.60000000 5914.60000000 164427274.20000000 27715.00000000
1637067600000 1637081940000 5910.40000000 5928.40000000 5962.00000000 5902.20000000 1297868764.20000000 218805.00000000
1637053200000 1637067540000 5908.60000000 5910.40000000 5944.00000000 5875.80000000 532174295.00000000 89964.00000000
1637046000000 1637053140000 5927.00000000 5908.40000000 5960.00000000 5902.20000000 325976204.40000000 54995.00000000
1636995600000 1637009400000 5909.20000000 5928.40000000 5940.00000000 5900.00000000 220868465.00000000 37324.00000000
1636981200000 1636995540000 6017.20000000 5908.20000000 6045.60000000 5894.00000000 1457867888.00000000 243992.00000000
1636966800000 1636981140000 5974.40000000 6017.20000000 6028.00000000 5961.80000000 860797310.80000000 143569.00000000
1636959600000 1636966740000 5970.20000000 5974.40000000 5986.60000000 5924.40000000 429555793.00000000 72152.00000000
1636736400000 1636750200000 5956.60000000 5970.20000000 6002.40000000 5911.40000000 275234240.00000000 46152.00000000
1636722000000 1636736340000 5907.40000000 5958.80000000 5964.80000000 5837.00000000 2218195086.20000000 376970.00000000
1636707600000 1636721940000 5985.80000000 5907.60000000 6023.80000000 5835.60000000 1919044070.00000000 324039.00000000
1636700400000 1636707540000 5975.00000000 5984.00000000 5999.60000000 5911.40000000 727226235.80000000 122278.00000000
1636650000000 1636663800000 5994.80000000 5966.60000000 6002.00000000 5941.00000000 313893612.60000000 52567.00000000
1636635600000 1636649940000 5866.20000000 5993.80000000 6024.80000000 5864.40000000 1368276613.20000000 228968.00000000
1636621200000 1636635540000 5883.40000000 5864.80000000 5916.40000000 5851.00000000 517167209.20000000 87969.00000000
1636614000000 1636621140000 5880.20000000 5883.40000000 5918.40000000 5843.20000000 516638337.40000000 87745.00000000
1636563600000 1636577400000 5941.40000000 5857.80000000 5955.00000000 5847.00000000 761900620.60000000 129426.00000000
1636549200000 1636563540000 5942.80000000 5943.60000000 5995.80000000 5925.00000000 1181335365.80000000 198295.00000000
1636534800000 1636549140000 6048.60000000 5942.40000000 6052.00000000 5935.60000000 908816198.40000000 151835.00000000
1636527600000 1636534740000 5990.60000000 6048.60000000 6057.00000000 5952.20000000 448511880.00000000 74627.00000000
1636477200000 1636491000000 6058.00000000 5990.40000000 6065.00000000 5981.20000000 537340427.60000000 89317.00000000
1636462800000 1636477140000 6135.00000000 6055.00000000 6139.00000000 6035.00000000 1328964571.00000000 218680.00000000
1636448400000 1636462740000 6141.60000000 6134.20000000 6156.60000000 6111.60000000 572256412.20000000 93370.00000000
1636441200000 1636448340000 6135.00000000 6144.60000000 6188.00000000 6125.20000000 444571843.20000000 72228.00000000
1636390800000 1636404600000 6187.80000000 6161.00000000 6193.80000000 6155.80000000 271674154.40000000 43969.00000000
1636376400000 1636390740000 6150.60000000 6187.80000000 6217.00000000 6145.80000000 1884725292.60000000 304493.00000000
1636362000000 1636376340000 6124.00000000 6150.80000000 6186.40000000 6113.20000000 1038815160.80000000 169027.00000000
1636354800000 1636361940000 6148.00000000 6124.00000000 6162.40000000 6080.00000000 654853350.60000000 106988.00000000
1636131600000 1636145400000 6098.60000000 6120.00000000 6141.80000000 6081.00000000 466483027.00000000 76293.00000000
1636117200000 1636131540000 6063.00000000 6100.00000000 6144.60000000 5969.00000000 1797227248.60000000 295791.00000000
1636102800000 1636117140000 6113.80000000 6063.00000000 6127.00000000 6055.00000000 1009337488.40000000 165656.00000000
1636095600000 1636102740000 6028.00000000 6114.00000000 6145.00000000 5964.20000000 1550327055.00000000 255854.00000000
1635958800000 1635972600000 6013.40000000 6027.00000000 6046.60000000 5975.00000000 688771700.80000000 114509.00000000
1635944400000 1635958740000 5913.00000000 6015.80000000 6019.00000000 5905.00000000 1802894029.40000000 301730.00000000
1635930000000 1635944340000 5895.20000000 5912.60000000 5939.80000000 5894.00000000 382942649.80000000 64668.00000000
1635922800000 1635929940000 5940.00000000 5895.80000000 5961.60000000 5880.20000000 421027683.00000000 71191.00000000
1635872400000 1635886200000 5925.40000000 5942.40000000 5964.00000000 5920.40000000 235677012.00000000 39634.00000000
1635858000000 1635872340000 5885.20000000 5928.00000000 5974.00000000 5877.00000000 1430630156.60000000 241169.00000000
1635843600000 1635857940000 5894.00000000 5885.20000000 5907.80000000 5870.00000000 483215490.00000000 82010.00000000
1635836400000 1635843540000 5897.00000000 5893.20000000 5920.00000000 5866.20000000 412605880.40000000 70034.00000000
1635786000000 1635799800000 5882.80000000 5890.00000000 5907.40000000 5869.00000000 239024534.40000000 40596.00000000
1635783300000 1635785940000 5889.40000000 5884.00000000 5892.00000000 5881.60000000 22344898.40000000 3795.00000000
1635771600000 1635783240000 5894.40000000 5885.20000000 5942.20000000 5767.00000000 1725585195.00000000 294427.00000000
1635757200000 1635771540000 5847.00000000 5891.00000000 5929.00000000 5844.00000000 780609952.00000000 132399.00000000
1635750000000 1635757140000 5860.80000000 5843.00000000 5947.40000000 5830.00000000 611293471.20000000 103970.00000000
1635526800000 1635540600000 5838.20000000 5879.20000000 5891.60000000 5831.00000000 393963219.20000000 67182.00000000
1635512400000 1635526740000 5756.80000000 5838.40000000 5856.00000000 5742.00000000 2684654957.20000000 461708.00000000
1635498000000 1635512340000 5844.80000000 5756.00000000 5882.00000000 5752.40000000 1644065593.20000000 283491.00000000
1635490800000 1635497940000 5808.00000000 5845.80000000 5913.60000000 5792.00000000 1697176020.80000000 288979.00000000
1635440400000 1635454200000 5820.00000000 5823.00000000 5840.00000000 5791.00000000 894258792.40000000 153882.00000000
1635426000000 1635440340000 5563.60000000 5820.00000000 5872.40000000 5554.60000000 5115135279.40000000 886732.00000000
1635411600000 1635425940000 5602.40000000 5566.80000000 5603.20000000 5542.00000000 1084847280.60000000 194325.00000000
1635404400000 1635411540000 5557.80000000 5603.00000000 5628.00000000 5548.40000000 1292592826.20000000 231408.00000000
1635354000000 1635367800000 5612.00000000 5573.80000000 5625.00000000 5515.80000000 754290089.00000000 135284.00000000
1635339600000 1635353940000 5434.00000000 5615.20000000 5628.60000000 5410.00000000 4289525709.00000000 775259.00000000
1635325200000 1635339540000 5330.00000000 5435.00000000 5440.00000000 5292.80000000 1649070994.40000000 306953.00000000
1635318000000 1635325140000 5315.00000000 5328.60000000 5354.80000000 5241.40000000 613687424.80000000 115685.00000000
1635267600000 1635281400000 5328.00000000 5309.60000000 5346.60000000 5283.80000000 463516530.80000000 87299.00000000
1635253200000 1635267540000 5387.60000000 5328.60000000 5397.20000000 5322.00000000 1040646112.40000000 194214.00000000
1635238800000 1635253140000 5364.60000000 5387.80000000 5396.20000000 5351.80000000 480568399.40000000 89416.00000000
1635231600000 1635238740000 5415.60000000 5364.60000000 5432.00000000 5362.00000000 375408855.00000000 69598.00000000
1635181200000 1635195000000 5400.20000000 5383.00000000 5401.60000000 5374.20000000 172804160.40000000 32074.00000000
1635166800000 1635181140000 5357.00000000 5400.00000000 5422.00000000 5319.00000000 1197189905.80000000 222310.00000000
1635152400000 1635166740000 5383.60000000 5357.00000000 5384.40000000 5350.20000000 416948158.80000000 77710.00000000
1635145200000 1635152340000 5340.00000000 5383.60000000 5385.00000000 5340.00000000 518945355.60000000 96791.00000000
1634922000000 1634935800000 5328.00000000 5325.80000000 5339.00000000 5308.60000000 286194903.40000000 53769.00000000
1634907600000 1634921940000 5418.00000000 5325.20000000 5433.20000000 5323.00000000 1326378458.40000000 246810.00000000
1634893200000 1634907540000 5424.60000000 5416.20000000 5434.80000000 5370.00000000 539578436.40000000 99835.00000000
1634886000000 1634893140000 5385.00000000 5423.80000000 5433.60000000 5385.00000000 241934525.40000000 44635.00000000
1634835600000 1634849400000 5415.40000000 5390.00000000 5420.00000000 5387.40000000 170670962.00000000 31551.00000000
1634821200000 1634835540000 5422.80000000 5415.40000000 5435.60000000 5370.00000000 1044354020.80000000 193402.00000000
1634806800000 1634821140000 5442.60000000 5421.40000000 5449.00000000 5400.00000000 486750260.80000000 89873.00000000
1634799600000 1634806740000 5416.00000000 5444.00000000 5446.00000000 5390.00000000 263647129.60000000 48637.00000000
1634749200000 1634763000000 5443.00000000 5420.20000000 5444.60000000 5405.20000000 438049201.60000000 80856.00000000
1634734800000 1634749140000 5507.00000000 5443.00000000 5517.80000000 5437.60000000 1310189401.80000000 239472.00000000
1634720400000 1634734740000 5482.20000000 5509.60000000 5526.00000000 5468.20000000 333792622.00000000 60674.00000000
1634713200000 1634720340000 5491.00000000 5483.20000000 5498.00000000 5472.00000000 180410368.40000000 32880.00000000
1634662800000 1634676600000 5467.60000000 5480.00000000 5502.80000000 5461.80000000 282388840.80000000 51539.00000000
1634648400000 1634662740000 5518.60000000 5467.60000000 5524.00000000 5431.00000000 1472096575.80000000 269190.00000000
1634634000000 1634648340000 5485.60000000 5518.60000000 5540.00000000 5474.20000000 667631341.80000000 121018.00000000
1634626800000 1634633940000 5495.00000000 5486.00000000 5510.00000000 5477.40000000 306354846.20000000 55760.00000000
1634576400000 1634590200000 5471.40000000 5488.80000000 5489.20000000 5454.00000000 212436124.20000000 38817.00000000
1634562000000 1634576340000 5420.00000000 5471.40000000 5473.00000000 5406.00000000 841956479.60000000 154771.00000000
1634547600000 1634561940000 5454.40000000 5422.00000000 5457.00000000 5409.00000000 426639161.20000000 78542.00000000
1634540400000 1634547540000 5403.40000000 5454.40000000 5461.40000000 5382.00000000 418001153.80000000 77050.00000000
1634317200000 1634331000000 5442.00000000 5427.20000000 5446.60000000 5400.20000000 683903031.20000000 126281.00000000
1634302800000 1634317140000 5509.00000000 5443.00000000 5519.60000000 5415.20000000 1716961247.60000000 313591.00000000
1634288400000 1634302740000 5517.40000000 5508.00000000 5546.00000000 5500.00000000 399214725.20000000 72240.00000000
1634281200000 1634288340000 5549.60000000 5521.20000000 5549.60000000 5476.00000000 434693780.20000000 78923.00000000
1634230800000 1634244600000 5523.80000000 5518.00000000 5533.00000000 5505.00000000 344782640.40000000 62473.00000000
1634216400000 1634230740000 5564.00000000 5521.80000000 5583.00000000 5492.20000000 1708139037.00000000 308933.00000000
1634202000000 1634216340000 5602.80000000 5563.60000000 5619.00000000 5563.00000000 795610681.20000000 142291.00000000
1634194800000 1634201940000 5597.00000000 5603.00000000 5610.60000000 5566.00000000 358760369.00000000 64147.00000000
1634144400000 1634158200000 5544.20000000 5553.80000000 5568.00000000 5533.80000000 237643259.40000000 42796.00000000
1634130000000 1634144340000 5528.80000000 5540.60000000 5623.40000000 5527.00000000 1292498139.60000000 231801.00000000
1634115600000 1634129940000 5613.60000000 5528.80000000 5629.00000000 5524.60000000 772429490.80000000 138459.00000000
1634108400000 1634115540000 5560.00000000 5613.60000000 5622.80000000 5539.00000000 391833169.00000000 70100.00000000
1634058000000 1634071800000 5582.60000000 5549.00000000 5599.40000000 5545.00000000 224937039.80000000 40423.00000000
1634043600000 1634057940000 5608.00000000 5580.20000000 5653.60000000 5550.60000000 1601365002.00000000 286318.00000000
1634029200000 1634043540000 5617.20000000 5610.20000000 5631.80000000 5596.00000000 512504864.80000000 91376.00000000
1634022000000 1634029140000 5600.00000000 5613.80000000 5635.00000000 5600.00000000 413684214.40000000 73642.00000000
1633971600000 1633985400000 5676.80000000 5622.20000000 5678.20000000 5587.60000000 469823106.80000000 83427.00000000
1633957200000 1633971540000 5641.60000000 5671.00000000 5736.80000000 5640.00000000 1025957842.20000000 180137.00000000
1633942800000 1633957140000 5675.40000000 5644.80000000 5684.00000000 5640.00000000 486101115.40000000 85839.00000000
1633935600000 1633942740000 5702.20000000 5673.40000000 5716.80000000 5618.00000000 547639472.80000000 96743.00000000
1633712400000 1633726200000 5687.80000000 5701.60000000 5729.60000000 5679.60000000 369495393.80000000 64881.00000000
1633698000000 1633712340000 5676.20000000 5686.00000000 5729.40000000 5663.40000000 1174095172.60000000 206233.00000000
1633683600000 1633697940000 5651.40000000 5678.40000000 5687.80000000 5644.80000000 697683569.80000000 123136.00000000
1633676400000 1633683540000 5700.40000000 5651.20000000 5700.60000000 5639.20000000 584862634.00000000 103330.00000000
1633626000000 1633639800000 5722.40000000 5705.20000000 5725.00000000 5690.80000000 792330189.40000000 138800.00000000
1633611600000 1633625940000 5673.00000000 5719.00000000 5767.80000000 5669.80000000 1845099016.40000000 322602.00000000
1633597200000 1633611540000 5698.20000000 5673.00000000 5703.20000000 5649.80000000 765246346.20000000 134860.00000000
1633590000000 1633597140000 5698.20000000 5698.00000000 5720.00000000 5650.00000000 903864832.60000000 158837.00000000
1633539600000 1633553400000 5580.00000000 5694.20000000 5699.00000000 5569.60000000 750414621.20000000 132699.00000000
1633525200000 1633539540000 5510.60000000 5580.00000000 5587.00000000 5500.00000000 1902013423.60000000 343254.00000000
1633510800000 1633525140000 5524.20000000 5510.60000000 5542.80000000 5500.00000000 764193245.40000000 138573.00000000
1633503600000 1633510740000 5590.00000000 5522.80000000 5592.40000000 5507.20000000 824150284.00000000 148913.00000000
1633453200000 1633467000000 5612.20000000 5594.20000000 5639.60000000 5589.00000000 624439003.00000000 111121.00000000
1633438800000 1633453140000 5535.60000000 5612.20000000 5615.00000000 5505.00000000 2043068197.00000000 367495.00000000
1633424400000 1633438740000 5541.80000000 5535.60000000 5580.60000000 5522.00000000 1345758924.20000000 242452.00000000
1633417200000 1633424340000 5470.00000000 5540.40000000 5603.20000000 5464.20000000 1171813347.60000000 210856.00000000
1633366800000 1633380600000 5537.40000000 5504.00000000 5545.00000000 5433.40000000 1340590910.60000000 244168.00000000
1633352400000 1633366740000 5715.20000000 5540.20000000 5718.60000000 5520.60000000 2833282816.20000000 506284.00000000
1633338000000 1633352340000 5722.40000000 5717.20000000 5731.80000000 5696.20000000 632961390.40000000 110747.00000000
1633330800000 1633337940000 5764.80000000 5722.60000000 5774.60000000 5702.20000000 430783429.00000000 75076.00000000
1633107600000 1633121400000 5778.40000000 5766.40000000 5797.60000000 5762.20000000 219418868.80000000 37962.00000000
1633093200000 1633107540000 5786.60000000 5779.60000000 5843.80000000 5770.00000000 938306958.80000000 161717.00000000
1633078800000 1633093140000 5765.20000000 5786.00000000 5808.00000000 5756.40000000 523733076.80000000 90562.00000000
1633071600000 1633078740000 5774.00000000 5763.00000000 5783.60000000 5745.20000000 235632381.40000000 40906.00000000
1633021260000 1633035000000 5804.80000000 5804.60000000 5828.20000000 5784.00000000 236870482.00000000 40776.00000000
1633006800000 1633021140000 5752.00000000 5804.80000000 5849.00000000 5731.00000000 1917032357.40000000 330084.00000000
1632992400000 1633006740000 5754.60000000 5754.00000000 5774.80000000 5731.00000000 488793002.40000000 84970.00000000
1632985200000 1632992340000 5769.60000000 5754.60000000 5792.00000000 5751.00000000 260821020.60000000 45224.00000000
1632934800000 1632948600000 5782.00000000 5762.40000000 5801.20000000 5747.40000000 144562850.60000000 25043.00000000
1632920400000 1632934740000 5839.80000000 5782.40000000 5845.00000000 5741.00000000 1130220017.40000000 195424.00000000
1632906000000 1632920340000 5871.40000000 5838.00000000 5880.00000000 5822.80000000 412153596.80000000 70475.00000000
1632898800000 1632905940000 5799.80000000 5874.00000000 5875.00000000 5788.40000000 350960285.20000000 60099.00000000
1632848400000 1632862200000 5787.80000000 5788.00000000 5822.20000000 5775.60000000 178346600.00000000 30748.00000000
1632834000000 1632848340000 5834.40000000 5790.40000000 5874.00000000 5750.20000000 1631820154.60000000 281118.00000000
1632819600000 1632833940000 5890.60000000 5834.20000000 5903.80000000 5833.60000000 551060098.40000000 94067.00000000
1632812400000 1632819540000 5950.00000000 5891.40000000 5964.80000000 5843.00000000 609139629.00000000 103445.00000000
1632762000000 1632775800000 5916.60000000 5949.20000000 5958.00000000 5908.60000000 201960850.80000000 34008.00000000
1632747600000 1632761940000 5903.20000000 5916.60000000 5980.00000000 5831.40000000 2425774185.60000000 409688.00000000
1632733200000 1632747540000 5915.00000000 5903.20000000 5953.80000000 5882.40000000 990834159.60000000 167569.00000000
1632726000000 1632733140000 5858.00000000 5915.00000000 5925.00000000 5836.80000000 488431834.80000000 83018.00000000
1632502800000 1632516600000 5827.00000000 5850.40000000 5863.00000000 5824.00000000 148780498.00000000 25472.00000000
1632488400000 1632502740000 5829.80000000 5825.40000000 5857.60000000 5786.00000000 917790276.20000000 157682.00000000
1632474000000 1632488340000 5859.60000000 5829.80000000 5871.40000000 5813.20000000 234559917.80000000 40139.00000000
1632466800000 1632473940000 5890.00000000 5858.80000000 5890.00000000 5845.00000000 276052940.80000000 47060.00000000
1632416400000 1632430200000 5831.60000000 5885.00000000 5890.00000000 5829.40000000 265088527.80000000 45191.00000000
1632402000000 1632416340000 5781.80000000 5831.60000000 5870.00000000 5744.40000000 1154051206.40000000 198300.00000000
1632387600000 1632401940000 5793.80000000 5781.80000000 5797.60000000 5758.00000000 316835455.60000000 54829.00000000
1632380400000 1632387540000 5755.00000000 5793.80000000 5809.00000000 5735.00000000 323188053.00000000 55963.00000000
1632330000000 1632343800000 5759.40000000 5755.00000000 5775.00000000 5735.00000000 226994187.00000000 39460.00000000
1632315600000 1632329940000 5758.60000000 5756.60000000 5781.80000000 5722.00000000 726345557.40000000 126225.00000000
1632301200000 1632315540000 5745.80000000 5759.40000000 5785.00000000 5743.80000000 833153165.20000000 144589.00000000
1632294000000 1632301140000 5780.20000000 5747.00000000 5796.60000000 5731.00000000 414925441.80000000 72188.00000000
1632243600000 1632257400000 5758.80000000 5771.80000000 5779.40000000 5748.00000000 243929956.20000000 42334.00000000
1632229200000 1632243540000 5830.20000000 5758.80000000 5835.40000000 5726.00000000 1296934452.20000000 224853.00000000
1632214800000 1632229140000 5807.20000000 5830.40000000 5839.00000000 5792.80000000 326798584.80000000 56186.00000000
1632207600000 1632214740000 5808.00000000 5805.40000000 5826.60000000 5787.00000000 326787093.00000000 56321.00000000
1632157200000 1632171000000 5817.00000000 5785.00000000 5826.00000000 5781.40000000 347802986.00000000 59942.00000000
1632142800000 1632157140000 5807.00000000 5817.00000000 5877.00000000 5791.20000000 880454802.00000000 150970.00000000
1632128400000 1632142740000 5805.80000000 5806.60000000 5824.20000000 5772.00000000 959154643.80000000 165118.00000000
1632121200000 1632128340000 5826.80000000 5805.00000000 5827.00000000 5767.00000000 685289385.00000000 118390.00000000
1631898000000 1631911800000 5879.20000000 5828.40000000 5883.40000000 5825.60000000 271231107.80000000 46333.00000000
1631883600000 1631897940000 5908.80000000 5876.20000000 5921.20000000 5852.00000000 2290392683.20000000 389039.00000000
1631869200000 1631883540000 5876.00000000 5906.80000000 5912.60000000 5872.00000000 352578436.80000000 59775.00000000
1631858460000 1631869140000 5906.80000000 5876.20000000 5924.80000000 5876.00000000 455609583.80000000 77248.00000000
1631811600000 1631825400000 5892.60000000 5872.00000000 5908.00000000 5866.40000000 186879694.40000000 31725.00000000
1631797200000 1631811540000 5957.80000000 5894.00000000 5986.40000000 5867.60000000 1747336660.20000000 295101.00000000
1631782800000 1631797140000 5923.00000000 5958.00000000 5960.00000000 5879.40000000 1673709999.40000000 282775.00000000
1631775600000 1631782740000 5892.00000000 5922.80000000 5939.40000000 5892.00000000 294291447.80000000 49730.00000000
1631725200000 1631739000000 5912.00000000 5892.00000000 5931.60000000 5888.60000000 153616821.00000000 25985.00000000
1631710800000 1631725140000 5947.20000000 5913.60000000 5970.00000000 5861.80000000 1557544938.40000000 263593.00000000
1631696400000 1631710740000 5947.00000000 5949.80000000 5962.00000000 5930.60000000 704615769.20000000 118421.00000000
1631689200000 1631696340000 5962.00000000 5944.60000000 5990.40000000 5942.20000000 567708625.60000000 95186.00000000
1631638800000 1631652600000 5978.20000000 5973.00000000 5984.60000000 5959.20000000 202129176.80000000 33862.00000000
1631624400000 1631638740000 5907.00000000 5975.60000000 5988.60000000 5905.60000000 1538092507.40000000 258285.00000000
1631610000000 1631624340000 5900.40000000 5907.00000000 5933.60000000 5872.00000000 813622647.60000000 137892.00000000
1631602800000 1631609940000 5942.00000000 5900.40000000 5944.00000000 5873.20000000 610238253.80000000 103471.00000000
1631552400000 1631566200000 5915.00000000 5939.20000000 5948.00000000 5899.00000000 349969038.20000000 59044.00000000
1631538000000 1631552340000 5894.60000000 5914.60000000 5923.80000000 5817.00000000 1622199954.60000000 276319.00000000
1631523600000 1631537940000 5900.80000000 5894.40000000 5917.40000000 5884.80000000 610296440.80000000 103398.00000000
1631516400000 1631523540000 5906.60000000 5897.80000000 5924.00000000 5871.60000000 458632320.20000000 77785.00000000
1631293200000 1631307000000 5855.40000000 5868.40000000 5896.00000000 5841.20000000 363898913.00000000 61976.00000000
1631278800000 1631293140000 5735.60000000 5854.80000000 5885.00000000 5734.20000000 1825577279.80000000 313329.00000000
1631264400000 1631278740000 5730.00000000 5733.60000000 5735.60000000 5708.00000000 194983258.80000000 34098.00000000
1631257200000 1631264340000 5746.00000000 5727.40000000 5753.20000000 5707.80000000 227224409.40000000 39688.00000000
1631206800000 1631220600000 5734.80000000 5735.00000000 5759.60000000 5715.20000000 236045132.80000000 41154.00000000
1631192400000 1631206740000 5677.00000000 5732.20000000 5766.00000000 5659.00000000 1144186385.80000000 199933.00000000
1631178000000 1631192340000 5663.20000000 5677.00000000 5682.00000000 5642.00000000 574922264.20000000 101504.00000000
1631170800000 1631177940000 5701.40000000 5665.00000000 5707.20000000 5661.00000000 389020341.80000000 68514.00000000
1631120400000 1631134200000 5702.80000000 5712.60000000 5745.00000000 5699.40000000 247130227.40000000 43141.00000000
1631106000000 1631120340000 5700.40000000 5699.20000000 5759.80000000 5662.00000000 1589717264.20000000 278820.00000000
1631091600000 1631105940000 5720.00000000 5698.00000000 5753.00000000 5692.00000000 719561401.60000000 125549.00000000
1631084400000 1631091540000 5685.00000000 5720.00000000 5727.60000000 5647.40000000 540136534.80000000 94843.00000000
1631034000000 1631047800000 5727.60000000 5690.80000000 5738.60000000 5690.80000000 298179734.60000000 52220.00000000
1631019600000 1631033940000 5798.00000000 5730.40000000 5807.20000000 5689.00000000 1705959726.00000000 297674.00000000
1631005200000 1631019540000 5795.60000000 5798.00000000 5828.60000000 5776.60000000 844275392.00000000 145544.00000000
1630998000000 1631005140000 5810.00000000 5795.60000000 5820.00000000 5742.00000000 710271860.20000000 123051.00000000
1630947600000 1630961400000 5843.00000000 5804.00000000 5844.60000000 5804.00000000 157118611.40000000 26995.00000000
1630933200000 1630947540000 5796.20000000 5841.80000000 5860.00000000 5795.00000000 867472888.40000000 148644.00000000
1630918800000 1630933140000 5769.40000000 5796.20000000 5810.00000000 5762.20000000 737516441.80000000 127418.00000000
1630911600000 1630918740000 5740.00000000 5769.40000000 5789.00000000 5726.60000000 455344969.20000000 79078.00000000
1630688400000 1630702200000 5706.00000000 5732.60000000 5738.20000000 5687.00000000 352018125.40000000 61586.00000000
1630674000000 1630688340000 5674.00000000 5706.20000000 5715.00000000 5625.60000000 1283148913.20000000 225968.00000000
1630659600000 1630673940000 5630.60000000 5674.20000000 5682.00000000 5615.00000000 734143010.80000000 130038.00000000
1630652400000 1630659540000 5649.80000000 5630.40000000 5665.20000000 5592.00000000 603046325.80000000 107348.00000000
1630602000000 1630615800000 5708.40000000 5636.40000000 5729.20000000 5629.60000000 418403847.00000000 73780.00000000
1630587600000 1630601940000 5711.60000000 5708.20000000 5773.00000000 5661.80000000 2116079202.80000000 369279.00000000
1630573200000 1630587540000 5726.20000000 5711.60000000 5732.60000000 5691.60000000 617253487.20000000 107957.00000000
1630566000000 1630573140000 5725.00000000 5724.80000000 5756.80000000 5685.00000000 910787505.40000000 158897.00000000
1630515600000 1630529400000 5692.60000000 5699.60000000 5722.40000000 5655.60000000 413326671.40000000 72679.00000000
1630501200000 1630515540000 5594.40000000 5692.40000000 5767.40000000 5572.20000000 3484411825.00000000 612698.00000000
1630486800000 1630501140000 5605.60000000 5593.00000000 5634.60000000 5572.40000000 1063766984.60000000 189758.00000000
1630479600000 1630486740000 5621.20000000 5605.60000000 5679.80000000 5565.00000000 1045410902.40000000 186152.00000000
1630429200000 1630443000000 5589.60000000 5615.00000000 5647.00000000 5581.80000000 839773853.40000000 149547.00000000
1630414800000 1630429140000 5410.00000000 5592.00000000 5600.00000000 5402.40000000 5147519979.20000000 929403.00000000
1630400400000 1630414740000 5417.40000000 5411.40000000 5449.00000000 5386.20000000 1197825048.80000000 220986.00000000
1630393200000 1630400340000 5385.80000000 5417.40000000 5435.60000000 5378.00000000 1193235077.20000000 220690.00000000
1630342800000 1630356600000 5385.80000000 5352.40000000 5405.00000000 5352.40000000 336799033.40000000 62579.00000000
1630328400000 1630342740000 5316.40000000 5385.80000000 5391.00000000 5305.00000000 1124320022.80000000 210188.00000000
1630314000000 1630328340000 5316.20000000 5314.40000000 5379.00000000 5290.00000000 1041375735.00000000 195242.00000000
1630306800000 1630313940000 5308.20000000 5316.20000000 5327.00000000 5293.00000000 537150150.00000000 101128.00000000
1630083600000 1630097400000 5314.20000000 5308.00000000 5326.80000000 5304.00000000 240340664.80000000 45215.00000000
1630069200000 1630083540000 5234.40000000 5314.80000000 5321.20000000 5194.60000000 2027722402.60000000 383833.00000000
1630054800000 1630069140000 5180.40000000 5234.80000000 5237.40000000 5180.40000000 484326498.80000000 92990.00000000
1630047600000 1630054740000 5216.00000000 5180.40000000 5243.20000000 5180.00000000 375366111.40000000 71982.00000000
1629997200000 1630011000000 5205.00000000 5219.00000000 5233.80000000 5199.60000000 341323689.80000000 65436.00000000
1629982800000 1629997140000 5128.60000000 5205.00000000 5214.20000000 5128.60000000 1382570334.20000000 267207.00000000
1629968400000 1629982740000 5132.20000000 5128.60000000 5132.20000000 5120.00000000 109604041.00000000 21385.00000000
1629961200000 1629968340000 5129.60000000 5132.40000000 5143.20000000 5091.00000000 231235750.60000000 45150.00000000
1629910800000 1629924600000 5139.20000000 5129.60000000 5145.80000000 5121.60000000 149446852.80000000 29101.00000000
1629896400000 1629910740000 5138.00000000 5139.80000000 5152.60000000 5106.00000000 677886399.40000000 132215.00000000
1629882000000 1629896340000 5132.60000000 5139.20000000 5145.00000000 5118.00000000 237654117.00000000 46336.00000000
1629874800000 1629881940000 5150.00000000 5135.00000000 5155.40000000 5122.40000000 208405698.60000000 40585.00000000
1629824400000 1629838200000 5135.80000000 5159.00000000 5159.00000000 5128.20000000 191910558.00000000 37286.00000000
1629810000000 1629824340000 5069.00000000 5135.80000000 5159.20000000 5061.20000000 1148951257.60000000 223708.00000000
1629795600000 1629809940000 5087.00000000 5069.00000000 5095.80000000 5065.00000000 275291177.20000000 54207.00000000
1629788400000 1629795540000 5110.40000000 5088.00000000 5115.00000000 5072.40000000 288585496.00000000 56711.00000000
1629738000000 1629751800000 5099.80000000 5104.00000000 5124.80000000 5099.60000000 225535585.60000000 44120.00000000
1629723600000 1629737940000 5068.60000000 5098.00000000 5107.80000000 5064.60000000 638554727.60000000 125429.00000000
1629709200000 1629723540000 5063.40000000 5068.60000000 5082.20000000 5058.00000000 272716577.60000000 53826.00000000
1629702000000 1629709140000 5094.40000000 5064.00000000 5094.40000000 5047.00000000 406887829.00000000 80360.00000000
1629478800000 1629492600000 5071.00000000 5061.00000000 5075.00000000 5051.00000000 66998959.00000000 13240.00000000
1629464400000 1629478740000 5082.80000000 5071.20000000 5113.80000000 5041.80000000 797799788.60000000 156988.00000000
1629450000000 1629464340000 5072.00000000 5082.60000000 5094.00000000 5052.60000000 339659087.00000000 66867.00000000
1629442800000 1629449940000 5065.60000000 5070.60000000 5072.20000000 5016.00000000 249507733.60000000 49463.00000000
1629392400000 1629406200000 5091.60000000 5065.60000000 5093.80000000 5060.00000000 132907993.80000000 26199.00000000
1629378000000 1629392340000 5017.00000000 5091.80000000 5115.00000000 5016.00000000 1245764573.40000000 245243.00000000
1629363600000 1629377940000 5043.80000000 5016.00000000 5055.40000000 4995.80000000 562465344.00000000 111950.00000000
1629356400000 1629363540000 5054.00000000 5045.60000000 5095.00000000 5009.00000000 610174364.40000000 120869.00000000
1629306000000 1629319800000 5076.20000000 5055.20000000 5107.40000000 5055.00000000 228665884.60000000 44980.00000000
1629291600000 1629305940000 5084.20000000 5072.40000000 5092.60000000 5052.40000000 730680385.00000000 144035.00000000
1629277200000 1629291540000 5099.20000000 5084.20000000 5127.00000000 5082.80000000 284313790.20000000 55692.00000000
1629270000000 1629277140000 5098.60000000 5099.20000000 5118.20000000 5068.60000000 255658882.40000000 50231.00000000
1629219600000 1629233400000 5091.60000000 5065.20000000 5099.80000000 5065.20000000 153471397.40000000 30213.00000000
1629205200000 1629219540000 5112.00000000 5091.60000000 5139.80000000 5071.20000000 1784694600.60000000 348868.00000000
1629190800000 1629205140000 5098.60000000 5111.80000000 5113.20000000 5086.20000000 455133632.20000000 89205.00000000
1629183600000 1629190740000 5060.00000000 5098.20000000 5100.00000000 5060.00000000 347555887.60000000 68297.00000000
1629133200000 1629147000000 5075.80000000 5093.00000000 5093.40000000 5058.80000000 263975025.60000000 51933.00000000
1629118800000 1629133140000 4997.60000000 5075.00000000 5088.20000000 4993.20000000 1886151590.40000000 372854.00000000
1629104400000 1629118740000 4993.00000000 4997.60000000 5005.00000000 4986.00000000 495762892.40000000 99219.00000000
1629097200000 1629104340000 4971.00000000 4994.00000000 4999.80000000 4960.00000000 289357803.40000000 58090.00000000
1628874000000 1628887800000 4966.60000000 4975.00000000 4985.40000000 4966.40000000 63364635.80000000 12738.00000000
1628859600000 1628873940000 4976.00000000 4968.40000000 4989.80000000 4935.00000000 693103593.80000000 139605.00000000
1628845200000 1628859540000 4992.20000000 4976.40000000 5000.40000000 4974.00000000 151923542.00000000 30478.00000000
1628838060000 1628845140000 4984.80000000 4992.20000000 4993.40000000 4970.00000000 153222812.20000000 30786.00000000
1628787600000 1628801400000 4991.80000000 4984.40000000 5008.00000000 4980.40000000 116821186.40000000 23417.00000000
1628773200000 1628787540000 5058.20000000 4991.40000000 5068.60000000 4971.00000000 1288724597.60000000 256840.00000000
1628758800000 1628773140000 5030.00000000 5058.20000000 5059.80000000 5020.40000000 235684104.00000000 46729.00000000
1628751600000 1628758740000 5025.20000000 5029.80000000 5046.20000000 5004.20000000 216813269.20000000 43127.00000000
1628701260000 1628715000000 5034.20000000 5036.40000000 5050.00000000 5024.00000000 224123191.00000000 44448.00000000
1628686800000 1628701140000 4968.60000000 5034.40000000 5065.00000000 4968.00000000 1663073037.40000000 331236.00000000
1628672400000 1628686740000 4971.80000000 4968.60000000 4973.60000000 4945.00000000 268120927.60000000 54050.00000000
1628665200000 1628672340000 4966.40000000 4973.60000000 4981.60000000 4966.00000000 116192966.80000000 23363.00000000
1628614800000 1628628600000 4959.60000000 4966.20000000 4985.00000000 4955.80000000 115501673.00000000 23238.00000000
1628600400000 1628614740000 4961.20000000 4958.00000000 4994.00000000 4930.80000000 674035253.00000000 135855.00000000
1628586000000 1628600340000 4965.00000000 4963.40000000 4985.00000000 4954.00000000 258287742.20000000 52024.00000000
1628578800000 1628585940000 4986.40000000 4964.80000000 4989.80000000 4956.80000000 324324055.20000000 65247.00000000
1628528400000 1628542200000 4992.00000000 4971.00000000 5000.00000000 4971.00000000 155989760.60000000 31262.00000000
1628514000000 1628528340000 4973.80000000 4990.80000000 5007.00000000 4973.00000000 679493706.60000000 136082.00000000
1628499600000 1628513940000 4946.80000000 4972.20000000 4975.00000000 4941.40000000 230863855.60000000 46535.00000000
1628492400000 1628499540000 4971.20000000 4948.60000000 4973.00000000 4936.00000000 271735625.20000000 54869.00000000
1628269200000 1628283000000 4932.20000000 4971.20000000 4979.80000000 4926.60000000 263982525.60000000 53205.00000000
1628254800000 1628269140000 4989.00000000 4931.40000000 5001.60000000 4920.00000000 1061068463.60000000 214566.00000000
1628240400000 1628254740000 5004.60000000 4989.00000000 5025.20000000 4987.00000000 342396684.00000000 68349.00000000
1628233200000 1628240340000 4994.20000000 5004.60000000 5016.60000000 4978.60000000 283093061.00000000 56583.00000000
1628182800000 1628196600000 5005.80000000 4995.00000000 5015.80000000 4962.20000000 258384141.60000000 51839.00000000
1628168400000 1628182740000 4979.40000000 5005.80000000 5032.20000000 4975.00000000 1046564209.60000000 208853.00000000
1628154000000 1628168340000 4971.60000000 4979.40000000 4996.80000000 4970.00000000 306061714.80000000 61441.00000000
1628146800000 1628153940000 4992.40000000 4973.20000000 5007.20000000 4960.20000000 272139548.20000000 54664.00000000
1628096400000 1628110200000 4966.00000000 4989.60000000 5011.20000000 4963.80000000 340700805.40000000 68273.00000000
1628082000000 1628096340000 4916.40000000 4966.00000000 5019.80000000 4910.00000000 1399335073.60000000 281566.00000000
1628067600000 1628081940000 4932.60000000 4918.20000000 4941.20000000 4912.80000000 385126800.60000000 78156.00000000
1628060400000 1628067540000 4945.40000000 4933.80000000 4958.40000000 4921.20000000 251754098.20000000 50914.00000000
1628010000000 1628023800000 4919.80000000 4934.00000000 4935.60000000 4915.00000000 266121537.60000000 54086.00000000
1627995600000 1628009940000 4939.20000000 4919.80000000 4949.60000000 4910.20000000 1138685889.20000000 231101.00000000
1627981200000 1627995540000 4957.00000000 4939.40000000 4967.00000000 4935.20000000 532772800.40000000 107548.00000000
1627974000000 1627981140000 4951.00000000 4955.80000000 4972.00000000 4930.20000000 254435290.60000000 51384.00000000
1627923600000 1627937400000 4965.20000000 4938.00000000 4968.40000000 4932.00000000 183508130.80000000 37099.00000000
1627909200000 1627923540000 4990.00000000 4961.60000000 4992.40000000 4928.00000000 993986933.00000000 200080.00000000
1627894800000 1627909140000 4985.80000000 4990.00000000 4998.00000000 4982.80000000 304723614.20000000 61049.00000000
1627887600000 1627894740000 4994.00000000 4984.40000000 5007.60000000 4972.40000000 275595897.80000000 55266.00000000
1627664400000 1627678200000 4987.80000000 4970.40000000 4994.00000000 4957.00000000 326660022.60000000 65756.00000000
1627650000000 1627664340000 4919.80000000 4989.00000000 4998.00000000 4905.00000000 1783474782.00000000 358898.00000000
1627635600000 1627649940000 4989.80000000 4917.20000000 4991.40000000 4910.00000000 1368103441.60000000 276353.00000000
1627628400000 1627635540000 5008.40000000 4988.00000000 5026.00000000 4970.20000000 796887752.00000000 159563.00000000
1627578000000 1627591800000 5036.80000000 5034.60000000 5049.80000000 5027.60000000 96263212.60000000 19105.00000000
1627563600000 1627577940000 5080.00000000 5035.00000000 5085.00000000 5005.00000000 1496962054.60000000 296945.00000000
1627549200000 1627563540000 5082.00000000 5081.20000000 5083.20000000 5050.60000000 568583374.60000000 112246.00000000
1627542000000 1627549140000 5076.00000000 5081.80000000 5095.80000000 5068.60000000 394269440.00000000 77571.00000000
1627491600000 1627505400000 5079.80000000 5076.80000000 5087.00000000 5046.20000000 235249646.40000000 46445.00000000
1627477200000 1627491540000 5107.00000000 5079.80000000 5137.40000000 5057.40000000 1522771070.80000000 299038.00000000
1627462800000 1627477140000 5057.00000000 5106.60000000 5130.00000000 5053.00000000 1443335864.20000000 282663.00000000
1627455600000 1627462740000 5000.20000000 5057.00000000 5059.80000000 5000.20000000 339592485.00000000 67363.00000000
1627405200000 1627419000000 5005.20000000 5035.20000000 5077.60000000 4975.40000000 456437199.00000000 90735.00000000
1627390800000 1627405140000 5156.40000000 5005.00000000 5159.80000000 4995.00000000 2684132968.80000000 529802.00000000
1627376400000 1627390740000 5143.60000000 5156.40000000 5177.20000000 5137.20000000 290200780.00000000 56233.00000000
1627369200000 1627376340000 5155.00000000 5143.60000000 5155.00000000 5123.80000000 318367243.00000000 62039.00000000
1627318800000 1627332600000 5152.60000000 5155.20000000 5164.40000000 5130.00000000 274427467.60000000 53310.00000000
1627304400000 1627318740000 5213.60000000 5151.00000000 5237.00000000 5147.00000000 2144880412.40000000 413137.00000000
1627290000000 1627304340000 5150.20000000 5212.20000000 5236.40000000 5143.00000000 504486994.80000000 96959.00000000
1627282800000 1627289940000 5185.80000000 5148.60000000 5195.00000000 5131.00000000 546486797.20000000 105844.00000000
1627059600000 1627073400000 5157.80000000 5196.40000000 5198.80000000 5153.20000000 271860148.00000000 52458.00000000
1627045200000 1627059540000 5156.80000000 5158.40000000 5176.80000000 5115.00000000 807772859.20000000 157045.00000000
1627030800000 1627045140000 5166.80000000 5153.60000000 5179.60000000 5142.60000000 323672657.20000000 62764.00000000
1627023600000 1627030740000 5180.00000000 5166.80000000 5180.80000000 5151.20000000 164417256.60000000 31827.00000000
1626973200000 1626987000000 5162.00000000 5165.80000000 5190.00000000 5146.00000000 111984770.80000000 21671.00000000
1626958800000 1626973080000 5172.00000000 5162.00000000 5198.80000000 5140.00000000 885306740.60000000 171402.00000000
1626944400000 1626958740000 5149.80000000 5172.00000000 5183.80000000 5140.00000000 426998218.40000000 82726.00000000
1626937200000 1626944340000 5160.00000000 5152.40000000 5169.40000000 5112.00000000 541326169.80000000 105458.00000000
1626886800000 1626900600000 5123.20000000 5151.20000000 5165.00000000 5121.40000000 196806923.40000000 38222.00000000
1626872400000 1626886740000 5116.80000000 5123.40000000 5147.20000000 5090.00000000 465962246.20000000 91066.00000000
1626858000000 1626872340000 5110.00000000 5117.20000000 5127.00000000 5095.60000000 373546318.40000000 73052.00000000
1626850800000 1626857940000 5100.00000000 5109.00000000 5125.20000000 5075.40000000 289070904.60000000 56665.00000000
1626800400000 1626814200000 5117.60000000 5095.40000000 5127.60000000 5086.00000000 193041717.20000000 37770.00000000
1626786000000 1626800340000 5065.20000000 5119.40000000 5127.40000000 5047.40000000 671925607.80000000 131971.00000000
1626771600000 1626785940000 5115.40000000 5065.40000000 5117.60000000 5045.20000000 523418491.60000000 102977.00000000
1626764400000 1626771540000 5122.40000000 5113.80000000 5126.20000000 5100.40000000 307646644.60000000 60162.00000000
1626714000000 1626727800000 5080.60000000 5109.00000000 5115.00000000 5080.00000000 150772684.60000000 29566.00000000
1626699600000 1626713940000 5122.00000000 5080.60000000 5123.00000000 5075.80000000 819517140.00000000 160732.00000000
1626685200000 1626699540000 5157.60000000 5120.00000000 5166.40000000 5059.80000000 1346842203.60000000 263880.00000000
1626678000000 1626685140000 5150.00000000 5157.00000000 5179.00000000 5140.60000000 463880421.00000000 89919.00000000
1626454800000 1626468600000 5172.60000000 5150.00000000 5179.00000000 5139.40000000 175315444.20000000 33948.00000000
1626440400000 1626454740000 5219.20000000 5171.40000000 5225.00000000 5137.80000000 981043757.80000000 189911.00000000
1626426000000 1626440340000 5229.00000000 5220.00000000 5229.80000000 5201.20000000 305098519.60000000 58518.00000000
1626418800000 1626425940000 5188.00000000 5227.60000000 5235.00000000 5182.80000000 324697951.00000000 62337.00000000
1626368400000 1626382140000 5186.20000000 5190.20000000 5200.80000000 5163.40000000 112252155.40000000 21664.00000000
1626354000000 1626368340000 5194.20000000 5187.20000000 5238.80000000 5169.60000000 726626490.20000000 139699.00000000
1626339600000 1626353940000 5201.00000000 5194.40000000 5211.60000000 5183.00000000 357631239.40000000 68829.00000000
1626332400000 1626339540000 5176.80000000 5200.80000000 5220.00000000 5140.00000000 430436912.40000000 83204.00000000
1626282000000 1626295800000 5209.80000000 5177.80000000 5213.40000000 5172.20000000 306654088.40000000 59167.00000000
1626267600000 1626281940000 5248.20000000 5206.60000000 5278.80000000 5187.60000000 883631355.00000000 168712.00000000
1626253200000 1626267540000 5239.00000000 5248.00000000 5258.00000000 5232.60000000 327891643.00000000 62508.00000000
1626246000000 1626253140000 5240.20000000 5237.20000000 5270.40000000 5230.00000000 484052707.60000000 92322.00000000
1626195600000 1626209400000 5276.60000000 5256.80000000 5280.00000000 5246.00000000 89510845.80000000 17012.00000000
1626181200000 1626195540000 5225.80000000 5272.80000000 5298.00000000 5206.20000000 1094676381.40000000 208305.00000000
1626166800000 1626181140000 5259.20000000 5229.00000000 5281.00000000 5222.80000000 493304087.60000000 93964.00000000
1626159600000 1626166740000 5275.00000000 5260.00000000 5284.80000000 5248.00000000 273545389.00000000 52004.00000000
1626109200000 1626123000000 5267.20000000 5281.00000000 5287.40000000 5260.00000000 85538651.60000000 16217.00000000
1626094800000 1626109140000 5259.60000000 5265.80000000 5296.80000000 5251.00000000 1064008058.20000000 201727.00000000
1626080400000 1626094740000 5223.80000000 5259.00000000 5275.00000000 5216.00000000 374282374.20000000 71230.00000000
1626073200000 1626080340000 5250.20000000 5223.00000000 5251.40000000 5208.80000000 317289278.80000000 60700.00000000
1625850000000 1625863800000 5233.80000000 5235.80000000 5257.20000000 5224.40000000 171643584.00000000 32751.00000000
1625835600000 1625849940000 5296.20000000 5236.60000000 5313.40000000 5151.00000000 2081966293.80000000 399583.00000000
1625821200000 1625835540000 5317.40000000 5297.80000000 5334.20000000 5287.20000000 572796324.00000000 107879.00000000
1625814000000 1625821140000 5371.00000000 5319.00000000 5371.00000000 5299.60000000 441753285.60000000 82916.00000000
1625763600000 1625777400000 5370.00000000 5354.20000000 5379.80000000 5344.40000000 279070051.80000000 52034.00000000
1625749200000 1625763540000 5253.60000000 5370.00000000 5378.60000000 5216.00000000 1674921054.80000000 316149.00000000
1625734800000 1625749140000 5272.40000000 5252.00000000 5296.00000000 5238.00000000 604941729.60000000 114915.00000000
1625727600000 1625734740000 5340.00000000 5274.20000000 5342.20000000 5230.00000000 719921690.60000000 136281.00000000
1625677200000 1625691000000 5350.00000000 5341.40000000 5370.60000000 5325.00000000 278279774.00000000 52033.00000000
1625662800000 1625677140000 5323.80000000 5350.00000000 5410.00000000 5316.60000000 3155950984.80000000 587331.00000000
1625648400000 1625662740000 5270.40000000 5323.80000000 5324.40000000 5262.60000000 1380705401.60000000 260535.00000000
1625641200000 1625648340000 5248.00000000 5270.40000000 5272.40000000 5235.60000000 532817367.00000000 101354.00000000
1625590800000 1625604600000 5230.00000000 5247.40000000 5257.80000000 5228.20000000 294343845.80000000 56118.00000000
1625576400000 1625590740000 5230.20000000 5230.00000000 5248.80000000 5200.00000000 1262351293.60000000 241705.00000000
1625562000000 1625576340000 5210.80000000 5229.80000000 5262.40000000 5210.40000000 621900723.60000000 118603.00000000
1625554800000 1625561940000 5205.00000000 5211.00000000 5218.00000000 5163.00000000 311912235.00000000 59990.00000000
1625504400000 1625518200000 5212.00000000 5212.40000000 5217.60000000 5202.60000000 124658806.60000000 23947.00000000
1625490000000 1625504340000 5217.80000000 5212.20000000 5226.60000000 5202.00000000 242710915.40000000 46547.00000000
1625475600000 1625489940000 5205.80000000 5218.00000000 5225.80000000 5191.20000000 294393609.00000000 56481.00000000
1625468400000 1625475540000 5239.00000000 5205.20000000 5239.00000000 5200.00000000 339791688.60000000 65201.00000000
1625245200000 1625259000000 5192.60000000 5216.00000000 5229.80000000 5183.80000000 469452498.60000000 90066.00000000
1625230800000 1625245140000 5179.80000000 5192.40000000 5200.00000000 5142.80000000 681898206.60000000 131742.00000000
1625216400000 1625230740000 5143.00000000 5178.80000000 5184.00000000 5142.00000000 229833549.60000000 44488.00000000
1625209200000 1625216340000 5140.60000000 5145.00000000 5193.20000000 5127.60000000 375018970.40000000 72621.00000000
1625158800000 1625172600000 5122.00000000 5168.60000000 5177.00000000 5120.00000000 243310697.60000000 47240.00000000
1625144400000 1625158740000 5170.20000000 5122.00000000 5199.00000000 5089.40000000 1078785844.00000000 209019.00000000
1625130000000 1625144340000 5170.20000000 5170.00000000 5180.60000000 5150.00000000 365232573.40000000 70709.00000000
1625122800000 1625129940000 5180.00000000 5170.80000000 5197.60000000 5168.00000000 279541841.80000000 53980.00000000
1625072400000 1625086200000 5187.60000000 5176.60000000 5195.00000000 5172.00000000 200436617.60000000 38678.00000000
1625058000000 1625072340000 5162.00000000 5187.40000000 5199.00000000 5130.00000000 2293389969.80000000 443570.00000000
1625043600000 1625057940000 5115.00000000 5163.80000000 5178.40000000 5106.60000000 1478710871.20000000 286830.00000000
1625036400000 1625043540000 5071.00000000 5115.60000000 5120.00000000 5071.00000000 466376175.20000000 91441.00000000
1624986000000 1624999800000 5109.60000000 5084.60000000 5114.00000000 5080.20000000 128002494.40000000 25086.00000000
1624971600000 1624985940000 5114.80000000 5107.40000000 5119.80000000 5070.00000000 1282574665.40000000 251448.00000000
1624957200000 1624971540000 5031.00000000 5114.80000000 5119.00000000 5030.00000000 671244772.00000000 132220.00000000
1624950000000 1624957140000 5100.00000000 5031.60000000 5107.00000000 5027.00000000 371458990.60000000 73359.00000000
1624899600000 1624913400000 5080.80000000 5099.80000000 5116.80000000 5064.00000000 308410844.80000000 60526.00000000
1624885200000 1624899540000 5118.60000000 5081.60000000 5123.00000000 5073.00000000 696063201.40000000 136578.00000000
1624870800000 1624885140000 5120.20000000 5118.20000000 5128.80000000 5108.80000000 256485234.60000000 50083.00000000
1624863600000 1624870740000 5088.00000000 5119.40000000 5155.00000000 5070.80000000 458889116.20000000 89611.00000000
1624640400000 1624654200000 5099.40000000 5088.00000000 5100.00000000 5073.40000000 250044378.60000000 49104.00000000
1624626000000 1624640340000 5031.60000000 5099.40000000 5103.00000000 5030.40000000 1141611684.60000000 225091.00000000
1624611600000 1624625940000 5038.60000000 5032.80000000 5045.00000000 5020.60000000 201113328.60000000 39969.00000000
1624604400000 1624611540000 5050.00000000 5041.20000000 5063.00000000 5030.40000000 243021198.40000000 48159.00000000
1624554000000 1624567800000 5028.80000000 5033.00000000 5049.00000000 5010.00000000 383251436.00000000 76256.00000000
1624539600000 1624553940000 5022.00000000 5032.80000000 5070.00000000 5020.00000000 1088397866.00000000 215467.00000000
1624525200000 1624539540000 5019.60000000 5022.00000000 5030.60000000 5007.00000000 213556587.60000000 42556.00000000
1624518000000 1624525140000 5050.60000000 5018.20000000 5050.60000000 5012.00000000 209149350.40000000 41631.00000000
1624467600000 1624481400000 4998.00000000 5040.00000000 5043.60000000 4998.00000000 325031339.20000000 64612.00000000
1624453200000 1624467540000 5009.40000000 4997.20000000 5046.40000000 4985.00000000 795130266.20000000 158611.00000000
1624438800000 1624453140000 5005.80000000 5011.60000000 5022.00000000 4985.00000000 231383627.80000000 46262.00000000
1624431600000 1624438740000 5008.80000000 5005.80000000 5039.00000000 5000.40000000 250438745.20000000 49892.00000000
1624381200000 1624395000000 5000.80000000 5007.00000000 5008.60000000 4982.20000000 181163588.20000000 36255.00000000
1624366800000 1624381140000 5009.80000000 5000.80000000 5030.00000000 4982.00000000 891635817.60000000 178335.00000000
1624352400000 1624366680000 5024.40000000 5009.60000000 5035.60000000 5000.20000000 316092799.00000000 62988.00000000
1624345200000 1624352340000 5008.40000000 5024.00000000 5036.00000000 5008.40000000 450975251.40000000 89761.00000000
1624294800000 1624308600000 5033.80000000 5008.40000000 5033.80000000 5002.00000000 538467332.60000000 107426.00000000
1624280400000 1624294740000 5090.00000000 5035.40000000 5111.00000000 5020.00000000 1038973728.40000000 205436.00000000
1624266000000 1624280340000 5090.60000000 5089.40000000 5123.00000000 5076.00000000 435191906.80000000 85272.00000000
1624258800000 1624265940000 5047.40000000 5090.80000000 5121.80000000 5037.60000000 476715304.80000000 93647.00000000
1624035600000 1624049400000 5074.00000000 5047.00000000 5110.00000000 5040.00000000 794576052.40000000 156375.00000000
1624021200000 1624035540000 4984.00000000 5075.00000000 5079.80000000 4967.00000000 2712508691.20000000 538409.00000000
1624006800000 1624021140000 5013.20000000 4987.80000000 5020.80000000 4951.60000000 577648803.60000000 115859.00000000
1623996120000 1624006740000 5021.90000000 5013.60000000 5032.40000000 4992.20000000 505239701.60000000 100743.00000000
1623949200000 1623963000000 5010.00000000 5041.40000000 5063.00000000 5009.00000000 640356581.40000000 127009.00000000
1623934800000 1623949140000 4971.20000000 5010.00000000 5033.20000000 4942.00000000 1570828643.80000000 314530.00000000
1623920400000 1623934740000 4959.80000000 4971.00000000 4975.00000000 4940.20000000 657005439.40000000 132437.00000000
1623913200000 1623920340000 4950.40000000 4956.80000000 4969.20000000 4928.20000000 339355973.00000000 68610.00000000
1623862800000 1623876600000 4932.60000000 4962.80000000 4993.00000000 4899.00000000 707061455.40000000 143247.00000000
1623848400000 1623862740000 4972.60000000 4932.20000000 4984.60000000 4919.20000000 999144201.60000000 201894.00000000
1623834000000 1623848340000 4940.80000000 4973.40000000 4979.80000000 4931.80000000 512784007.40000000 103510.00000000
1623826800000 1623833940000 4932.80000000 4940.80000000 4957.80000000 4912.40000000 425166558.20000000 86041.00000000
1623776400000 1623790200000 4955.00000000 4925.00000000 4966.00000000 4910.20000000 758489890.00000000 153662.00000000
1623762000000 1623776340000 5052.20000000 4955.00000000 5077.80000000 4950.60000000 1254351728.80000000 250373.00000000
1623747600000 1623761940000 5052.00000000 5050.60000000 5069.00000000 5028.00000000 510628396.80000000 101090.00000000
1623740400000 1623747540000 5089.00000000 5051.80000000 5089.00000000 5049.00000000 257787196.00000000 50945.00000000
1623690000000 1623703800000 5067.40000000 5090.00000000 5090.00000000 5053.00000000 223062757.20000000 43956.00000000
1623675600000 1623689940000 5058.20000000 5067.40000000 5078.80000000 5040.00000000 388950380.40000000 76798.00000000
1623661200000 1623675540000 5047.00000000 5056.40000000 5064.20000000 5043.00000000 150800225.60000000 29837.00000000
1623654000000 1623661140000 5070.20000000 5047.40000000 5096.40000000 5037.20000000 324990973.60000000 64166.00000000
1623430800000 1623444600000 5055.00000000 5056.80000000 5074.80000000 5041.20000000 196051494.00000000 38757.00000000
1623416400000 1623430740000 5046.20000000 5052.80000000 5093.20000000 5023.80000000 2275492180.80000000 449653.00000000
1623402000000 1623416340000 5009.20000000 5046.20000000 5078.60000000 4998.60000000 1329154847.00000000 263403.00000000
1623394800000 1623401940000 5020.00000000 5009.20000000 5028.60000000 4975.60000000 587540224.80000000 117391.00000000
1623344400000 1623358200000 4980.60000000 5005.80000000 5014.40000000 4966.60000000 553034807.80000000 110582.00000000
1623330000000 1623344340000 4962.80000000 4980.60000000 5025.00000000 4956.20000000 1231252965.80000000 246984.00000000
1623315600000 1623329940000 4952.00000000 4961.20000000 4976.80000000 4940.20000000 396591486.60000000 79977.00000000
1623308400000 1623315540000 4972.80000000 4952.00000000 4972.80000000 4930.00000000 347808966.20000000 70366.00000000
1623258000000 1623271800000 4996.00000000 4973.00000000 5003.00000000 4953.00000000 285696471.40000000 57451.00000000
1623243600000 1623257940000 4889.80000000 4993.40000000 5020.00000000 4887.40000000 3238574742.20000000 649907.00000000
1623229200000 1623243540000 4882.00000000 4889.60000000 4894.80000000 4865.20000000 472997108.40000000 96942.00000000
1623222000000 1623229140000 4892.00000000 4881.20000000 4903.60000000 4879.80000000 188466653.80000000 38568.00000000
1623171600000 1623185400000 4906.80000000 4889.60000000 4909.20000000 4885.40000000 146873752.60000000 30005.00000000
1623157200000 1623171540000 4906.80000000 4905.40000000 4932.00000000 4883.20000000 1089159554.00000000 222123.00000000
1623142800000 1623157140000 4889.60000000 4907.00000000 4911.00000000 4871.80000000 578867930.80000000 118362.00000000
1623135600000 1623142740000 4922.40000000 4888.00000000 4935.20000000 4881.00000000 286971364.40000000 58372.00000000
1623085200000 1623099000000 4914.80000000 4911.40000000 4928.20000000 4900.00000000 133008985.80000000 27039.00000000
1623070800000 1623085140000 4901.40000000 4915.80000000 4927.40000000 4877.60000000 691195807.20000000 140945.00000000
1623056400000 1623070740000 4881.40000000 4901.00000000 4909.00000000 4878.00000000 263472114.80000000 53814.00000000
1623049200000 1623056340000 4924.00000000 4881.80000000 4924.00000000 4865.00000000 488872355.00000000 100124.00000000
1622826000000 1622839800000 4924.40000000 4923.40000000 4933.40000000 4907.20000000 217257633.20000000 44154.00000000
1622811600000 1622825940000 4910.40000000 4926.40000000 4935.40000000 4883.00000000 1293143341.80000000 263217.00000000
1622797200000 1622811540000 4876.40000000 4910.40000000 4919.80000000 4861.20000000 580257087.40000000 118547.00000000
1622790000000 1622797140000 4919.00000000 4877.20000000 4924.00000000 4870.00000000 527020903.00000000 107646.00000000
1622739600000 1622753400000 4903.60000000 4901.80000000 4919.80000000 4890.00000000 281431517.60000000 57439.00000000
1622725200000 1622739540000 4928.40000000 4903.80000000 4929.60000000 4886.60000000 1061706591.60000000 216560.00000000
1622710800000 1622725140000 4973.60000000 4929.60000000 4976.60000000 4914.00000000 546679699.40000000 110668.00000000
1622703600000 1622710740000 4975.00000000 4972.00000000 4994.00000000 4937.00000000 344117034.80000000 69352.00000000
1622653200000 1622667000000 4967.40000000 4948.00000000 4969.40000000 4925.40000000 284339446.60000000 57467.00000000
1622638800000 1622653140000 4947.00000000 4967.60000000 4988.00000000 4916.20000000 1942501927.80000000 391600.00000000
1622624400000 1622638740000 4905.00000000 4947.00000000 4949.40000000 4904.00000000 689475475.00000000 139894.00000000
1622617200000 1622624340000 4933.00000000 4904.00000000 4933.20000000 4895.00000000 445569395.80000000 90758.00000000
1622566800000 1622580600000 4935.00000000 4933.00000000 4942.20000000 4923.60000000 152735938.60000000 30956.00000000
1622552400000 1622566740000 4997.40000000 4936.80000000 5030.00000000 4890.00000000 1795136247.20000000 363311.00000000
1622538000000 1622552340000 4968.00000000 4995.00000000 5005.00000000 4967.00000000 477981554.60000000 95722.00000000
1622530800000 1622537940000 4954.00000000 4968.40000000 4982.60000000 4929.80000000 451287599.40000000 91041.00000000
1622480400000 1622494200000 4931.80000000 4942.00000000 4945.00000000 4929.00000000 46655391.80000000 9449.00000000
1622466000000 1622480340000 4940.40000000 4931.80000000 4945.20000000 4924.80000000 372796041.20000000 75546.00000000
1622451600000 1622465940000 4941.20000000 4940.40000000 4950.60000000 4916.20000000 449427184.20000000 91084.00000000
1622444400000 1622451540000 4977.00000000 4943.40000000 4998.80000000 4940.00000000 274167854.00000000 55225.00000000
1622221200000 1622235000000 4968.20000000 4945.00000000 4975.00000000 4920.20000000 297313264.80000000 60037.00000000
1622206800000 1622221140000 4977.40000000 4968.00000000 5007.80000000 4967.00000000 702648915.20000000 140948.00000000
1622192400000 1622206740000 5000.80000000 4975.40000000 5004.20000000 4972.80000000 414360268.40000000 82939.00000000
1622185200000 1622192340000 4980.80000000 5001.60000000 5012.60000000 4956.20000000 395370528.20000000 79209.00000000
1622134800000 1622148600000 4999.80000000 4962.20000000 5009.80000000 4962.20000000 310237143.60000000 62119.00000000
1622120400000 1622134740000 4981.00000000 4997.60000000 5020.00000000 4974.20000000 4255496925.40000000 853098.00000000
1622106000000 1622120340000 4950.40000000 4979.60000000 4990.00000000 4948.40000000 404373133.00000000 81364.00000000
1622098800000 1622105940000 4995.40000000 4950.80000000 4995.40000000 4930.00000000 632442753.60000000 127604.00000000
1622048400000 1622062200000 4973.80000000 4995.40000000 5002.20000000 4968.80000000 312699338.20000000 62642.00000000
1622034000000 1622048340000 4936.60000000 4970.60000000 5005.00000000 4933.80000000 2311837994.00000000 463852.00000000
1622019600000 1622033940000 4935.00000000 4935.20000000 4957.80000000 4925.00000000 510107035.80000000 103251.00000000
1622012400000 1622019540000 4905.40000000 4934.00000000 4948.80000000 4898.40000000 486629058.00000000 98681.00000000
1621962000000 1621975800000 4897.40000000 4897.80000000 4919.40000000 4892.00000000 242611498.80000000 49427.00000000
1621947600000 1621961940000 4900.80000000 4898.00000000 4928.80000000 4882.00000000 1100454428.20000000 224414.00000000
1621933200000 1621947540000 4905.00000000 4900.80000000 4912.00000000 4883.80000000 459264430.00000000 93703.00000000
1621926000000 1621933140000 4890.00000000 4905.00000000 4925.00000000 4881.20000000 593460348.60000000 120955.00000000
1621875600000 1621889400000 4866.00000000 4891.80000000 4900.00000000 4866.00000000 508893792.20000000 104096.00000000
1621861200000 1621875540000 4778.00000000 4865.80000000 4896.00000000 4772.40000000 2520364058.60000000 519435.00000000
1621846800000 1621861140000 4748.20000000 4778.00000000 4812.40000000 4741.20000000 504589226.20000000 105714.00000000
1621839600000 1621846740000 4790.00000000 4748.20000000 4791.00000000 4743.60000000 264719243.00000000 55623.00000000
1621616400000 1621630200000 4766.40000000 4767.20000000 4778.80000000 4757.00000000 355466975.80000000 74510.00000000
1621602000000 1621616340000 4750.40000000 4766.40000000 4796.60000000 4742.20000000 1497791443.20000000 314159.00000000
1621587600000 1621601940000 4703.00000000 4750.40000000 4759.00000000 4701.00000000 556966020.60000000 117676.00000000
1621580400000 1621587540000 4740.20000000 4703.00000000 4743.00000000 4692.00000000 597485241.00000000 126865.00000000
1621530000000 1621543800000 4733.40000000 4750.80000000 4762.00000000 4710.20000000 434404804.60000000 91589.00000000
1621515600000 1621529940000 4695.40000000 4733.20000000 4742.20000000 4688.00000000 1390671525.20000000 294711.00000000
1621501200000 1621515540000 4698.20000000 4693.60000000 4712.80000000 4666.00000000 517967687.40000000 110504.00000000
1621494000000 1621501140000 4745.20000000 4698.20000000 4757.00000000 4697.20000000 247215127.00000000 52386.00000000
1621443600000 1621457400000 4710.00000000 4741.60000000 4755.00000000 4701.00000000 368271051.60000000 77946.00000000
1621429200000 1621443540000 4696.00000000 4710.20000000 4729.00000000 4660.00000000 1249272823.40000000 265880.00000000
1621414800000 1621429140000 4710.00000000 4696.00000000 4739.20000000 4696.00000000 551552264.60000000 116899.00000000
1621407600000 1621414740000 4759.80000000 4710.40000000 4759.80000000 4653.00000000 634926742.60000000 134741.00000000
1621357200000 1621371000000 4802.00000000 4740.00000000 4804.40000000 4735.00000000 395817445.20000000 82974.00000000
1621342800000 1621357140000 4723.60000000 4800.20000000 4814.60000000 4700.00000000 2567369298.40000000 538452.00000000
1621328400000 1621342740000 4734.40000000 4723.60000000 4737.60000000 4718.00000000 494973761.40000000 104634.00000000
1621321200000 1621328340000 4730.00000000 4734.00000000 4760.00000000 4715.20000000 1133772520.80000000 239128.00000000
1621270800000 1621284600000 4671.00000000 4704.20000000 4706.60000000 4663.20000000 373297410.80000000 79583.00000000
1621256400000 1621270740000 4633.60000000 4671.20000000 4689.40000000 4609.20000000 1088335156.80000000 233981.00000000
1621242000000 1621256340000 4638.00000000 4633.60000000 4648.00000000 4625.00000000 459089765.80000000 99054.00000000
1621234800000 1621241940000 4686.00000000 4639.00000000 4690.00000000 4628.60000000 564407233.60000000 121407.00000000
1621011600000 1621025400000 4675.00000000 4687.00000000 4699.20000000 4670.20000000 502778329.00000000 107228.00000000
1620997200000 1621011540000 4631.00000000 4673.40000000 4675.60000000 4618.80000000 1128473870.60000000 242358.00000000
1620982800000 1620997140000 4626.80000000 4632.40000000 4649.80000000 4625.20000000 420300905.40000000 90686.00000000
1620975600000 1620982740000 4650.00000000 4628.80000000 4657.40000000 4615.60000000 291734409.20000000 62969.00000000
1620925200000 1620939000000 4622.00000000 4638.40000000 4655.00000000 4596.00000000 429440114.00000000 92745.00000000
1620910860000 1620925140000 4632.80000000 4622.00000000 4659.80000000 4598.80000000 1923352850.80000000 415017.00000000
1620896400000 1620910740000 4589.60000000 4633.00000000 4649.00000000 4587.80000000 853044103.80000000 184746.00000000
1620889200000 1620896340000 4600.00000000 4590.00000000 4639.80000000 4574.00000000 663738347.40000000 144252.00000000
1620838800000 1620852600000 4611.60000000 4601.00000000 4625.80000000 4592.00000000 459953084.60000000 99947.00000000
1620824400000 1620838740000 4663.40000000 4611.60000000 4699.80000000 4581.40000000 2362901751.00000000 510365.00000000
1620810000000 1620824340000 4700.00000000 4663.40000000 4719.00000000 4634.00000000 945963772.20000000 201863.00000000
1620802800000 1620809940000 4678.00000000 4700.60000000 4731.40000000 4673.80000000 715401465.20000000 151897.00000000
1620752400000 1620766200000 4650.00000000 4678.00000000 4698.00000000 4648.20000000 365996524.00000000 78201.00000000
1620738000000 1620752340000 4636.00000000 4650.00000000 4682.00000000 4570.80000000 3050229608.80000000 659028.00000000
1620723600000 1620737940000 4653.80000000 4635.00000000 4694.20000000 4632.80000000 1217428141.00000000 261511.00000000
1620716400000 1620723540000 4677.00000000 4652.40000000 4697.80000000 4647.40000000 956276500.20000000 205108.00000000
1620666000000 1620679800000 4735.00000000 4702.80000000 4737.60000000 4690.00000000 718353297.40000000 152567.00000000
1620651600000 1620665940000 4826.00000000 4737.80000000 4827.80000000 4713.60000000 1948538485.60000000 410301.00000000
1620637200000 1620651540000 4811.20000000 4823.60000000 4836.80000000 4811.20000000 197177805.80000000 40895.00000000
1620630000000 1620637140000 4824.00000000 4812.40000000 4828.80000000 4792.00000000 363910414.80000000 75702.00000000
1620406800000 1620420600000 4834.60000000 4831.60000000 4837.80000000 4803.20000000 261337683.00000000 54178.00000000
1620392400000 1620406740000 4824.20000000 4831.60000000 4859.00000000 4792.20000000 1259461942.40000000 261127.00000000
1620378000000 1620392340000 4796.80000000 4825.80000000 4825.80000000 4785.00000000 654544781.60000000 136333.00000000
1620370800000 1620377940000 4840.00000000 4797.00000000 4846.80000000 4793.00000000 298486270.40000000 62085.00000000
1620320400000 1620334200000 4846.00000000 4828.60000000 4852.80000000 4795.40000000 381063826.40000000 79069.00000000
1620306000000 1620320340000 4858.20000000 4844.20000000 4864.20000000 4751.20000000 2270237899.20000000 472562.00000000
1620291600000 1620305940000 4894.00000000 4858.20000000 4900.20000000 4845.20000000 647431440.20000000 133128.00000000
1620284400000 1620291540000 4848.80000000 4894.00000000 4909.00000000 4831.20000000 409843378.20000000 84075.00000000
1620234000000 1620247800000 4903.60000000 4864.40000000 4924.00000000 4850.00000000 545943636.60000000 111708.00000000
1620219600000 1620233940000 4863.60000000 4904.60000000 4924.80000000 4844.00000000 1620323694.40000000 331236.00000000
1620205200000 1620219540000 4848.00000000 4863.60000000 4869.40000000 4840.40000000 533436704.20000000 109889.00000000
1620198000000 1620205140000 4827.20000000 4848.60000000 4853.20000000 4815.20000000 705531049.80000000 145707.00000000
1620147600000 1620161400000 4765.40000000 4802.20000000 4822.00000000 4759.00000000 563658818.20000000 117460.00000000
1620133200000 1620147540000 4825.60000000 4764.00000000 4839.00000000 4742.00000000 2122057279.60000000 444870.00000000
1620118800000 1620133140000 4877.40000000 4825.60000000 4881.80000000 4807.20000000 1198764341.20000000 247147.00000000
1620111600000 1620118740000 4913.80000000 4875.60000000 4948.00000000 4872.20000000 863560314.00000000 175872.00000000
1619802000000 1619815800000 4936.00000000 4934.80000000 4979.60000000 4922.00000000 335140849.40000000 67746.00000000
1619787600000 1619801940000 4919.80000000 4935.00000000 4999.60000000 4910.60000000 2154905982.20000000 434333.00000000
1619773200000 1619787540000 4995.00000000 4922.40000000 5018.40000000 4887.20000000 2796565290.40000000 564629.00000000
1619766000000 1619773140000 5026.80000000 4992.60000000 5048.00000000 4980.00000000 1259862212.20000000 251762.00000000
1619715600000 1619729400000 5008.00000000 5040.00000000 5054.80000000 4977.00000000 1465587294.00000000 291478.00000000
1619701200000 1619715540000 4899.00000000 5004.40000000 5017.00000000 4876.00000000 4895598766.20000000 985047.00000000
1619686800000 1619701140000 4886.80000000 4899.00000000 4911.00000000 4855.00000000 1305236193.40000000 266837.00000000
1619679600000 1619686740000 4851.00000000 4886.80000000 4888.00000000 4834.00000000 1107648611.60000000 227643.00000000
1619629200000 1619643000000 4848.60000000 4834.80000000 4848.80000000 4820.00000000 544557592.60000000 112598.00000000
1619614800000 1619629140000 4768.20000000 4848.80000000 4857.80000000 4748.00000000 3778133854.20000000 784413.00000000
1619600400000 1619614740000 4705.00000000 4768.20000000 4818.60000000 4676.20000000 4789504713.80000000 1003592.00000000
1619593200000 1619600340000 4732.00000000 4704.40000000 4754.00000000 4680.20000000 486175989.20000000 103306.00000000
1619542800000 1619556600000 4744.80000000 4732.00000000 4755.00000000 4706.00000000 525001220.80000000 110783.00000000
1619528400000 1619542740000 4752.60000000 4745.00000000 4755.00000000 4671.00000000 1977151720.40000000 419545.00000000
1619514000000 1619528340000 4772.80000000 4752.60000000 4774.80000000 4732.00000000 910612122.20000000 191484.00000000
1619506800000 1619513940000 4707.00000000 4773.00000000 4776.00000000 4705.20000000 1291524457.40000000 272009.00000000
1619456400000 1619470200000 4684.20000000 4703.60000000 4721.00000000 4678.60000000 982026189.00000000 208717.00000000
1619442000000 1619456340000 4591.40000000 4685.00000000 4697.60000000 4585.40000000 3140505952.00000000 674716.00000000
1619427600000 1619441940000 4572.60000000 4591.00000000 4592.20000000 4558.80000000 552131791.20000000 120549.00000000
1619420400000 1619427540000 4570.20000000 4572.00000000 4596.80000000 4568.60000000 495379634.20000000 108048.00000000
1619197200000 1619211000000 4548.00000000 4570.20000000 4584.00000000 4545.20000000 375410171.40000000 82151.00000000
1619182800000 1619197140000 4591.20000000 4548.00000000 4593.60000000 4521.40000000 2031367430.20000000 446289.00000000
1619168400000 1619182740000 4601.00000000 4591.20000000 4605.00000000 4570.00000000 925716404.60000000 201845.00000000
1619161200000 1619168340000 4624.80000000 4601.80000000 4624.80000000 4580.20000000 467295620.20000000 101482.00000000
1619110800000 1619124600000 4620.40000000 4605.00000000 4628.60000000 4590.00000000 953096533.20000000 206897.00000000
1619096400000 1619110740000 4670.00000000 4620.20000000 4682.00000000 4612.00000000 1715552323.60000000 368924.00000000
1619082000000 1619096340000 4638.20000000 4671.00000000 4687.00000000 4623.40000000 812981724.40000000 174585.00000000
1619074800000 1619081940000 4642.00000000 4638.20000000 4656.20000000 4622.00000000 464756210.20000000 100268.00000000
1619024400000 1619038200000 4636.00000000 4648.00000000 4653.00000000 4635.80000000 199920752.60000000 43031.00000000
1619010000000 1619024340000 4645.60000000 4637.80000000 4662.00000000 4631.40000000 949085596.20000000 204391.00000000
1619008860000 1619009940000 4644.00000000 4646.80000000 4646.80000000 4641.80000000 10627464.20000000 2288.00000000
1618995600000 1619008800000 4645.80000000 4644.00000000 4664.80000000 4640.20000000 402795345.00000000 86666.00000000
1618988400000 1618995540000 4679.00000000 4645.80000000 4679.00000000 4642.60000000 401697447.40000000 86262.00000000
1618938000000 1618951740000 4653.20000000 4665.40000000 4681.80000000 4645.00000000 265152556.80000000 56839.00000000
1618923600000 1618937940000 4671.80000000 4650.20000000 4707.00000000 4621.00000000 2180002996.00000000 467962.00000000
1618909200000 1618923540000 4681.40000000 4669.60000000 4688.80000000 4652.40000000 830515441.60000000 177873.00000000
1618902000000 1618909140000 4679.40000000 4681.40000000 4694.80000000 4670.00000000 442756376.20000000 94539.00000000
1618851600000 1618865400000 4652.80000000 4663.80000000 4681.00000000 4650.00000000 386552571.60000000 82885.00000000
1618837200000 1618851540000 4736.00000000 4650.40000000 4738.40000000 4650.00000000 2386004936.20000000 508586.00000000
1618822800000 1618837140000 4727.20000000 4736.00000000 4743.40000000 4718.00000000 862555759.20000000 182241.00000000
1618815600000 1618822740000 4695.00000000 4727.00000000 4729.00000000 4682.20000000 845473342.20000000 179492.00000000
1618592400000 1618606200000 4685.00000000 4690.00000000 4694.00000000 4679.00000000 407966400.60000000 86977.00000000
1618578000000 1618592340000 4674.40000000 4685.20000000 4697.00000000 4653.00000000 1270316990.80000000 271393.00000000
1618563600000 1618577940000 4675.00000000 4674.20000000 4685.00000000 4661.00000000 432097420.00000000 92493.00000000
1618556400000 1618563540000 4682.20000000 4674.60000000 4694.20000000 4650.60000000 476127460.00000000 102011.00000000
1618506000000 1618519800000 4659.60000000 4677.80000000 4694.60000000 4653.00000000 518425494.20000000 110882.00000000
1618491600000 1618505940000 4652.60000000 4659.40000000 4697.40000000 4639.80000000 1967635936.40000000 421999.00000000
1618477200000 1618491540000 4650.40000000 4652.40000000 4670.00000000 4628.00000000 1048536744.20000000 225493.00000000
1618470000000 1618477140000 4635.00000000 4650.00000000 4672.00000000 4617.00000000 1075302842.20000000 231560.00000000
1618419600000 1618433400000 4690.00000000 4661.00000000 4693.00000000 4617.00000000 1128568431.20000000 242510.00000000
1618405200000 1618419540000 4714.60000000 4689.60000000 4715.40000000 4601.00000000 4418328365.80000000 947626.00000000
1618390800000 1618405140000 4691.00000000 4714.20000000 4721.40000000 4663.60000000 3025574709.20000000 644175.00000000
1618383600000 1618390740000 4631.60000000 4690.80000000 4712.00000000 4576.20000000 4630458917.40000000 991531.00000000
1618333200000 1618347000000 4615.00000000 4600.00000000 4625.00000000 4550.00000000 3483642276.00000000 761827.00000000
1618318800000 1618333140000 4845.00000000 4614.80000000 4882.00000000 4510.00000000 13514988689.20000000 2905472.00000000
1618304400000 1618318740000 4856.00000000 4845.00000000 4867.00000000 4824.00000000 470499012.80000000 97117.00000000
1618297200000 1618304340000 4865.00000000 4855.40000000 4878.60000000 4847.40000000 256706222.20000000 52817.00000000
1618246800000 1618260600000 4832.60000000 4854.80000000 4862.60000000 4818.00000000 322512127.40000000 66591.00000000
1618232400000 1618246740000 4874.80000000 4832.40000000 4886.00000000 4805.60000000 1154174745.40000000 239045.00000000
1618218000000 1618232340000 4871.00000000 4874.80000000 4907.00000000 4854.20000000 810844873.00000000 166130.00000000
1618210800000 1618217940000 4806.00000000 4871.80000000 4886.00000000 4777.20000000 752769669.20000000 155402.00000000
1617987600000 1618001400000 4822.00000000 4813.00000000 4830.80000000 4794.00000000 436773866.80000000 90749.00000000
1617973200000 1617987540000 4857.40000000 4823.00000000 4874.20000000 4814.00000000 1135887283.00000000 235168.00000000
1617958800000 1617973140000 4877.80000000 4857.60000000 4890.00000000 4843.20000000 427570375.60000000 87849.00000000
1617951600000 1617958740000 4885.00000000 4877.40000000 4891.40000000 4858.20000000 268137315.20000000 54996.00000000
1617901200000 1617915000000 4893.00000000 4888.00000000 4898.80000000 4878.00000000 120638672.80000000 24683.00000000
1617886800000 1617901140000 4859.00000000 4892.40000000 4958.00000000 4850.00000000 2233913829.00000000 455197.00000000
1617872400000 1617886740000 4881.60000000 4861.20000000 4883.80000000 4858.00000000 508732999.40000000 104445.00000000
1617865200000 1617872340000 4872.40000000 4881.60000000 4885.00000000 4853.00000000 568981387.00000000 116773.00000000
1617814800000 1617828600000 4840.00000000 4845.20000000 4864.80000000 4830.00000000 390249959.20000000 80540.00000000
1617800400000 1617814740000 4939.00000000 4841.00000000 4954.00000000 4822.00000000 2100853616.60000000 430378.00000000
1617786000000 1617800340000 4953.80000000 4939.60000000 4968.60000000 4937.60000000 302788517.20000000 61184.00000000
1617778800000 1617785940000 4962.40000000 4953.80000000 4979.80000000 4920.20000000 467611097.40000000 94581.00000000
1617728400000 1617742200000 4952.40000000 4961.80000000 4986.00000000 4950.60000000 375487860.20000000 75558.00000000
1617714000000 1617728340000 4928.60000000 4954.60000000 4991.60000000 4917.80000000 1993317209.00000000 402093.00000000
1617699600000 1617713940000 4947.00000000 4928.60000000 4947.20000000 4920.00000000 602443447.20000000 122047.00000000
1617692400000 1617699540000 4934.60000000 4945.80000000 4956.80000000 4928.40000000 442057894.40000000 89403.00000000
1617642000000 1617655800000 4927.20000000 4940.00000000 4954.80000000 4927.20000000 277020209.00000000 56070.00000000
1617627600000 1617641940000 4945.60000000 4927.20000000 4958.40000000 4917.00000000 656486857.80000000 133026.00000000
1617613200000 1617627540000 4898.20000000 4945.60000000 4948.00000000 4898.00000000 488229271.80000000 99102.00000000
1617606000000 1617613140000 4935.20000000 4900.00000000 4942.60000000 4884.00000000 591691992.40000000 120703.00000000
1617382800000 1617396600000 4937.60000000 4935.00000000 4945.00000000 4926.20000000 66280473.60000000 13427.00000000
1617368400000 1617382740000 4950.80000000 4937.80000000 4953.80000000 4927.40000000 283050729.20000000 57271.00000000
1617354000000 1617368340000 4892.00000000 4950.60000000 4954.40000000 4890.20000000 451282016.40000000 91502.00000000
1617346800000 1617353940000 4960.00000000 4894.00000000 4960.00000000 4890.00000000 635300204.60000000 129164.00000000
1617296400000 1617310200000 4935.00000000 4949.20000000 4962.80000000 4927.00000000 511952759.40000000 103471.00000000
1617282000000 1617296340000 4902.60000000 4935.00000000 4961.00000000 4890.00000000 2150573776.40000000 435961.00000000
1617267600000 1617281940000 4905.00000000 4903.00000000 4907.00000000 4874.00000000 547389121.60000000 111961.00000000
1617260400000 1617267540000 4886.00000000 4905.60000000 4927.00000000 4868.00000000 891984667.60000000 181922.00000000
1617210000000 1617223800000 4911.80000000 4859.00000000 4912.80000000 4841.00000000 637896966.00000000 130786.00000000
1617195600000 1617209940000 4757.00000000 4908.40000000 4915.00000000 4748.40000000 3240549724.00000000 668871.00000000
1617181200000 1617195540000 4749.40000000 4756.00000000 4759.00000000 4735.20000000 517443359.20000000 108924.00000000
1617174000000 1617181140000 4807.00000000 4749.40000000 4807.00000000 4725.00000000 997526253.00000000 210116.00000000
1617123600000 1617137400000 4777.60000000 4788.00000000 4809.60000000 4760.20000000 335339677.00000000 69998.00000000
1617109200000 1617123540000 4774.80000000 4777.60000000 4804.40000000 4721.00000000 1495727065.20000000 313621.00000000
1617094800000 1617109140000 4760.80000000 4774.00000000 4782.60000000 4728.40000000 719340355.40000000 151122.00000000
1617087600000 1617094740000 4813.40000000 4760.80000000 4818.60000000 4750.60000000 861367234.80000000 180245.00000000
1617037200000 1617051000000 4806.60000000 4830.00000000 4835.00000000 4779.00000000 463660119.80000000 96397.00000000
1617022800000 1617037140000 4795.40000000 4809.00000000 4809.00000000 4735.00000000 1256019777.80000000 263282.00000000
1617008400000 1617022740000 4790.60000000 4793.60000000 4812.00000000 4784.60000000 503477653.60000000 104865.00000000
1617001200000 1617008340000 4784.80000000 4791.80000000 4814.00000000 4777.40000000 741121683.20000000 154609.00000000
1616778000000 1616791800000 4713.80000000 4785.00000000 4795.00000000 4700.20000000 682782496.80000000 143996.00000000
1616763600000 1616777940000 4774.60000000 4713.20000000 4808.40000000 4710.00000000 1427859474.40000000 300131.00000000
1616749200000 1616763540000 4783.60000000 4773.80000000 4800.00000000 4762.00000000 643631435.20000000 134435.00000000
1616742000000 1616749140000 4765.00000000 4783.80000000 4833.80000000 4750.00000000 1056364521.40000000 220303.00000000
1616691600000 1616705400000 4740.40000000 4741.00000000 4747.00000000 4683.00000000 633080017.40000000 134321.00000000
1616677200000 1616691540000 4795.00000000 4739.20000000 4812.00000000 4684.20000000 3340370697.60000000 706539.00000000
1616662800000 1616677140000 4851.60000000 4795.20000000 4855.00000000 4785.00000000 1034180111.60000000 214671.00000000
1616655600000 1616662740000 4855.00000000 4851.60000000 4878.80000000 4837.20000000 312346966.00000000 64320.00000000
1616605200000 1616619000000 4872.60000000 4850.00000000 4893.00000000 4830.00000000 638463001.20000000 131538.00000000
1616590800000 1616605140000 4922.00000000 4875.00000000 4930.00000000 4825.00000000 2197218829.00000000 450399.00000000
1616576400000 1616590740000 4938.80000000 4922.00000000 4977.20000000 4915.20000000 793472906.40000000 160412.00000000
1616569200000 1616576340000 4909.20000000 4938.80000000 4947.00000000 4902.00000000 500037167.20000000 101447.00000000
1616518800000 1616532600000 4931.00000000 4906.00000000 4945.00000000 4892.80000000 552650659.60000000 112353.00000000
1616504400000 1616518740000 4905.80000000 4929.40000000 4953.60000000 4888.60000000 1423519202.60000000 288895.00000000
1616490000000 1616504340000 4872.60000000 4905.80000000 4915.00000000 4871.60000000 943831702.60000000 192628.00000000
1616482800000 1616489940000 4890.60000000 4875.40000000 4891.00000000 4853.80000000 369630841.60000000 75941.00000000
1616432400000 1616446200000 4897.40000000 4891.00000000 4919.40000000 4882.00000000 226793335.00000000 46303.00000000
1616418000000 1616432340000 4931.40000000 4897.40000000 4954.60000000 4880.00000000 1383731731.00000000 282019.00000000
1616403600000 1616417940000 4919.60000000 4931.60000000 4934.00000000 4898.40000000 539677045.00000000 109673.00000000
1616396400000 1616403540000 4891.00000000 4919.80000000 4926.80000000 4875.00000000 496492645.20000000 101350.00000000
1616173200000 1616187000000 4912.00000000 4880.00000000 4925.00000000 4852.00000000 453781530.00000000 92838.00000000
1616158800000 1616173140000 4936.40000000 4912.80000000 4937.60000000 4812.60000000 3345561039.80000000 683338.00000000
1616144400000 1616158740000 4911.80000000 4937.00000000 4954.80000000 4911.00000000 1107534556.80000000 224464.00000000
1616133780000 1616144340000 4914.90000000 4912.80000000 4922.60000000 4860.20000000 884066931.20000000 180505.00000000
1616086800000 1616100600000 4898.40000000 4858.00000000 4905.60000000 4826.20000000 959076638.20000000 197351.00000000
1616072400000 1616086740000 5070.80000000 4899.40000000 5073.20000000 4867.00000000 3709677194.60000000 753220.00000000
1616058000000 1616072340000 5068.00000000 5072.80000000 5099.00000000 5023.00000000 2653320356.00000000 523856.00000000
1616050800000 1616057940000 5074.80000000 5066.60000000 5120.00000000 5041.00000000 1591956872.40000000 313979.00000000
1616000400000 1616014200000 4990.00000000 5037.60000000 5088.20000000 4980.20000000 960267725.40000000 190624.00000000
1615997460000 1616000340000 4984.00000000 4988.00000000 5010.60000000 4980.80000000 223445484.20000000 44771.00000000
1615986000000 1615997400000 5069.40000000 4984.60000000 5099.80000000 4955.00000000 4731520865.60000000 943004.00000000
1615971600000 1615985940000 5102.00000000 5069.40000000 5118.40000000 5021.00000000 2318036419.00000000 457480.00000000
1615964400000 1615971540000 5136.00000000 5102.00000000 5150.00000000 5082.40000000 1189296566.20000000 232842.00000000
1615914000000 1615927800000 5171.20000000 5161.80000000 5174.80000000 5121.40000000 901382275.20000000 175014.00000000
1615899600000 1615913940000 4991.00000000 5171.40000000 5177.80000000 4984.00000000 4685854703.60000000 916284.00000000
1615885200000 1615899540000 4965.80000000 4992.60000000 5008.00000000 4957.00000000 1125882346.80000000 226015.00000000
1615878000000 1615885140000 5049.20000000 4965.60000000 5065.00000000 4960.20000000 1148757271.60000000 229136.00000000
1615827600000 1615841400000 5005.40000000 5039.00000000 5063.80000000 5005.40000000 641249223.00000000 127405.00000000
1615813200000 1615827540000 4957.20000000 5007.00000000 5024.00000000 4932.00000000 2316803810.20000000 464118.00000000
1615798800000 1615813140000 4971.80000000 4957.20000000 5013.00000000 4942.80000000 1471950815.80000000 295030.00000000
1615791600000 1615798740000 4971.00000000 4971.80000000 5018.00000000 4936.20000000 1247823674.40000000 251056.00000000
1615568400000 1615582200000 4864.40000000 4960.40000000 4963.60000000 4862.00000000 1004439218.80000000 204429.00000000
1615554000000 1615568340000 4846.40000000 4864.60000000 4870.00000000 4816.60000000 1252804883.20000000 258620.00000000
1615539600000 1615553940000 4831.60000000 4849.00000000 4879.60000000 4822.40000000 800017886.40000000 164865.00000000
1615532400000 1615539540000 4858.80000000 4831.60000000 4883.00000000 4816.00000000 602573819.80000000 124362.00000000
1615482000000 1615495800000 4858.20000000 4889.80000000 4898.00000000 4840.20000000 827580937.80000000 169681.00000000
1615467600000 1615481940000 4773.80000000 4858.20000000 4875.00000000 4752.20000000 2513572217.40000000 522115.00000000
1615453200000 1615467540000 4734.00000000 4773.80000000 4774.00000000 4727.20000000 706787412.00000000 148846.00000000
1615446000000 1615453140000 4716.00000000 4733.80000000 4763.40000000 4713.60000000 473345753.00000000 99851.00000000
1615395600000 1615409400000 4705.60000000 4692.00000000 4717.00000000 4652.80000000 529712657.00000000 113031.00000000
1615381200000 1615395540000 4705.80000000 4705.00000000 4786.20000000 4682.00000000 2083703930.00000000 440288.00000000
1615366800000 1615381140000 4796.20000000 4705.20000000 4798.80000000 4685.00000000 1479081938.60000000 312381.00000000
1615359600000 1615366740000 4725.00000000 4798.00000000 4831.20000000 4710.80000000 1217923583.60000000 254378.00000000
1615309200000 1615323000000 4697.00000000 4707.60000000 4769.20000000 4695.00000000 717734832.40000000 151706.00000000
1615294800000 1615309140000 4675.20000000 4694.80000000 4704.00000000 4602.60000000 2859091657.80000000 613256.00000000
1615280400000 1615294740000 4624.60000000 4675.00000000 4699.60000000 4603.00000000 1650894966.40000000 354889.00000000
1615273200000 1615280340000 4590.00000000 4624.60000000 4672.20000000 4575.00000000 1781063819.80000000 385527.00000000
1614963600000 1614977400000 4654.60000000 4722.80000000 4747.80000000 4645.80000000 922065858.80000000 195885.00000000
1614949200000 1614963540000 4780.00000000 4650.20000000 4805.00000000 4626.80000000 3256296266.00000000 694682.00000000
1614934800000 1614949140000 4758.00000000 4781.40000000 4819.80000000 4730.20000000 1159880137.40000000 242656.00000000
1614927600000 1614934740000 4729.80000000 4757.60000000 4778.00000000 4716.40000000 1456755058.40000000 307069.00000000
1614877200000 1614891000000 4849.00000000 4718.20000000 4867.60000000 4662.40000000 2248459334.00000000 474084.00000000
1614862800000 1614877140000 4912.00000000 4849.00000000 4953.00000000 4804.00000000 2814927879.20000000 579187.00000000
1614848400000 1614862740000 4915.60000000 4914.20000000 4929.00000000 4866.00000000 810978154.80000000 165522.00000000
1614841200000 1614848340000 4908.00000000 4915.20000000 4934.00000000 4887.40000000 605898813.40000000 123263.00000000
1614790800000 1614804600000 4982.40000000 4890.20000000 4982.40000000 4875.00000000 1182899389.80000000 240491.00000000
1614776400000 1614790740000 5104.20000000 4980.20000000 5104.80000000 4980.20000000 2114207605.40000000 419048.00000000
1614762000000 1614776340000 5086.00000000 5102.80000000 5133.00000000 5083.00000000 1310611465.20000000 256387.00000000
1614754800000 1614761940000 5050.20000000 5087.40000000 5093.00000000 5046.00000000 530770822.60000000 104595.00000000
1614704400000 1614718200000 5017.40000000 5027.00000000 5068.60000000 5015.00000000 353900567.40000000 70178.00000000
1614690000000 1614704340000 5022.20000000 5017.20000000 5055.00000000 4980.80000000 1612207131.20000000 320780.00000000
1614675600000 1614689940000 5002.00000000 5022.20000000 5028.00000000 4965.00000000 926613416.40000000 185380.00000000
1614668400000 1614675540000 4962.20000000 5002.00000000 5015.00000000 4960.00000000 537481230.40000000 107779.00000000
1614618000000 1614631800000 4954.80000000 5004.60000000 5009.20000000 4950.00000000 680699005.20000000 136638.00000000
1614603600000 1614617940000 4864.80000000 4954.80000000 4991.20000000 4861.00000000 2652154624.20000000 537243.00000000
1614589200000 1614603540000 4871.60000000 4867.00000000 4887.00000000 4820.20000000 974644559.00000000 200584.00000000
1614582000000 1614589140000 4860.00000000 4871.60000000 4910.00000000 4822.20000000 1046338467.40000000 214432.00000000
1614358800000 1614372600000 4852.00000000 4813.20000000 4858.00000000 4800.00000000 768258296.00000000 159176.00000000
1614344400000 1614358740000 4819.40000000 4853.80000000 4875.80000000 4785.60000000 4009368601.00000000 831678.00000000
1614330000000 1614344340000 4812.00000000 4817.80000000 4839.00000000 4786.60000000 1095122940.20000000 227528.00000000
1614322800000 1614329940000 4851.00000000 4813.00000000 4851.00000000 4762.00000000 1046112837.00000000 216980.00000000
1614272400000 1614286200000 4867.00000000 4857.40000000 4916.00000000 4821.00000000 1280920974.80000000 263779.00000000
1614258000000 1614272340000 4936.00000000 4867.20000000 4969.00000000 4853.40000000 1919833584.80000000 389830.00000000
1614243600000 1614257940000 4927.40000000 4936.00000000 4945.20000000 4919.20000000 482769034.00000000 97851.00000000
1614236400000 1614243540000 4948.00000000 4927.60000000 4975.00000000 4912.00000000 768796523.40000000 155646.00000000
1614186000000 1614199800000 4974.60000000 4928.20000000 4989.00000000 4920.20000000 469122427.80000000 94728.00000000
1614171600000 1614185880000 5020.20000000 4975.20000000 5032.00000000 4901.20000000 2213945229.20000000 447553.00000000
1614157200000 1614171540000 4986.40000000 5018.40000000 5032.00000000 4960.00000000 1216375201.80000000 243059.00000000
1614150000000 1614157140000 4962.20000000 4986.80000000 4995.00000000 4910.20000000 1081943168.60000000 217938.00000000
1614013200000 1614027000000 4962.20000000 4918.00000000 4998.40000000 4902.20000000 748337436.80000000 151122.00000000
1613998800000 1614013140000 4984.00000000 4962.20000000 5014.00000000 4922.00000000 2089630199.60000000 420582.00000000
1613984400000 1613998740000 5000.80000000 4984.40000000 5014.40000000 4980.00000000 889307871.40000000 178279.00000000
1613977200000 1613984340000 5024.40000000 5001.00000000 5048.80000000 4983.00000000 796909776.60000000 159140.00000000
1613840400000 1613854200000 5048.00000000 5064.00000000 5067.60000000 5044.40000000 86374685.80000000 17089.00000000
1613826000000 1613840340000 5042.00000000 5048.00000000 5053.40000000 5037.40000000 176519705.00000000 34978.00000000
1613811600000 1613825940000 5038.20000000 5042.00000000 5047.20000000 5032.80000000 283001555.00000000 56160.00000000
1613804400000 1613811540000 5053.40000000 5038.00000000 5053.80000000 5007.00000000 468953610.40000000 93213.00000000
1613754000000 1613767800000 5029.80000000 5005.00000000 5033.20000000 4951.20000000 1661039720.20000000 333456.00000000
1613739600000 1613753940000 5064.20000000 5030.00000000 5142.00000000 5022.00000000 2997899505.00000000 590928.00000000
1613725200000 1613739540000 5062.00000000 5064.20000000 5134.60000000 5044.20000000 1591929135.60000000 312362.00000000
1613718000000 1613725140000 5037.40000000 5061.00000000 5100.00000000 5012.00000000 1063812097.20000000 210163.00000000
1613667600000 1613681400000 5058.60000000 5007.80000000 5064.60000000 5005.40000000 567621544.20000000 112869.00000000
1613653200000 1613667540000 5100.00000000 5058.20000000 5103.00000000 5011.80000000 3005750778.00000000 595190.00000000
1613638800000 1613653140000 5112.40000000 5100.00000000 5145.00000000 5089.20000000 1189622927.60000000 232585.00000000
1613631600000 1613638740000 5205.00000000 5114.60000000 5207.00000000 5100.00000000 1242959413.60000000 241906.00000000
1613581200000 1613595000000 5189.00000000 5187.00000000 5226.60000000 5180.00000000 605745394.20000000 116495.00000000
1613566800000 1613581140000 5279.40000000 5188.00000000 5283.20000000 5100.20000000 3480546284.60000000 668422.00000000
1613552400000 1613566740000 5310.40000000 5279.40000000 5320.00000000 5237.00000000 1713389843.40000000 324635.00000000
1613545200000 1613552340000 5348.00000000 5310.60000000 5362.80000000 5285.80000000 1367409508.40000000 256694.00000000
1613494800000 1613508600000 5418.40000000 5348.00000000 5424.80000000 5346.20000000 576607489.00000000 107016.00000000
1613480400000 1613494740000 5403.40000000 5418.40000000 5445.20000000 5325.40000000 2886026254.20000000 535390.00000000
1613466000000 1613480340000 5423.00000000 5403.20000000 5464.60000000 5365.00000000 1752944611.20000000 323587.00000000
1613458800000 1613465940000 5483.80000000 5423.00000000 5517.20000000 5380.40000000 1044856026.60000000 192497.00000000
1613408400000 1613422200000 5447.80000000 5478.00000000 5484.60000000 5442.20000000 199045594.20000000 36433.00000000
1613394000000 1613408340000 5421.80000000 5447.80000000 5465.00000000 5417.80000000 789719788.00000000 145212.00000000
1613379600000 1613393940000 5456.60000000 5421.60000000 5465.00000000 5404.00000000 921013772.60000000 169498.00000000
1613372400000 1613379540000 5460.00000000 5454.60000000 5549.60000000 5451.00000000 1232417863.60000000 224831.00000000
1613149200000 1613163000000 5452.80000000 5448.00000000 5459.20000000 5401.60000000 868492213.60000000 159545.00000000
1613134800000 1613149140000 5329.20000000 5450.20000000 5459.20000000 5305.20000000 2695306135.00000000 498969.00000000
1613120400000 1613134740000 5309.00000000 5331.80000000 5345.00000000 5281.80000000 863532515.80000000 162515.00000000
1613113200000 1613120340000 5374.60000000 5309.60000000 5374.60000000 5265.00000000 1161269579.40000000 218625.00000000
1613062800000 1613076600000 5348.60000000 5361.60000000 5375.00000000 5325.60000000 595385657.80000000 111271.00000000
1613048400000 1613062740000 5230.60000000 5352.00000000 5394.00000000 5229.60000000 2338473053.80000000 439221.00000000
1613034000000 1613048340000 5290.40000000 5232.00000000 5300.00000000 5231.00000000 1164219968.60000000 221062.00000000
1613026800000 1613033940000 5310.00000000 5290.40000000 5310.00000000 5237.80000000 741153314.20000000 140755.00000000
1612976400000 1612990200000 5293.40000000 5306.00000000 5317.40000000 5281.20000000 528016301.00000000 99620.00000000
1612962000000 1612976340000 5235.00000000 5290.80000000 5349.60000000 5160.40000000 4565250913.40000000 865925.00000000
1612947600000 1612961940000 5140.00000000 5235.00000000 5245.00000000 5137.20000000 2072090763.00000000 399036.00000000
1612940400000 1612947540000 5142.20000000 5140.00000000 5164.80000000 5105.00000000 729756034.80000000 142036.00000000
1612890000000 1612903800000 5093.40000000 5147.20000000 5170.00000000 5085.80000000 641843809.60000000 124957.00000000
1612875600000 1612889940000 5053.80000000 5091.00000000 5152.20000000 5026.80000000 1848178655.20000000 362540.00000000
1612861200000 1612875540000 5039.20000000 5054.40000000 5064.40000000 5022.80000000 597712378.80000000 118601.00000000
1612854000000 1612861140000 5061.00000000 5036.40000000 5067.60000000 4995.20000000 881453646.80000000 175404.00000000
1612803600000 1612817400000 5046.00000000 5060.40000000 5075.00000000 5030.20000000 371082536.40000000 73340.00000000
1612789200000 1612803540000 5000.40000000 5047.40000000 5075.00000000 4999.60000000 1538562201.80000000 305019.00000000
1612774800000 1612789140000 5010.80000000 5000.00000000 5011.00000000 4990.00000000 263124944.60000000 52634.00000000
1612767600000 1612774740000 5000.00000000 5010.80000000 5022.80000000 4973.20000000 619962870.80000000 124076.00000000
1612544400000 1612558200000 4963.40000000 4973.60000000 5004.80000000 4963.40000000 403011417.00000000 80892.00000000
1612530000000 1612544340000 4958.00000000 4964.20000000 4989.40000000 4913.00000000 1310446032.20000000 265148.00000000
1612515660000 1612529940000 5004.40000000 4958.00000000 5010.00000000 4956.40000000 542807642.60000000 108864.00000000
1612508400000 1612515540000 4990.20000000 5006.40000000 5024.60000000 4987.00000000 661604041.20000000 132141.00000000
1612458000000 1612471800000 4988.80000000 5016.60000000 5018.60000000 4982.20000000 630108751.80000000 125921.00000000
1612443600000 1612457940000 4924.20000000 4988.60000000 4996.00000000 4903.40000000 1596022844.20000000 322561.00000000
1612429200000 1612443540000 4960.00000000 4923.00000000 4986.40000000 4922.20000000 606889018.40000000 122333.00000000
1612422000000 1612429140000 4934.60000000 4959.20000000 4976.20000000 4905.00000000 559048220.20000000 113211.00000000
1612371600000 1612385400000 4925.00000000 4917.20000000 4942.80000000 4901.60000000 456618051.60000000 92869.00000000
1612357200000 1612371540000 4959.20000000 4925.00000000 4999.40000000 4915.00000000 1488154375.60000000 300035.00000000
1612342800000 1612357140000 4981.80000000 4959.00000000 4984.60000000 4942.40000000 852548129.60000000 171839.00000000
1612335600000 1612342740000 4984.00000000 4981.80000000 5005.00000000 4958.80000000 545885013.00000000 109592.00000000
1612285200000 1612299000000 4954.20000000 4997.00000000 4999.80000000 4927.00000000 839828698.40000000 169038.00000000
1612270800000 1612285140000 4924.20000000 4952.60000000 4980.00000000 4888.40000000 1970337912.20000000 399091.00000000
1612256400000 1612270740000 4885.00000000 4924.20000000 4943.40000000 4857.80000000 973069644.40000000 198265.00000000
1612249200000 1612256340000 4850.20000000 4884.80000000 4888.00000000 4850.20000000 388021844.20000000 79590.00000000
1612198800000 1612212600000 4813.80000000 4847.40000000 4857.80000000 4812.40000000 319511352.20000000 66034.00000000
1612184400000 1612198740000 4790.00000000 4813.80000000 4823.00000000 4763.20000000 1216666684.80000000 253722.00000000
1612170000000 1612184340000 4783.80000000 4790.00000000 4793.60000000 4753.00000000 656393329.20000000 137478.00000000
1612162800000 1612169940000 4786.40000000 4783.80000000 4789.00000000 4728.60000000 548475584.20000000 115225.00000000
1611939600000 1611953400000 4783.40000000 4760.60000000 4785.20000000 4713.20000000 558690978.00000000 117611.00000000
1611925200000 1611939540000 4836.20000000 4783.80000000 4854.80000000 4760.20000000 2120784929.60000000 442292.00000000
1611910800000 1611925140000 4852.40000000 4834.80000000 4854.80000000 4805.40000000 575449671.00000000 119176.00000000
1611903600000 1611910740000 4859.80000000 4852.60000000 4879.20000000 4816.40000000 630658846.40000000 130237.00000000
1611853200000 1611867000000 4884.20000000 4876.20000000 4917.00000000 4870.20000000 306156559.00000000 62601.00000000
1611838800000 1611853140000 4848.40000000 4886.80000000 4899.80000000 4836.20000000 842540202.20000000 172766.00000000
1611824400000 1611838740000 4860.40000000 4848.20000000 4868.40000000 4821.20000000 479213737.20000000 98903.00000000
1611817200000 1611824340000 4824.80000000 4865.80000000 4881.20000000 4800.40000000 701291014.40000000 144751.00000000
1611766800000 1611780600000 4826.00000000 4828.40000000 4882.40000000 4810.80000000 785299858.60000000 162041.00000000
1611752400000 1611766740000 4900.40000000 4827.40000000 4931.40000000 4775.40000000 2866145377.00000000 591309.00000000
1611738000000 1611752340000 4917.20000000 4900.00000000 4936.00000000 4883.80000000 887585304.00000000 180610.00000000
1611730800000 1611737940000 4909.20000000 4918.80000000 4937.00000000 4902.20000000 456216512.60000000 92763.00000000
1611680400000 1611694200000 4920.00000000 4898.20000000 4938.80000000 4889.00000000 366862380.20000000 74763.00000000
1611666000000 1611680340000 4939.00000000 4920.00000000 4958.00000000 4884.60000000 1835371270.80000000 373158.00000000
1611651600000 1611665940000 4968.20000000 4938.00000000 4975.40000000 4908.80000000 1097119042.00000000 222261.00000000
1611644400000 1611651540000 4941.80000000 4968.20000000 4984.00000000 4885.00000000 1766388841.00000000 357522.00000000
1611594000000 1611607800000 4918.80000000 4901.80000000 4923.80000000 4860.40000000 1651807830.80000000 337370.00000000
1611579600000 1611593940000 5063.00000000 4919.20000000 5089.00000000 4912.00000000 3203829894.60000000 641138.00000000
1611565200000 1611579540000 5057.80000000 5063.00000000 5082.20000000 5035.00000000 731681925.40000000 144615.00000000
1611558000000 1611565140000 5039.80000000 5058.00000000 5085.00000000 5020.00000000 632957430.80000000 125148.00000000
1611334800000 1611348600000 5015.20000000 5015.80000000 5049.00000000 5011.00000000 322235424.40000000 64126.00000000
1611320400000 1611334740000 5049.00000000 5015.00000000 5098.80000000 5010.00000000 1032734496.80000000 204800.00000000
1611306000000 1611320340000 5075.00000000 5047.20000000 5090.00000000 5041.40000000 881691223.40000000 174164.00000000
1611298800000 1611305940000 5028.60000000 5072.60000000 5094.00000000 5028.20000000 673573501.20000000 133086.00000000
1611248400000 1611262200000 5032.00000000 5069.00000000 5079.40000000 5020.00000000 360871249.60000000 71390.00000000
1611234000000 1611248340000 5064.00000000 5032.00000000 5159.00000000 5006.20000000 2236347871.60000000 440392.00000000
1611219600000 1611233940000 5042.00000000 5064.80000000 5094.00000000 5032.00000000 1025519249.60000000 202815.00000000
1611212400000 1611219540000 5130.20000000 5043.00000000 5167.00000000 5023.20000000 1575566385.60000000 308592.00000000
1611162000000 1611175800000 5089.00000000 5170.00000000 5178.00000000 5084.80000000 1157410280.80000000 225256.00000000
1611147600000 1611161940000 5011.80000000 5089.00000000 5090.00000000 4993.20000000 1857200844.80000000 368354.00000000
1611133200000 1611147540000 5038.00000000 5011.80000000 5040.00000000 5005.00000000 660399830.00000000 131601.00000000
1611126000000 1611133140000 5019.00000000 5039.60000000 5043.80000000 4985.00000000 465395223.00000000 92818.00000000
1611075600000 1611089400000 4997.00000000 5008.80000000 5019.80000000 4978.40000000 347971352.80000000 69588.00000000
1611061200000 1611075540000 5015.20000000 4996.80000000 5028.00000000 4965.40000000 1987715056.20000000 398116.00000000
1611046800000 1611061140000 5037.60000000 5015.20000000 5054.80000000 5010.20000000 500779100.80000000 99544.00000000
1611039600000 1611046740000 5055.80000000 5040.00000000 5069.80000000 5029.00000000 398442702.40000000 78999.00000000
1610989200000 1611003000000 5035.80000000 5043.60000000 5045.00000000 5020.40000000 73127496.20000000 14517.00000000
1610974800000 1610989140000 5014.60000000 5039.00000000 5054.40000000 4996.00000000 928784122.40000000 184861.00000000
1610960400000 1610974740000 5010.80000000 5013.60000000 5061.00000000 5001.40000000 811447274.00000000 161403.00000000
1610953200000 1610960340000 5002.00000000 5011.80000000 5037.20000000 4990.00000000 876194439.80000000 174837.00000000
1610730000000 1610743800000 5031.20000000 4998.00000000 5031.80000000 4988.80000000 563588341.60000000 112584.00000000
1610715600000 1610729940000 5109.60000000 5031.20000000 5127.40000000 5000.00000000 2061495478.00000000 408642.00000000
1610701200000 1610715540000 5105.40000000 5109.60000000 5119.60000000 5081.00000000 693014158.60000000 135823.00000000
1610694000000 1610701140000 5070.00000000 5105.40000000 5128.00000000 5063.40000000 689798116.00000000 135230.00000000
1610643600000 1610657400000 5036.40000000 5077.40000000 5091.60000000 5032.40000000 359661150.40000000 70985.00000000
1610629200000 1610643540000 5093.80000000 5036.40000000 5121.00000000 5006.00000000 2422959057.60000000 479567.00000000
1610614800000 1610629140000 5107.80000000 5093.60000000 5119.60000000 5078.00000000 499046222.00000000 97896.00000000
1610607600000 1610614740000 5098.00000000 5107.80000000 5132.40000000 5085.00000000 468523201.80000000 91771.00000000
1610557200000 1610571000000 5119.00000000 5079.80000000 5136.40000000 5070.20000000 432069043.60000000 84812.00000000
1610542800000 1610557140000 5124.40000000 5118.60000000 5133.00000000 5053.00000000 1184332556.00000000 232057.00000000
1610528400000 1610542740000 5121.00000000 5125.20000000 5161.60000000 5101.60000000 657038411.20000000 127955.00000000
1610521200000 1610528340000 5159.20000000 5121.00000000 5198.60000000 5113.00000000 567996349.00000000 110186.00000000
1610470800000 1610484600000 5128.00000000 5121.80000000 5146.00000000 5105.00000000 551464823.00000000 107747.00000000
1610456400000 1610470740000 5222.40000000 5129.20000000 5224.00000000 5100.20000000 1684654361.20000000 327062.00000000
1610442000000 1610456340000 5234.60000000 5221.80000000 5251.40000000 5207.00000000 427686695.80000000 81824.00000000
1610434800000 1610441940000 5222.20000000 5234.60000000 5270.00000000 5208.00000000 575611541.20000000 109736.00000000
1610384400000 1610398200000 5211.20000000 5214.20000000 5241.00000000 5205.20000000 356482778.60000000 68286.00000000
1610370000000 1610384340000 5288.00000000 5211.20000000 5303.00000000 5200.40000000 2364279130.20000000 450024.00000000
1610355600000 1610369940000 5267.80000000 5287.00000000 5291.60000000 5255.20000000 731261620.60000000 138650.00000000
1610348400000 1610355540000 5257.40000000 5268.20000000 5272.60000000 5212.80000000 720736923.60000000 137526.00000000
1610125200000 1610139000000 5290.00000000 5254.20000000 5300.00000000 5220.00000000 440518396.20000000 83810.00000000
1610110800000 1610125140000 5272.60000000 5290.00000000 5323.40000000 5255.00000000 2573132545.00000000 487036.00000000
1610096400000 1610110740000 5255.60000000 5272.60000000 5289.00000000 5230.00000000 854973594.60000000 162458.00000000
1610089200000 1610096340000 5230.00000000 5256.00000000 5294.60000000 5230.00000000 836304033.00000000 159018.00000000
1609952400000 1609966200000 5225.00000000 5188.80000000 5228.80000000 5150.00000000 699514136.80000000 134812.00000000
1609938000000 1609952340000 5214.60000000 5226.00000000 5261.60000000 5186.60000000 1255652482.00000000 240307.00000000
1609923600000 1609937940000 5208.80000000 5214.40000000 5249.00000000 5178.40000000 871671824.00000000 166910.00000000
1609916400000 1609923540000 5300.00000000 5205.40000000 5338.80000000 5201.00000000 1394098112.00000000 264663.00000000
1609866000000 1609879800000 5250.20000000 5340.40000000 5389.40000000 5247.00000000 911303436.80000000 170660.00000000
1609851600000 1609865940000 5215.20000000 5250.00000000 5291.00000000 5183.00000000 1699425136.00000000 323980.00000000
1609837200000 1609851540000 5193.00000000 5215.20000000 5218.00000000 5175.00000000 519805718.80000000 100077.00000000
1609830000000 1609837140000 5184.00000000 5193.00000000 5202.60000000 5141.00000000 477254292.80000000 92410.00000000
1609779600000 1609793400000 5146.40000000 5185.20000000 5193.00000000 5113.00000000 298563993.60000000 57976.00000000
1609765200000 1609779540000 5224.40000000 5147.20000000 5235.00000000 5125.60000000 1384528466.00000000 266353.00000000
1609750800000 1609765140000 5210.00000000 5224.20000000 5228.80000000 5192.80000000 414270053.80000000 79476.00000000
1609743600000 1609750740000 5187.80000000 5210.00000000 5213.60000000 5151.20000000 882565475.20000000 170288.00000000
1609347600000 1609361400000 5153.40000000 5167.00000000 5183.20000000 5145.00000000 317986927.60000000 61594.00000000
1609333200000 1609347540000 5051.60000000 5153.40000000 5174.00000000 5043.20000000 1570467326.20000000 306516.00000000
1609318800000 1609333140000 5054.60000000 5051.20000000 5056.00000000 5040.80000000 251334932.60000000 49770.00000000
1609311600000 1609318740000 5021.00000000 5054.60000000 5059.00000000 5006.40000000 293832319.20000000 58257.00000000
1609261200000 1609275000000 5041.40000000 5020.40000000 5043.00000000 5018.40000000 116170060.80000000 23102.00000000
1609246800000 1609261140000 5047.60000000 5041.20000000 5065.20000000 4996.00000000 936239523.60000000 186066.00000000
1609232400000 1609246740000 5056.00000000 5047.60000000 5058.60000000 5020.00000000 323441752.40000000 64128.00000000
1609225200000 1609232340000 5014.00000000 5056.00000000 5065.20000000 5014.00000000 346789553.00000000 68750.00000000
1609174800000 1609188600000 5003.40000000 5026.40000000 5027.40000000 5001.00000000 154400302.20000000 30799.00000000
1609160400000 1609174740000 5042.00000000 5001.20000000 5078.40000000 4986.20000000 944724834.60000000 188138.00000000
1609146000000 1609160340000 5046.80000000 5042.00000000 5057.00000000 5018.20000000 339773737.60000000 67528.00000000
1609138800000 1609145940000 5041.00000000 5046.80000000 5070.00000000 5035.20000000 257219608.00000000 50903.00000000
1608915600000 1608929400000 5041.00000000 5039.80000000 5047.80000000 5036.00000000 30471640.80000000 6044.00000000
1608901200000 1608915540000 5035.00000000 5039.00000000 5049.80000000 5032.00000000 117230187.40000000 23241.00000000
1608886800000 1608901140000 5019.20000000 5035.00000000 5044.20000000 5018.00000000 139624762.60000000 27753.00000000
1608879600000 1608886740000 5032.00000000 5019.80000000 5032.00000000 5002.00000000 171057146.40000000 34106.00000000
1608829200000 1608843000000 5004.20000000 5029.00000000 5040.00000000 5000.00000000 152818005.60000000 30474.00000000
1608814800000 1608829140000 5066.80000000 5005.00000000 5072.40000000 4990.40000000 909428376.60000000 180701.00000000
1608800400000 1608814740000 5092.00000000 5064.20000000 5098.00000000 5051.20000000 352042802.60000000 69389.00000000
1608793200000 1608800340000 5137.80000000 5093.80000000 5137.80000000 5082.40000000 279660733.20000000 54796.00000000
1608742800000 1608756600000 5127.60000000 5113.00000000 5149.80000000 5107.00000000 194867177.40000000 38031.00000000
1608728400000 1608742740000 5066.20000000 5129.00000000 5130.60000000 5061.00000000 733614738.20000000 143808.00000000
1608714000000 1608728340000 5058.20000000 5066.00000000 5085.00000000 5050.00000000 322006989.40000000 63527.00000000
1608706800000 1608713940000 5078.00000000 5058.20000000 5099.80000000 5041.40000000 534305266.20000000 105537.00000000
1608656400000 1608670200000 5046.40000000 5084.00000000 5095.00000000 5046.00000000 255624856.60000000 50359.00000000
1608642000000 1608656340000 5070.00000000 5048.20000000 5089.60000000 5020.40000000 742267156.60000000 146565.00000000
1608627600000 1608641940000 5056.60000000 5071.80000000 5087.20000000 5045.20000000 391644329.40000000 77333.00000000
1608620400000 1608627540000 5009.80000000 5058.60000000 5079.80000000 4982.00000000 755795626.20000000 150360.00000000
1608570000000 1608583800000 5026.20000000 5004.40000000 5030.00000000 4991.40000000 751279253.80000000 150051.00000000
1608555600000 1608569940000 5077.60000000 5026.20000000 5103.20000000 5021.00000000 1545411704.40000000 305405.00000000
1608541200000 1608555540000 5127.20000000 5078.40000000 5131.80000000 5054.40000000 1528066350.60000000 299644.00000000
1608534000000 1608541140000 5100.00000000 5128.00000000 5139.80000000 5083.60000000 608550646.20000000 119025.00000000
1608310800000 1608324600000 5147.00000000 5082.00000000 5174.00000000 5080.20000000 423399204.40000000 82694.00000000
1608296400000 1608310740000 5194.40000000 5147.00000000 5209.00000000 5113.80000000 2438369910.40000000 473615.00000000
1608282000000 1608296340000 5179.40000000 5194.40000000 5208.40000000 5171.80000000 433078997.40000000 83466.00000000
1608271380000 1608281940000 5193.90000000 5180.00000000 5199.00000000 5113.00000000 740106272.60000000 143211.00000000
1608224400000 1608238200000 5142.00000000 5145.40000000 5183.60000000 5140.20000000 197208000.40000000 38234.00000000
1608210000000 1608224340000 5246.80000000 5142.00000000 5283.60000000 5100.80000000 1970857642.60000000 377658.00000000
1608195600000 1608209940000 5183.00000000 5244.80000000 5272.00000000 5169.00000000 2051721714.40000000 391727.00000000
1608188400000 1608195540000 5182.00000000 5184.40000000 5197.80000000 5163.80000000 594996110.80000000 114927.00000000
1608138000000 1608151800000 5177.20000000 5198.00000000 5200.00000000 5160.80000000 258160513.00000000 49816.00000000
1608123600000 1608137940000 5114.20000000 5176.80000000 5204.80000000 5091.40000000 1485639242.20000000 288318.00000000
1608109200000 1608123540000 5080.60000000 5114.20000000 5129.60000000 5080.00000000 691888592.20000000 135539.00000000
1608102000000 1608109140000 5076.00000000 5080.60000000 5089.80000000 5050.00000000 318401813.20000000 62779.00000000
1608051600000 1608065400000 5054.80000000 5050.00000000 5070.00000000 5025.20000000 227078878.60000000 45008.00000000
1608037200000 1608051540000 5065.60000000 5056.00000000 5109.40000000 5020.00000000 1129710193.20000000 223048.00000000
1608022800000 1608037140000 5069.60000000 5065.60000000 5089.60000000 5046.00000000 312577633.80000000 61672.00000000
1608015600000 1608022740000 5058.80000000 5069.00000000 5070.00000000 5015.00000000 280679092.00000000 55627.00000000
1607965200000 1607979000000 5050.60000000 5040.00000000 5078.80000000 5015.00000000 295067424.40000000 58496.00000000
1607950800000 1607965140000 5132.00000000 5051.20000000 5140.00000000 5010.20000000 1149711812.40000000 226196.00000000
1607936400000 1607950740000 5108.00000000 5132.00000000 5150.00000000 5093.00000000 518097007.60000000 101146.00000000
1607929200000 1607936340000 5161.00000000 5108.20000000 5161.00000000 5088.20000000 1057510934.00000000 206952.00000000
1607706000000 1607719800000 5147.40000000 5124.00000000 5155.00000000 5124.00000000 128871057.40000000 25072.00000000
1607691600000 1607705940000 5102.40000000 5144.40000000 5167.20000000 5092.20000000 1177551556.60000000 229262.00000000
1607677200000 1607691540000 5114.60000000 5102.40000000 5154.20000000 5092.80000000 477776928.00000000 93282.00000000
1607670000000 1607677140000 5140.60000000 5114.40000000 5194.00000000 5102.00000000 753424874.80000000 146368.00000000
1607619600000 1607633400000 5123.80000000 5169.20000000 5189.80000000 5115.60000000 491606236.80000000 95303.00000000
1607605200000 1607619540000 5083.00000000 5121.00000000 5134.80000000 4990.60000000 2185512732.60000000 430926.00000000
1607590800000 1607605140000 5103.20000000 5084.40000000 5144.00000000 5065.60000000 685591453.00000000 134270.00000000
1607583600000 1607590740000 5119.60000000 5103.80000000 5149.00000000 5081.40000000 500842616.20000000 97863.00000000
1607533200000 1607547000000 5165.00000000 5094.00000000 5166.60000000 5051.40000000 727622032.20000000 142755.00000000
1607518800000 1607533140000 5152.40000000 5165.00000000 5230.80000000 5120.80000000 1654717098.80000000 319883.00000000
1607504400000 1607518740000 5060.00000000 5153.80000000 5185.00000000 5045.40000000 1566180442.60000000 304895.00000000
1607497200000 1607504340000 5063.40000000 5058.60000000 5127.60000000 5040.00000000 1027533979.40000000 202085.00000000
1607446800000 1607460600000 5045.20000000 5066.40000000 5077.80000000 5026.60000000 266036304.40000000 52655.00000000
1607432400000 1607446740000 5013.80000000 5045.20000000 5073.20000000 4952.60000000 2350914470.60000000 468431.00000000
1607418000000 1607432340000 5041.00000000 5013.80000000 5043.00000000 4986.80000000 639009885.40000000 127636.00000000
1607410800000 1607417940000 5009.60000000 5041.40000000 5063.00000000 4968.00000000 625895586.00000000 124907.00000000
1607360400000 1607374200000 4994.80000000 5002.20000000 5007.80000000 4976.20000000 225315002.80000000 45113.00000000
1607346000000 1607360340000 5109.40000000 4994.80000000 5109.80000000 4962.60000000 1932163221.80000000 385075.00000000
1607331600000 1607345940000 5020.40000000 5110.00000000 5113.20000000 5010.00000000 647055504.00000000 128035.00000000
1607324400000 1607331540000 5065.40000000 5022.80000000 5085.00000000 5006.00000000 880018298.20000000 174683.00000000
1607101200000 1607115000000 5096.00000000 5065.20000000 5097.40000000 5065.00000000 417256719.20000000 82186.00000000
1607086800000 1607101140000 5101.20000000 5096.00000000 5110.80000000 5055.40000000 1404549422.40000000 276045.00000000
1607072400000 1607086740000 5115.40000000 5102.20000000 5134.00000000 5080.40000000 1323303910.20000000 258974.00000000
1607065200000 1607072340000 5185.00000000 5115.20000000 5228.00000000 5074.40000000 1011201658.00000000 196071.00000000
1607014800000 1607028600000 5160.60000000 5166.00000000 5185.40000000 5143.40000000 212489034.20000000 41152.00000000
1607000400000 1607014740000 5166.00000000 5162.80000000 5188.80000000 5136.20000000 1405172835.00000000 272108.00000000
1606986000000 1607000340000 5226.00000000 5165.00000000 5241.60000000 5155.20000000 565044119.40000000 108808.00000000
1606978800000 1606985940000 5211.40000000 5226.00000000 5245.00000000 5193.00000000 532351320.20000000 101921.00000000
1606928400000 1606942200000 5199.00000000 5193.60000000 5212.40000000 5185.00000000 359277104.00000000 69131.00000000
1606914000000 1606928340000 5273.20000000 5199.40000000 5295.60000000 5180.20000000 2025161766.40000000 387778.00000000
1606899600000 1606913940000 5297.40000000 5274.00000000 5322.00000000 5238.00000000 1278692434.20000000 242718.00000000
1606892400000 1606899540000 5309.00000000 5297.40000000 5327.20000000 5273.80000000 451114482.40000000 85191.00000000
1606842000000 1606855800000 5300.60000000 5310.40000000 5318.00000000 5284.80000000 267207778.40000000 50394.00000000
1606827600000 1606841940000 5326.00000000 5297.40000000 5380.00000000 5240.40000000 3675145638.40000000 692712.00000000
1606813200000 1606827540000 5376.60000000 5324.40000000 5380.00000000 5288.20000000 1271042982.00000000 238596.00000000
1606806000000 1606813140000 5308.20000000 5376.00000000 5389.60000000 5300.00000000 1255956509.80000000 234537.00000000
1606755600000 1606769400000 5280.20000000 5278.00000000 5319.00000000 5273.20000000 432982627.80000000 81828.00000000
1606741200000 1606755540000 5279.40000000 5280.20000000 5418.40000000 5242.20000000 13756205574.80000000 2578375.00000000
1606726800000 1606741140000 5118.40000000 5276.80000000 5344.40000000 5088.80000000 3868468694.40000000 741056.00000000
1606719600000 1606726740000 5099.80000000 5119.60000000 5132.00000000 5065.20000000 758776540.20000000 148615.00000000
1606496400000 1606510200000 5075.60000000 5115.00000000 5125.00000000 5058.00000000 496687582.60000000 97518.00000000
1606482000000 1606496340000 5050.00000000 5075.00000000 5170.00000000 5040.00000000 2256383620.80000000 442084.00000000
1606481400000 1606481940000 5052.00000000 5051.00000000 5055.00000000 5028.80000000 108765153.60000000 21574.00000000
1606467600000 1606481340000 4984.20000000 5053.00000000 5089.80000000 4983.80000000 1701114579.00000000 337028.00000000
1606460400000 1606467540000 5007.00000000 4983.80000000 5010.00000000 4970.20000000 442208592.60000000 88617.00000000
1606410000000 1606423800000 5010.00000000 4985.20000000 5015.00000000 4978.00000000 198455995.80000000 39764.00000000
1606395600000 1606409940000 4953.20000000 5011.60000000 5034.80000000 4953.00000000 1309914057.60000000 262199.00000000
1606381200000 1606395540000 4926.00000000 4954.80000000 4986.00000000 4915.80000000 848897875.20000000 171439.00000000
1606374000000 1606381140000 4940.00000000 4927.00000000 4980.00000000 4919.00000000 729652150.80000000 147415.00000000
1606323600000 1606337400000 4923.40000000 4946.00000000 4960.00000000 4916.00000000 521096283.80000000 105449.00000000
1606309200000 1606323540000 4904.00000000 4924.60000000 4939.80000000 4893.20000000 1236038623.60000000 251170.00000000
1606294800000 1606309140000 4893.20000000 4904.00000000 4912.80000000 4846.00000000 1041525317.00000000 213435.00000000
1606287600000 1606294740000 4950.20000000 4891.60000000 4960.00000000 4856.40000000 1309827247.20000000 266794.00000000
1606237200000 1606251000000 4898.00000000 4935.80000000 4940.00000000 4871.80000000 714903213.20000000 145902.00000000
1606222800000 1606237140000 4826.60000000 4898.00000000 4966.60000000 4818.00000000 4446759773.80000000 908142.00000000
1606208400000 1606222740000 4718.00000000 4827.00000000 4841.00000000 4715.00000000 1754818784.20000000 367145.00000000
1606201200000 1606208340000 4711.00000000 4717.80000000 4743.00000000 4695.40000000 451549821.20000000 95664.00000000
1606150800000 1606164600000 4695.00000000 4687.60000000 4704.00000000 4680.00000000 318063796.80000000 67807.00000000
1606136400000 1606150740000 4779.00000000 4695.00000000 4779.20000000 4690.00000000 1789350858.80000000 378905.00000000
1606122000000 1606136340000 4765.00000000 4779.40000000 4783.00000000 4755.00000000 502021466.00000000 105276.00000000
1606114800000 1606121940000 4750.00000000 4765.00000000 4776.40000000 4746.20000000 286423531.40000000 60117.00000000
1605891600000 1605905400000 4771.20000000 4745.60000000 4782.80000000 4743.00000000 148747460.40000000 31272.00000000
1605877200000 1605891540000 4768.40000000 4773.60000000 4791.00000000 4739.20000000 585112533.20000000 122814.00000000
1605862800000 1605877140000 4753.00000000 4768.40000000 4792.80000000 4740.00000000 568171456.80000000 119171.00000000
1605855600000 1605862740000 4743.60000000 4753.00000000 4754.00000000 4720.00000000 292708943.00000000 61836.00000000
1605805200000 1605819000000 4703.00000000 4742.60000000 4755.00000000 4701.60000000 343987167.00000000 72673.00000000
1605790800000 1605805140000 4719.40000000 4703.20000000 4725.40000000 4678.00000000 707861241.60000000 150480.00000000
1605776400000 1605790740000 4689.40000000 4721.00000000 4729.80000000 4678.20000000 365664427.60000000 77711.00000000
1605769200000 1605776340000 4696.00000000 4688.00000000 4726.40000000 4685.00000000 244147762.60000000 51852.00000000
1605718800000 1605732600000 4692.00000000 4691.20000000 4716.80000000 4685.00000000 206832121.60000000 43998.00000000
1605704400000 1605718740000 4687.60000000 4689.40000000 4750.00000000 4673.20000000 1275470058.20000000 270946.00000000
1605690000000 1605704340000 4693.00000000 4686.20000000 4709.60000000 4670.00000000 481914060.40000000 102633.00000000
1605682800000 1605689940000 4672.00000000 4693.00000000 4699.00000000 4641.20000000 404575549.80000000 86638.00000000
1605632400000 1605646200000 4656.40000000 4680.00000000 4680.60000000 4632.00000000 434408959.60000000 93417.00000000
1605618000000 1605632340000 4731.00000000 4656.60000000 4731.00000000 4650.00000000 1034242042.20000000 220733.00000000
1605603600000 1605617940000 4737.00000000 4731.20000000 4753.00000000 4717.00000000 339411310.20000000 71702.00000000
1605596400000 1605603540000 4738.00000000 4737.00000000 4765.00000000 4727.80000000 372242623.00000000 78418.00000000
1605546000000 1605559800000 4742.40000000 4735.20000000 4760.00000000 4707.00000000 480138856.60000000 101681.00000000
1605531600000 1605545940000 4760.80000000 4742.40000000 4772.20000000 4705.20000000 1184063359.80000000 249857.00000000
1605517200000 1605531540000 4778.60000000 4760.60000000 4796.40000000 4756.60000000 763172647.80000000 159753.00000000
1605510000000 1605517140000 4805.20000000 4777.00000000 4839.80000000 4765.00000000 856762126.00000000 178252.00000000
1605286800000 1605300600000 4773.00000000 4799.00000000 4799.80000000 4761.00000000 250492862.40000000 52431.00000000
1605272400000 1605286740000 4760.20000000 4773.20000000 4789.00000000 4750.60000000 736334259.60000000 154241.00000000
1605258000000 1605272340000 4759.80000000 4758.40000000 4778.00000000 4753.40000000 404891371.20000000 84973.00000000
1605250800000 1605257940000 4748.80000000 4757.60000000 4780.00000000 4732.00000000 430129001.00000000 90346.00000000
1605200400000 1605214200000 4750.00000000 4718.80000000 4753.00000000 4713.00000000 289534297.80000000 61235.00000000
1605186000000 1605200340000 4755.20000000 4750.80000000 4775.00000000 4731.80000000 1066145798.40000000 224080.00000000
1605171600000 1605185940000 4707.20000000 4757.40000000 4769.00000000 4703.00000000 1093461689.40000000 230679.00000000
1605164400000 1605171540000 4708.80000000 4708.40000000 4745.00000000 4705.00000000 373388054.20000000 79011.00000000
1605114000000 1605127800000 4735.80000000 4724.80000000 4739.60000000 4685.80000000 349675910.60000000 74302.00000000
1605099600000 1605113940000 4755.40000000 4738.00000000 4769.20000000 4666.20000000 4398126467.00000000 932966.00000000
1605085200000 1605099540000 4755.60000000 4756.80000000 4813.60000000 4733.80000000 1635310639.00000000 342772.00000000
1605081720000 1605085140000 4752.80000000 4755.40000000 4768.00000000 4739.80000000 424947550.60000000 89397.00000000
1605078000000 1605081660000 4726.60000000 4750.00000000 4779.80000000 4694.60000000 908434599.40000000 191530.00000000
1605027600000 1605041400000 4783.60000000 4696.00000000 4799.80000000 4696.00000000 1296480621.60000000 274055.00000000
1605013200000 1605027540000 4866.20000000 4783.60000000 4880.00000000 4715.80000000 3526988326.20000000 734973.00000000
1604998800000 1605013140000 4948.00000000 4866.20000000 4950.00000000 4837.60000000 2342976771.60000000 478999.00000000
1604991600000 1604998740000 4975.00000000 4946.80000000 4986.00000000 4920.00000000 794473094.00000000 160215.00000000
1604941200000 1604955000000 5044.20000000 4985.40000000 5045.00000000 4981.80000000 450855845.80000000 89833.00000000
1604926800000 1604941140000 4990.60000000 5044.60000000 5068.00000000 4933.40000000 3830769699.00000000 767638.00000000
1604912400000 1604926740000 4988.60000000 4990.00000000 5077.80000000 4964.20000000 3154019831.00000000 629190.00000000
1604905200000 1604912340000 4988.80000000 4989.80000000 5049.80000000 4964.20000000 1724569542.80000000 344486.00000000
1604682000000 1604695800000 4880.80000000 4927.00000000 4934.40000000 4878.40000000 555021167.00000000 113066.00000000
1604667600000 1604681940000 4817.20000000 4880.20000000 4905.00000000 4815.00000000 2169630773.40000000 444852.00000000
1604653200000 1604667540000 4805.20000000 4817.60000000 4838.60000000 4787.00000000 1071641140.20000000 222653.00000000
1604646000000 1604653140000 4831.60000000 4805.20000000 4850.80000000 4780.00000000 1172617793.00000000 243522.00000000
1604595600000 1604609400000 4827.40000000 4854.80000000 4857.00000000 4802.00000000 590243485.00000000 122168.00000000
1604581200000 1604595540000 4802.40000000 4825.00000000 4867.00000000 4767.80000000 2367788505.20000000 491511.00000000
1604566800000 1604581140000 4759.00000000 4802.40000000 4819.00000000 4732.40000000 2051328249.80000000 428505.00000000
1604559600000 1604566740000 4765.40000000 4759.00000000 4788.40000000 4710.20000000 2158429174.60000000 455127.00000000
1604422800000 1604436600000 4567.40000000 4591.00000000 4595.40000000 4564.20000000 204874661.00000000 44702.00000000
1604408400000 1604422740000 4552.00000000 4565.00000000 4605.60000000 4536.00000000 1498635314.80000000 327344.00000000
1604394000000 1604408340000 4617.40000000 4552.20000000 4621.00000000 4542.60000000 1561415580.20000000 341334.00000000
1604386800000 1604393940000 4602.00000000 4617.00000000 4627.80000000 4575.80000000 667637027.20000000 144776.00000000
1604336400000 1604350200000 4603.20000000 4589.20000000 4609.00000000 4563.20000000 595897678.60000000 130028.00000000
1604322000000 1604336340000 4620.80000000 4602.00000000 4685.00000000 4585.00000000 1856112415.60000000 400045.00000000
1604307600000 1604321940000 4581.40000000 4619.80000000 4632.00000000 4581.40000000 902550513.40000000 195749.00000000
1604300400000 1604307540000 4560.00000000 4581.60000000 4588.00000000 4543.40000000 536949975.40000000 117593.00000000
1604077200000 1604091000000 4522.00000000 4561.00000000 4575.00000000 4521.80000000 345583546.60000000 76024.00000000
1604062800000 1604077080000 4566.20000000 4521.40000000 4573.00000000 4518.00000000 997041388.00000000 219519.00000000
1604048400000 1604062740000 4549.20000000 4566.00000000 4588.40000000 4545.40000000 559145258.80000000 122405.00000000
1604041200000 1604048340000 4597.60000000 4549.40000000 4619.60000000 4515.00000000 1064099045.60000000 233703.00000000
1603990800000 1604004600000 4605.00000000 4637.20000000 4655.00000000 4602.80000000 455450539.40000000 98160.00000000
1603976400000 1603990740000 4620.80000000 4605.00000000 4640.00000000 4585.00000000 1723994673.00000000 374168.00000000
1603962000000 1603976340000 4602.80000000 4620.60000000 4655.00000000 4584.40000000 1277490124.60000000 276462.00000000
1603954800000 1603961940000 4600.00000000 4603.00000000 4642.80000000 4584.40000000 1133483263.60000000 245626.00000000
1603904400000 1603918200000 4551.60000000 4586.00000000 4618.20000000 4550.40000000 792012417.40000000 172468.00000000
1603890000000 1603904340000 4530.00000000 4552.80000000 4588.00000000 4507.80000000 2283648812.40000000 502508.00000000
1603875600000 1603889940000 4536.60000000 4528.80000000 4583.00000000 4500.00000000 1858297498.60000000 410035.00000000
1603868400000 1603875540000 4590.00000000 4537.40000000 4637.00000000 4522.20000000 1361085486.00000000 297345.00000000
1603818000000 1603831800000 4588.20000000 4600.80000000 4623.00000000 4567.00000000 521455746.40000000 113317.00000000
1603803600000 1603817940000 4502.40000000 4589.60000000 4607.00000000 4487.40000000 2120345487.00000000 465007.00000000
1603789200000 1603803540000 4498.00000000 4501.40000000 4524.40000000 4484.00000000 579246228.80000000 128513.00000000
1603782000000 1603789140000 4499.80000000 4499.80000000 4548.80000000 4475.60000000 855997954.00000000 189749.00000000
1603731600000 1603745400000 4466.80000000 4504.00000000 4520.00000000 4456.00000000 597916626.60000000 133175.00000000
1603717200000 1603731540000 4473.00000000 4464.40000000 4497.40000000 4450.20000000 1012872647.20000000 226566.00000000
1603702800000 1603717140000 4475.60000000 4472.00000000 4494.80000000 4465.00000000 304536883.80000000 67966.00000000
1603695600000 1603702740000 4499.80000000 4475.60000000 4540.60000000 4460.20000000 880590765.00000000 196072.00000000
1603472460000 1603486200000 4468.60000000 4523.20000000 4529.80000000 4466.80000000 494250478.80000000 109758.00000000
1603458000000 1603472340000 4471.60000000 4467.80000000 4510.00000000 4444.80000000 1622927181.60000000 362761.00000000
1603443600000 1603457940000 4467.40000000 4471.00000000 4495.60000000 4446.00000000 628636829.60000000 140600.00000000
1603436400000 1603443540000 4441.00000000 4468.60000000 4492.00000000 4435.20000000 684716144.40000000 153179.00000000
1603386000000 1603399800000 4416.80000000 4455.00000000 4460.00000000 4410.60000000 538548118.40000000 121486.00000000
1603385940000 1603385940000 4417.60000000 4418.00000000 4418.00000000 4415.20000000 2641294.40000000 598.00000000
1603371600000 1603385880000 4495.60000000 4415.20000000 4496.40000000 4373.00000000 2922113688.80000000 659999.00000000
1603357200000 1603371540000 4473.20000000 4495.00000000 4508.60000000 4421.00000000 1447370274.60000000 323656.00000000
1603350000000 1603357140000 4400.00000000 4472.40000000 4488.00000000 4390.00000000 1695560032.40000000 382003.00000000
1603299600000 1603313400000 4375.00000000 4410.20000000 4421.20000000 4371.60000000 494847654.40000000 112497.00000000
1603285200000 1603299540000 4284.20000000 4375.00000000 4440.00000000 4276.60000000 4901324285.80000000 1117099.00000000
1603270800000 1603285140000 4309.60000000 4284.80000000 4326.80000000 4263.60000000 1304706467.20000000 303627.00000000
1603263600000 1603270740000 4352.80000000 4308.20000000 4361.80000000 4300.00000000 1386857442.80000000 321200.00000000
1603213200000 1603227000000 4374.40000000 4340.00000000 4380.80000000 4311.40000000 1301008986.40000000 299282.00000000
1603198800000 1603213140000 4471.00000000 4374.60000000 4486.20000000 4358.00000000 2999708949.20000000 679939.00000000
1603184400000 1603198740000 4478.20000000 4469.80000000 4492.00000000 4450.00000000 969906080.80000000 216858.00000000
1603177200000 1603184340000 4465.00000000 4479.80000000 4494.00000000 4431.20000000 1323651362.20000000 296278.00000000
1603126800000 1603140600000 4528.40000000 4457.00000000 4531.40000000 4427.20000000 1504895454.40000000 336614.00000000
1603112400000 1603126740000 4490.40000000 4529.20000000 4559.00000000 4485.00000000 2052413846.60000000 453326.00000000
1603098000000 1603112340000 4549.00000000 4490.40000000 4562.80000000 4478.40000000 1443366830.20000000 319352.00000000
1603090800000 1603097940000 4551.80000000 4549.20000000 4571.80000000 4490.00000000 1432107195.20000000 315936.00000000
1602867600000 1602881400000 4617.80000000 4530.00000000 4619.80000000 4503.00000000 2155915049.40000000 474312.00000000
1602853200000 1602867540000 4666.20000000 4616.20000000 4695.00000000 4610.00000000 2367097088.60000000 509155.00000000
1602838800000 1602853140000 4721.80000000 4666.20000000 4725.80000000 4560.20000000 5181179878.00000000 1116541.00000000
1602831600000 1602838740000 4754.00000000 4721.00000000 4779.80000000 4715.20000000 649475680.20000000 137015.00000000
1602781200000 1602795000000 4726.00000000 4754.40000000 4779.60000000 4710.00000000 639484097.80000000 134880.00000000
1602766800000 1602781140000 4725.20000000 4726.00000000 4737.40000000 4677.00000000 2031940449.00000000 431239.00000000
1602752400000 1602766740000 4754.60000000 4725.20000000 4772.00000000 4708.00000000 1128989070.80000000 238192.00000000
1602745200000 1602752340000 4755.40000000 4755.00000000 4780.00000000 4730.80000000 986289960.60000000 207620.00000000
1602694800000 1602708600000 4802.00000000 4772.00000000 4810.00000000 4752.00000000 656833282.00000000 137401.00000000
1602680400000 1602694740000 4866.60000000 4805.00000000 4877.00000000 4795.00000000 2052186155.00000000 425205.00000000
1602666000000 1602680340000 4872.80000000 4866.80000000 4879.00000000 4816.40000000 917480816.20000000 189251.00000000
1602658800000 1602665940000 4845.20000000 4871.40000000 4885.40000000 4828.40000000 565069040.20000000 116096.00000000
1602608400000 1602622200000 4825.40000000 4838.80000000 4855.00000000 4813.80000000 454627700.00000000 93997.00000000
1602594000000 1602608340000 4802.00000000 4826.80000000 4828.80000000 4780.00000000 1922168883.40000000 400011.00000000
1602579600000 1602593940000 4806.40000000 4801.60000000 4849.00000000 4789.00000000 2679662215.00000000 556130.00000000
1602572400000 1602579540000 4750.40000000 4806.40000000 4810.00000000 4736.80000000 818994333.40000000 171485.00000000
1602522000000 1602535800000 4736.00000000 4759.80000000 4767.60000000 4734.20000000 385613797.00000000 81107.00000000
1602507600000 1602521940000 4754.00000000 4735.00000000 4769.00000000 4705.00000000 1772575199.20000000 373753.00000000
1602493200000 1602507540000 4776.60000000 4754.00000000 4791.80000000 4733.00000000 1307832203.20000000 274374.00000000
1602486000000 1602493140000 4697.80000000 4779.40000000 4794.00000000 4685.00000000 1119699451.00000000 235609.00000000
1602262800000 1602276600000 4664.40000000 4683.00000000 4696.80000000 4657.00000000 503878919.80000000 107726.00000000
1602248400000 1602262740000 4697.00000000 4664.80000000 4766.00000000 4656.60000000 2103851685.40000000 445448.00000000
1602234000000 1602248340000 4644.00000000 4697.00000000 4710.00000000 4620.80000000 1367335818.20000000 293798.00000000
1602226800000 1602233940000 4732.20000000 4643.00000000 4732.20000000 4633.60000000 1147095147.00000000 245741.00000000
1602176400000 1602190200000 4727.00000000 4714.60000000 4728.00000000 4690.20000000 698529415.80000000 148449.00000000
1602162000000 1602176340000 4793.00000000 4727.00000000 4795.80000000 4700.00000000 2279813394.80000000 481207.00000000
1602147600000 1602161940000 4802.00000000 4793.60000000 4809.40000000 4781.00000000 648676569.80000000 135206.00000000
1602140400000 1602147540000 4804.00000000 4802.00000000 4816.60000000 4771.00000000 670938341.60000000 139906.00000000
1602090000000 1602103800000 4763.60000000 4779.40000000 4779.80000000 4740.00000000 539570613.40000000 113380.00000000
1602075600000 1602089940000 4874.20000000 4761.20000000 4874.80000000 4743.60000000 2521729169.60000000 526449.00000000
1602061200000 1602075540000 4863.00000000 4874.20000000 4890.20000000 4848.00000000 771542042.00000000 158495.00000000
1602054000000 1602061140000 4891.80000000 4863.00000000 4902.80000000 4838.00000000 886298500.80000000 182253.00000000
1602003600000 1602017400000 4922.80000000 4869.00000000 4930.00000000 4833.40000000 1120107664.20000000 229517.00000000
1601989200000 1602003540000 4980.00000000 4920.20000000 4995.00000000 4904.00000000 2452525466.00000000 494558.00000000
1601974800000 1601989140000 4968.60000000 4980.00000000 4988.40000000 4942.40000000 928607665.80000000 186872.00000000
1601967600000 1601974740000 4992.00000000 4968.60000000 4999.20000000 4953.00000000 487892726.60000000 98026.00000000
1601917200000 1601931000000 4977.80000000 4980.00000000 4991.00000000 4950.40000000 389629895.60000000 78394.00000000
1601902800000 1601917140000 4924.20000000 4977.20000000 5010.00000000 4893.80000000 1968477189.00000000 397450.00000000
1601888400000 1601902740000 4898.00000000 4923.80000000 4933.80000000 4881.00000000 605206586.40000000 123241.00000000
1601881200000 1601888340000 4938.00000000 4896.20000000 4953.60000000 4872.20000000 1060091344.00000000 215723.00000000
1601658000000 1601671800000 4918.00000000 4907.00000000 4919.60000000 4880.80000000 613816015.20000000 125307.00000000
1601643600000 1601657940000 4885.40000000 4919.00000000 4988.60000000 4879.00000000 2912554005.60000000 588994.00000000
1601629200000 1601643540000 4889.60000000 4885.40000000 4909.80000000 4857.40000000 1096759112.60000000 224558.00000000
1601622000000 1601629140000 4908.00000000 4889.60000000 4917.00000000 4844.80000000 1268101813.00000000 259467.00000000
1601571600000 1601585400000 4940.20000000 4928.80000000 4945.00000000 4910.00000000 538735000.00000000 109350.00000000
1601557200000 1601571540000 5087.00000000 4942.60000000 5090.60000000 4902.00000000 3485825103.20000000 699986.00000000
1601542800000 1601557140000 5078.00000000 5086.40000000 5108.60000000 5071.00000000 1097483386.00000000 215539.00000000
1601535600000 1601542740000 5070.00000000 5078.60000000 5099.80000000 5052.60000000 925923169.80000000 182222.00000000
1601485200000 1601499000000 5066.20000000 5062.00000000 5085.00000000 5050.00000000 379127084.80000000 74835.00000000
1601470800000 1601485140000 5066.80000000 5066.80000000 5080.20000000 5036.00000000 1213645771.80000000 239922.00000000
1601456400000 1601470740000 5046.40000000 5066.80000000 5093.80000000 5022.40000000 780472090.80000000 154095.00000000
1601449200000 1601456340000 5078.40000000 5049.40000000 5106.80000000 5032.00000000 1192344114.40000000 235455.00000000
1601398800000 1601412600000 5088.40000000 5095.00000000 5110.00000000 5080.00000000 438325062.60000000 86025.00000000
1601384400000 1601398740000 5042.60000000 5088.40000000 5115.00000000 5014.00000000 2229989936.80000000 438807.00000000
1601370000000 1601384340000 5038.20000000 5042.60000000 5079.00000000 5008.60000000 1255246664.20000000 248833.00000000
1601362800000 1601369940000 5071.00000000 5038.20000000 5131.00000000 4940.00000000 3572141692.00000000 709524.00000000
1601312400000 1601326200000 5060.00000000 5080.00000000 5093.60000000 5057.40000000 1025902169.80000000 201910.00000000
1601298000000 1601312340000 5097.00000000 5060.00000000 5105.00000000 5021.40000000 2696703729.40000000 532782.00000000
1601283600000 1601297940000 5027.60000000 5098.40000000 5119.80000000 5009.80000000 2888799878.20000000 569578.00000000
1601276400000 1601283540000 4958.00000000 5026.80000000 5047.60000000 4941.80000000 2267627104.80000000 452653.00000000
1601053200000 1601067000000 4903.00000000 4934.00000000 4959.80000000 4898.80000000 1051722635.40000000 213015.00000000
1601038800000 1601053140000 4843.60000000 4904.40000000 4931.20000000 4788.00000000 4169876252.60000000 856137.00000000
1601024400000 1601038740000 4738.40000000 4841.60000000 4875.60000000 4721.00000000 1913583544.20000000 401438.00000000
1601017200000 1601024340000 4800.00000000 4739.80000000 4819.60000000 4710.00000000 1720709015.60000000 361006.00000000
1600966800000 1600980600000 4849.00000000 4775.00000000 4868.00000000 4763.40000000 1570884901.00000000 327220.00000000
1600952400000 1600966740000 4875.20000000 4848.00000000 4931.00000000 4825.20000000 5685535845.20000000 1169344.00000000
1600938000000 1600952340000 4883.00000000 4875.20000000 4970.00000000 4872.00000000 2837285549.20000000 576625.00000000
1600930800000 1600937940000 5016.60000000 4882.60000000 5045.80000000 4828.00000000 4262542028.60000000 867457.00000000
1600880400000 1600894200000 5054.00000000 5008.60000000 5093.00000000 4970.20000000 2208304406.00000000 439419.00000000
1600866000000 1600880340000 5268.20000000 5054.00000000 5348.80000000 4941.60000000 16521983098.60000000 3228045.00000000
1600851600000 1600865940000 5468.80000000 5269.80000000 5653.20000000 5232.60000000 22192948355.40000000 4114190.00000000
1600844400000 1600851540000 4980.80000000 5464.00000000 5498.80000000 4960.20000000 27467264984.20000000 5271989.00000000
1600794000000 1600807800000 4706.60000000 4900.00000000 4900.00000000 4645.80000000 6347061201.60000000 1329054.00000000
1600779600000 1600793940000 4584.00000000 4708.00000000 4728.80000000 4490.00000000 4537684785.00000000 984390.00000000
1600765200000 1600779540000 4605.00000000 4584.00000000 4620.00000000 4563.20000000 2079931444.80000000 453139.00000000
1600758000000 1600765140000 4534.00000000 4603.20000000 4609.80000000 4494.00000000 1508774550.60000000 331720.00000000
1600707600000 1600721400000 4512.00000000 4527.80000000 4533.60000000 4495.20000000 402071668.40000000 89077.00000000
1600693200000 1600707540000 4534.00000000 4510.60000000 4550.00000000 4488.20000000 2245372775.80000000 496690.00000000
1600678800000 1600693140000 4526.00000000 4533.00000000 4565.40000000 4502.20000000 1030099604.00000000 227234.00000000
1600671600000 1600678740000 4627.00000000 4527.80000000 4627.00000000 4520.00000000 866709983.40000000 189945.00000000
1600448400000 1600462200000 4564.40000000 4628.00000000 4639.80000000 4552.00000000 527742591.40000000 114692.00000000
1600434000000 1600448340000 4594.20000000 4564.60000000 4643.60000000 4561.00000000 2383802410.40000000 517791.00000000
1600419600000 1600433940000 4573.00000000 4592.60000000 4622.00000000 4568.20000000 831506670.60000000 180904.00000000
1600409280000 1600419540000 4562.60000000 4570.80000000 4628.00000000 4553.00000000 1464757018.40000000 319661.00000000
1600375020000 1600375800000 4581.80000000 4595.00000000 4595.00000000 4581.00000000 26423364.40000000 5757.00000000
1600362000000 1600374960000 4543.00000000 4581.80000000 4586.60000000 4535.20000000 262817059.20000000 57671.00000000
1600347600000 1600361940000 4551.40000000 4543.20000000 4578.00000000 4483.40000000 4094413548.00000000 902597.00000000
1600333200000 1600347540000 4553.00000000 4551.40000000 4578.00000000 4540.00000000 1461639993.80000000 320571.00000000
1600326000000 1600333140000 4606.80000000 4553.00000000 4614.00000000 4540.00000000 1612958645.80000000 353164.00000000
1600275600000 1600289400000 4660.00000000 4637.00000000 4669.80000000 4608.00000000 626992271.20000000 135202.00000000
1600261200000 1600275540000 4658.60000000 4659.40000000 4670.00000000 4616.00000000 1358898421.60000000 292592.00000000
1600246800000 1600261140000 4683.60000000 4659.20000000 4701.80000000 4630.20000000 1245864094.80000000 267698.00000000
1600239600000 1600246740000 4704.60000000 4686.00000000 4719.60000000 4643.00000000 945142749.00000000 201864.00000000
1600189200000 1600203000000 4677.80000000 4685.80000000 4686.20000000 4656.00000000 892586794.60000000 191136.00000000
1600174800000 1600189140000 4808.00000000 4677.80000000 4815.00000000 4660.00000000 4256755664.60000000 899509.00000000
1600160400000 1600174740000 4754.00000000 4807.20000000 4836.80000000 4746.80000000 2287576273.60000000 477608.00000000
1600153200000 1600160340000 4730.00000000 4753.00000000 4758.00000000 4705.40000000 901518606.60000000 190531.00000000
1600102800000 1600116600000 4699.60000000 4730.00000000 4730.00000000 4682.20000000 352779166.00000000 74931.00000000
1600088400000 1600102740000 4691.60000000 4697.20000000 4736.00000000 4681.20000000 2095556536.60000000 444924.00000000
1600074000000 1600088340000 4695.00000000 4691.60000000 4713.80000000 4665.20000000 921109669.60000000 196587.00000000
1600066800000 1600073940000 4679.80000000 4696.20000000 4760.00000000 4679.80000000 1954329109.00000000 413351.00000000
1599843600000 1599857400000 4635.80000000 4662.00000000 4666.00000000 4590.20000000 910490637.00000000 196839.00000000
1599829200000 1599843540000 4636.40000000 4635.80000000 4688.60000000 4621.00000000 2355485081.80000000 505903.00000000
1599814800000 1599829140000 4650.60000000 4636.40000000 4692.20000000 4625.20000000 1728331799.20000000 371075.00000000
1599807600000 1599814740000 4629.80000000 4650.60000000 4669.20000000 4572.20000000 1954483131.40000000 422606.00000000
1599757200000 1599771000000 4660.00000000 4597.80000000 4663.20000000 4585.00000000 1215583434.00000000 263444.00000000
1599742800000 1599757140000 4717.20000000 4661.40000000 4736.20000000 4635.20000000 2304387813.40000000 490541.00000000
1599728400000 1599742740000 4595.00000000 4717.00000000 4724.00000000 4590.40000000 2180762617.60000000 468425.00000000
1599721200000 1599728340000 4740.00000000 4596.60000000 4775.00000000 4593.20000000 2652145591.20000000 566152.00000000
1599670800000 1599684600000 4711.80000000 4743.40000000 4744.40000000 4697.00000000 520970886.20000000 110420.00000000
1599656400000 1599670740000 4700.00000000 4712.00000000 4733.00000000 4670.00000000 2548393952.40000000 541854.00000000
1599642000000 1599656340000 4716.80000000 4700.00000000 4727.60000000 4670.00000000 2227740537.80000000 474073.00000000
1599634800000 1599641940000 4698.80000000 4717.20000000 4759.00000000 4650.00000000 2648874226.20000000 562365.00000000
1599584400000 1599598200000 4718.60000000 4670.20000000 4737.60000000 4660.20000000 1340456642.20000000 285560.00000000
1599570000000 1599584340000 4803.60000000 4720.60000000 4805.60000000 4702.40000000 6713956957.00000000 1412405.00000000
1599555600000 1599569940000 4907.00000000 4803.60000000 4913.60000000 4765.60000000 4716133903.80000000 973419.00000000
1599548400000 1599555540000 4980.60000000 4908.60000000 5035.00000000 4902.00000000 2865184589.80000000 575782.00000000
1599498000000 1599511800000 4969.80000000 4975.00000000 4978.00000000 4962.00000000 183399431.80000000 36914.00000000
1599483600000 1599497940000 4921.20000000 4970.00000000 4997.80000000 4888.00000000 2556987305.20000000 515999.00000000
1599469200000 1599483540000 4870.80000000 4921.40000000 4935.00000000 4853.00000000 1895020713.80000000 387073.00000000
1599462000000 1599469140000 4845.00000000 4871.80000000 4885.00000000 4810.00000000 1574655024.00000000 324542.00000000
1599238800000 1599252600000 4839.80000000 4885.00000000 4891.00000000 4803.40000000 1009063508.20000000 208341.00000000
1599224400000 1599238740000 4967.60000000 4841.40000000 4977.00000000 4766.00000000 8099603904.20000000 1668562.00000000
1599210000000 1599224340000 4970.00000000 4967.60000000 4984.00000000 4930.80000000 2266494389.20000000 457220.00000000
1599202800000 1599209940000 4885.80000000 4969.60000000 4993.80000000 4882.00000000 2260870626.80000000 456369.00000000
1599152400000 1599166200000 4922.20000000 4917.80000000 4949.80000000 4870.00000000 1249947879.00000000 254575.00000000
1599138000000 1599152340000 5008.60000000 4921.20000000 5016.60000000 4902.60000000 7987335574.80000000 1608808.00000000
1599123600000 1599137940000 5080.00000000 5008.40000000 5080.40000000 5005.40000000 2291515761.80000000 454932.00000000
1599116400000 1599123540000 5043.00000000 5079.80000000 5106.00000000 5030.20000000 1363544414.60000000 268113.00000000
1599066000000 1599079800000 4993.00000000 5070.00000000 5089.60000000 4988.20000000 1187524246.20000000 235415.00000000
1599051600000 1599065940000 5063.80000000 4994.80000000 5098.00000000 4943.00000000 7433630431.20000000 1484222.00000000
1599037200000 1599051540000 5095.60000000 5063.40000000 5114.80000000 5035.00000000 1970200868.00000000 387887.00000000
1599030000000 1599037140000 5070.00000000 5095.20000000 5118.20000000 5062.40000000 1806232224.80000000 354587.00000000
1598979600000 1598993400000 5009.00000000 5033.00000000 5034.80000000 4993.60000000 590682453.40000000 117892.00000000
1598965200000 1598979540000 5109.00000000 5009.00000000 5131.40000000 4984.80000000 9467207584.20000000 1873909.00000000
1598950800000 1598965140000 5143.80000000 5109.00000000 5177.00000000 5101.00000000 4505228196.40000000 875578.00000000
1598943600000 1598950740000 5080.00000000 5144.20000000 5147.00000000 4993.20000000 3829064101.00000000 752887.00000000
1598893200000 1598907000000 5106.00000000 5089.40000000 5130.00000000 5060.40000000 1415062666.40000000 278216.00000000
1598878800000 1598893140000 5089.40000000 5106.00000000 5165.00000000 4950.00000000 98754510838.40000000 19249169.00000000
1598864400000 1598878740000 5022.20000000 5089.60000000 5098.20000000 4983.00000000 9304597900.20000000 1841989.00000000
1598857200000 1598864340000 4890.60000000 5023.00000000 5028.20000000 4881.00000000 6875908967.40000000 1388219.00000000
1598634000000 1598647800000 4846.00000000 4845.00000000 4861.60000000 4819.00000000 553109491.20000000 114301.00000000
1598619600000 1598633940000 4885.20000000 4845.40000000 4928.20000000 4815.20000000 5048782729.40000000 1033596.00000000
1598605200000 1598619540000 4789.20000000 4885.60000000 4919.80000000 4762.00000000 3731298628.00000000 769654.00000000
1598598000000 1598605140000 4870.20000000 4789.00000000 4870.60000000 4761.00000000 2448250491.40000000 510631.00000000
1598547600000 1598561400000 4808.00000000 4842.80000000 4869.80000000 4791.00000000 764666095.40000000 158225.00000000
1598533200000 1598547540000 4928.20000000 4805.00000000 4944.20000000 4805.00000000 5377243016.00000000 1104348.00000000
1598518800000 1598533140000 4943.20000000 4928.20000000 4950.20000000 4890.20000000 3478312155.60000000 706756.00000000
1598511600000 1598518740000 4993.60000000 4943.20000000 5022.80000000 4911.00000000 3157770317.00000000 635279.00000000
1598461200000 1598475000000 4972.00000000 4973.60000000 4980.00000000 4918.80000000 995838451.80000000 200982.00000000
1598446800000 1598461140000 4958.00000000 4972.00000000 5039.80000000 4940.20000000 5275617906.20000000 1055381.00000000
1598432400000 1598446740000 5106.40000000 4958.00000000 5119.40000000 4816.40000000 8601056807.00000000 1726756.00000000
1598425200000 1598432340000 5060.40000000 5107.80000000 5135.80000000 5060.40000000 4037725752.20000000 789870.00000000
1598374800000 1598388600000 5000.20000000 5055.00000000 5078.20000000 4992.80000000 1534174434.00000000 304802.00000000
1598360400000 1598374740000 4973.40000000 5000.80000000 5004.20000000 4930.20000000 4522366545.00000000 910342.00000000
1598346000000 1598360340000 4952.00000000 4973.40000000 4988.00000000 4934.00000000 3280427911.80000000 660401.00000000
1598338800000 1598345940000 4920.00000000 4952.00000000 4957.80000000 4890.60000000 3652055801.00000000 741008.00000000
1598288400000 1598302200000 4820.80000000 4913.40000000 4920.00000000 4820.80000000 866740633.40000000 178367.00000000
1598274000000 1598288340000 4809.60000000 4821.60000000 4857.40000000 4803.40000000 4732010170.40000000 980020.00000000
1598259600000 1598273940000 4803.40000000 4808.60000000 4824.20000000 4770.20000000 2791777329.60000000 581954.00000000
1598252400000 1598259540000 4800.00000000 4804.20000000 4860.00000000 4792.00000000 2748365926.40000000 569247.00000000
1598029200000 1598043000000 4770.40000000 4772.00000000 4785.00000000 4745.00000000 791511196.60000000 166208.00000000
1598014800000 1598029140000 4751.80000000 4768.80000000 4795.40000000 4725.00000000 4156460383.80000000 871855.00000000
1598000400000 1598014740000 4815.00000000 4751.60000000 4823.80000000 4726.40000000 3708466720.60000000 775735.00000000
1597993200000 1598000340000 4725.00000000 4813.60000000 4823.40000000 4717.60000000 3395757602.40000000 709019.00000000
1597942800000 1597956600000 4667.40000000 4700.00000000 4707.80000000 4614.40000000 851710259.60000000 182907.00000000
1597928400000 1597942740000 4717.80000000 4667.40000000 4723.20000000 4651.40000000 5672058662.20000000 1212535.00000000
1597914000000 1597928340000 4657.20000000 4718.20000000 4760.00000000 4656.00000000 3767384169.20000000 801362.00000000
1597906800000 1597913940000 4594.80000000 4657.60000000 4689.40000000 4586.00000000 3668037598.20000000 790059.00000000
1597856400000 1597870200000 4590.20000000 4620.00000000 4624.40000000 4562.00000000 610533747.40000000 133151.00000000
1597842000000 1597856340000 4584.80000000 4592.60000000 4605.00000000 4530.80000000 3997661922.40000000 875802.00000000
1597827600000 1597841940000 4566.00000000 4584.80000000 4598.00000000 4561.00000000 2189006057.60000000 477893.00000000
1597820400000 1597827540000 4513.00000000 4566.00000000 4567.20000000 4505.40000000 2146993039.20000000 472553.00000000
1597770000000 1597783800000 4498.40000000 4503.00000000 4519.00000000 4494.00000000 465154329.00000000 103247.00000000
1597755600000 1597769940000 4513.80000000 4499.80000000 4519.80000000 4464.40000000 3853942582.40000000 858446.00000000
1597741200000 1597755540000 4525.40000000 4513.60000000 4530.00000000 4475.80000000 2168719750.20000000 481712.00000000
1597734000000 1597741140000 4491.60000000 4525.00000000 4548.00000000 4480.40000000 2413316871.20000000 533570.00000000
1597683600000 1597697400000 4468.00000000 4500.00000000 4500.00000000 4452.00000000 670478294.20000000 149990.00000000
1597669200000 1597683540000 4494.20000000 4466.80000000 4534.60000000 4453.00000000 4845418690.00000000 1078913.00000000
1597654800000 1597669140000 4495.80000000 4494.80000000 4515.00000000 4482.60000000 3228106441.40000000 717273.00000000
1597647600000 1597654740000 4409.80000000 4495.80000000 4498.40000000 4406.00000000 2614548186.40000000 585100.00000000
1597424400000 1597438200000 4390.80000000 4389.60000000 4399.80000000 4370.40000000 475556700.80000000 108497.00000000
1597410000000 1597424340000 4433.80000000 4390.80000000 4455.80000000 4374.20000000 4230039527.00000000 960029.00000000
1597395600000 1597409940000 4420.00000000 4433.60000000 4440.00000000 4395.00000000 2141751183.00000000 484627.00000000
1597388400000 1597395540000 4406.60000000 4420.00000000 4459.80000000 4380.00000000 2825462740.80000000 638860.00000000
1597338000000 1597351800000 4371.80000000 4366.00000000 4375.00000000 4317.40000000 895452586.40000000 205981.00000000
1597323600000 1597337940000 4490.80000000 4371.80000000 4517.00000000 4350.00000000 5965246630.80000000 1337858.00000000
1597309200000 1597323540000 4487.00000000 4490.60000000 4498.00000000 4431.20000000 3275327864.00000000 731113.00000000
1597302000000 1597309140000 4411.00000000 4487.20000000 4554.20000000 4360.60000000 6506448177.20000000 1457071.00000000
1597251600000 1597265400000 4298.20000000 4288.80000000 4304.40000000 4251.80000000 576157381.00000000 134587.00000000
1597237200000 1597251540000 4202.60000000 4298.20000000 4330.00000000 4200.60000000 3487401314.00000000 814902.00000000
1597222800000 1597237140000 4215.80000000 4202.60000000 4220.00000000 4197.00000000 483070730.40000000 114834.00000000
1597215600000 1597222740000 4208.20000000 4215.80000000 4218.20000000 4182.00000000 658311795.80000000 156703.00000000
1597165200000 1597179000000 4217.00000000 4185.80000000 4225.00000000 4165.20000000 502409319.00000000 119881.00000000
1597150800000 1597165140000 4289.60000000 4217.00000000 4292.60000000 4135.20000000 2650831198.80000000 630529.00000000
1597136400000 1597150740000 4305.00000000 4290.60000000 4329.00000000 4252.00000000 1210728542.20000000 281717.00000000
1597129200000 1597136340000 4228.20000000 4305.80000000 4309.80000000 4215.00000000 1225212610.80000000 286180.00000000
1597078800000 1597092600000 4228.00000000 4205.00000000 4249.80000000 4173.80000000 672692320.20000000 159830.00000000
1597064400000 1597078740000 4349.20000000 4228.00000000 4350.00000000 4202.20000000 2184006426.40000000 513308.00000000
1597050000000 1597064340000 4348.00000000 4349.20000000 4365.00000000 4342.80000000 274183122.60000000 62988.00000000
1597042800000 1597049940000 4381.00000000 4347.20000000 4396.00000000 4335.40000000 471482211.00000000 107965.00000000
1596819600000 1596833400000 4379.60000000 4360.00000000 4380.00000000 4321.00000000 464390676.20000000 106749.00000000
1596805200000 1596819540000 4388.20000000 4379.60000000 4423.60000000 4343.40000000 766081342.20000000 174541.00000000
1596790800000 1596805140000 4411.60000000 4388.00000000 4415.40000000 4382.00000000 540755428.80000000 122929.00000000
1596783600000 1596790740000 4394.00000000 4410.60000000 4443.60000000 4390.20000000 713080685.80000000 161211.00000000
1596733200000 1596747000000 4395.80000000 4413.80000000 4417.60000000 4392.60000000 237303663.00000000 53838.00000000
1596718800000 1596733140000 4382.60000000 4395.40000000 4409.80000000 4370.20000000 861154287.80000000 196146.00000000
1596704400000 1596718740000 4363.80000000 4381.20000000 4384.80000000 4356.00000000 528061699.20000000 120718.00000000
1596697200000 1596704340000 4335.00000000 4363.00000000 4364.00000000 4330.20000000 261378252.20000000 60076.00000000
1596646800000 1596660600000 4329.20000000 4340.20000000 4354.40000000 4322.60000000 216486114.40000000 49846.00000000
1596632400000 1596646740000 4346.40000000 4329.00000000 4350.40000000 4310.00000000 856259608.60000000 197919.00000000
1596618000000 1596632340000 4341.00000000 4343.20000000 4355.00000000 4322.00000000 669073717.20000000 154054.00000000
1596610800000 1596617940000 4333.20000000 4341.00000000 4349.60000000 4316.00000000 462945113.60000000 106801.00000000
1596560400000 1596574200000 4317.60000000 4312.00000000 4320.00000000 4308.00000000 124505456.60000000 28859.00000000
1596546000000 1596560340000 4319.80000000 4316.00000000 4348.80000000 4297.60000000 759719758.00000000 175861.00000000
1596531600000 1596545940000 4291.60000000 4319.80000000 4320.00000000 4280.40000000 344357828.60000000 80037.00000000
1596524400000 1596531540000 4304.00000000 4291.80000000 4316.20000000 4280.20000000 252260714.00000000 58726.00000000
1596474000000 1596487800000 4317.00000000 4288.60000000 4326.00000000 4288.60000000 278616848.80000000 64692.00000000
1596459600000 1596473940000 4325.40000000 4316.00000000 4326.80000000 4253.20000000 861351910.00000000 200439.00000000
1596445200000 1596459540000 4280.80000000 4326.60000000 4326.80000000 4274.80000000 629647476.80000000 146490.00000000
1596438000000 1596445140000 4261.20000000 4280.80000000 4328.80000000 4242.60000000 576200166.60000000 134429.00000000
1596214800000 1596228600000 4221.60000000 4257.00000000 4267.60000000 4212.60000000 461852335.60000000 108683.00000000
1596200400000 1596214740000 4200.80000000 4221.60000000 4260.00000000 4200.20000000 1974462248.00000000 467229.00000000
1596186000000 1596200340000 4196.00000000 4200.80000000 4207.80000000 4185.80000000 474704473.80000000 113134.00000000
1596178800000 1596185940000 4213.00000000 4196.00000000 4218.80000000 4180.20000000 499038697.40000000 118807.00000000
1596128400000 1596142200000 4169.60000000 4191.00000000 4195.00000000 4169.20000000 268469938.00000000 64157.00000000
1596114000000 1596128340000 4155.00000000 4171.80000000 4189.20000000 4104.40000000 1308177704.00000000 316320.00000000
1596099600000 1596113940000 4154.00000000 4155.20000000 4163.80000000 4132.60000000 386271349.00000000 93094.00000000
1596092400000 1596099540000 4182.20000000 4154.80000000 4196.80000000 4146.80000000 310874018.20000000 74673.00000000
1596042000000 1596055800000 4170.40000000 4187.80000000 4199.00000000 4156.20000000 210306746.00000000 50263.00000000
1596027600000 1596041940000 4176.80000000 4171.40000000 4193.80000000 4132.80000000 933413378.40000000 224077.00000000
1596013200000 1596027540000 4163.60000000 4177.80000000 4222.00000000 4150.20000000 772671652.40000000 184638.00000000
1596006000000 1596013140000 4131.00000000 4163.60000000 4170.00000000 4121.60000000 355244988.20000000 85740.00000000
1595955600000 1595969400000 4121.20000000 4114.40000000 4150.00000000 4111.40000000 245536204.40000000 59402.00000000
1595941200000 1595955540000 4018.20000000 4120.60000000 4149.00000000 3980.00000000 2010953039.60000000 493763.00000000
1595926800000 1595941140000 4160.60000000 4018.20000000 4166.00000000 3971.80000000 2343024711.00000000 578442.00000000
1595919600000 1595926740000 4194.00000000 4160.60000000 4198.80000000 4120.20000000 684717190.20000000 164142.00000000
1595869200000 1595883000000 4089.40000000 4123.00000000 4155.00000000 4085.00000000 339886033.40000000 82438.00000000
1595854800000 1595869140000 4076.00000000 4089.60000000 4105.80000000 4058.00000000 1033584157.80000000 253178.00000000
1595840400000 1595854740000 4060.00000000 4076.00000000 4079.00000000 4040.20000000 409263519.40000000 100631.00000000
1595833200000 1595840340000 4035.00000000 4060.60000000 4068.80000000 4012.00000000 396043322.00000000 98069.00000000
1595610000000 1595623800000 4025.00000000 4017.20000000 4045.00000000 4011.00000000 181433232.60000000 45014.00000000
1595595600000 1595609940000 4007.40000000 4024.40000000 4034.80000000 3970.20000000 765781219.60000000 191158.00000000
1595581200000 1595595540000 3976.60000000 4008.80000000 4032.00000000 3975.00000000 545027078.60000000 136101.00000000
1595574000000 1595581140000 3982.00000000 3976.60000000 3984.80000000 3931.00000000 458545478.40000000 115823.00000000
1595523600000 1595537400000 3992.00000000 4002.80000000 4019.20000000 3952.20000000 253547666.80000000 63547.00000000
1595509200000 1595523540000 4011.00000000 3990.00000000 4040.00000000 3970.20000000 883824866.80000000 220225.00000000
1595494800000 1595509140000 4022.40000000 4011.00000000 4049.60000000 3983.40000000 576701247.00000000 143555.00000000
1595487600000 1595494740000 4020.00000000 4023.00000000 4069.60000000 4020.00000000 602645029.60000000 149138.00000000
1595437200000 1595451000000 3997.80000000 4010.00000000 4026.60000000 3980.00000000 366982340.40000000 91596.00000000
1595422800000 1595437140000 3983.00000000 3997.80000000 4008.00000000 3941.20000000 1083070593.60000000 271764.00000000
1595408400000 1595422740000 3930.40000000 3983.00000000 3989.00000000 3930.40000000 595255335.20000000 150260.00000000
1595401200000 1595408340000 3965.00000000 3930.40000000 4004.00000000 3910.60000000 747078317.20000000 189685.00000000
1595350800000 1595364600000 3939.40000000 3964.00000000 3980.80000000 3921.20000000 269841998.60000000 68187.00000000
1595336400000 1595350740000 4054.60000000 3939.60000000 4056.60000000 3932.00000000 1632026026.80000000 408939.00000000
1595322000000 1595336340000 4088.60000000 4054.60000000 4099.60000000 4041.00000000 635067815.00000000 156200.00000000
1595314800000 1595321940000 4015.00000000 4086.00000000 4202.00000000 4015.00000000 1628736162.80000000 397091.00000000
1595264400000 1595278200000 4003.60000000 4029.00000000 4029.40000000 3994.20000000 188706196.80000000 47091.00000000
1595250000000 1595264340000 3967.00000000 4001.80000000 4009.80000000 3920.60000000 960992073.20000000 242506.00000000
1595235600000 1595249940000 3939.20000000 3968.40000000 3985.00000000 3939.00000000 658334122.60000000 165913.00000000
1595228400000 1595235540000 3957.00000000 3939.20000000 3957.00000000 3901.00000000 513697412.00000000 130983.00000000
1595005200000 1595019000000 3907.60000000 3950.00000000 3958.00000000 3901.40000000 230982601.00000000 58663.00000000
1594990800000 1595005140000 3933.00000000 3906.40000000 3966.00000000 3900.80000000 1321248349.20000000 336733.00000000
1594976400000 1594990740000 3879.60000000 3933.00000000 3939.80000000 3868.00000000 596002692.60000000 152925.00000000
1594969200000 1594976340000 3824.00000000 3879.60000000 3879.80000000 3824.00000000 343985091.80000000 89130.00000000
1594918800000 1594932600000 3823.60000000 3824.00000000 3844.00000000 3812.80000000 255639328.40000000 66802.00000000
1594904400000 1594918740000 3855.00000000 3824.00000000 3862.60000000 3807.00000000 808769735.00000000 211283.00000000
1594890000000 1594904340000 3833.40000000 3855.00000000 3867.20000000 3815.40000000 530474683.20000000 138158.00000000
1594882800000 1594889940000 3844.80000000 3833.40000000 3882.80000000 3830.40000000 331573814.60000000 85964.00000000
1594832400000 1594846200000 3855.00000000 3882.80000000 3894.00000000 3843.40000000 288347612.80000000 74425.00000000
1594818000000 1594832340000 3849.00000000 3851.60000000 3896.40000000 3826.00000000 1254455218.40000000 324733.00000000
1594803600000 1594817940000 3781.80000000 3849.40000000 3858.80000000 3773.00000000 919375170.20000000 240261.00000000
1594796400000 1594803540000 3762.00000000 3781.80000000 3805.00000000 3762.00000000 660118661.20000000 174450.00000000
1594746000000 1594759800000 3713.00000000 3772.00000000 3789.00000000 3700.40000000 440890258.60000000 117567.00000000
1594731600000 1594745940000 3610.80000000 3712.40000000 3719.40000000 3604.20000000 1207060945.40000000 330570.00000000
1594717200000 1594731540000 3621.00000000 3610.80000000 3627.40000000 3581.20000000 452530881.60000000 125595.00000000
1594710000000 1594717140000 3670.20000000 3621.20000000 3684.80000000 3605.00000000 579504185.20000000 159435.00000000
1594659600000 1594673400000 3697.80000000 3678.00000000 3709.00000000 3665.00000000 288148110.00000000 78209.00000000
1594645200000 1594659540000 3672.40000000 3697.60000000 3719.60000000 3639.00000000 914836944.60000000 248268.00000000
1594630800000 1594645140000 3640.20000000 3672.60000000 3674.00000000 3635.00000000 219033655.40000000 59946.00000000
1594623600000 1594630740000 3637.00000000 3642.00000000 3681.00000000 3637.00000000 280775151.40000000 76656.00000000
1594400400000 1594414200000 3604.20000000 3633.00000000 3645.00000000 3602.20000000 99075982.00000000 27339.00000000
1594386000000 1594400340000 3678.20000000 3604.00000000 3681.20000000 3590.60000000 965111106.80000000 265887.00000000
1594371600000 1594385940000 3666.80000000 3677.20000000 3684.80000000 3650.60000000 416640298.40000000 113454.00000000
1594364400000 1594371540000 3629.60000000 3666.60000000 3675.00000000 3617.80000000 341099414.20000000 93340.00000000
1594314000000 1594327800000 3604.00000000 3637.80000000 3648.40000000 3602.60000000 184746120.00000000 50853.00000000
1594299600000 1594313940000 3606.80000000 3604.00000000 3658.00000000 3580.00000000 1116217995.40000000 309123.00000000
1594285200000 1594299540000 3595.00000000 3607.00000000 3609.80000000 3592.00000000 342325896.60000000 95153.00000000
1594278000000 1594285140000 3590.00000000 3594.60000000 3606.40000000 3575.40000000 145612298.00000000 40512.00000000
1594227600000 1594241400000 3573.20000000 3581.80000000 3583.40000000 3561.40000000 77507743.80000000 21684.00000000
1594213200000 1594227540000 3620.20000000 3573.60000000 3624.40000000 3558.40000000 1097055001.80000000 306281.00000000
1594198800000 1594213140000 3594.00000000 3620.00000000 3636.00000000 3582.00000000 474326022.80000000 131401.00000000
1594191600000 1594198740000 3595.40000000 3593.00000000 3608.60000000 3553.00000000 399311807.80000000 111466.00000000
1594141200000 1594155000000 3586.40000000 3598.80000000 3598.80000000 3572.00000000 135626779.40000000 37890.00000000
1594126800000 1594141140000 3635.00000000 3586.00000000 3646.00000000 3575.00000000 1176321235.60000000 326783.00000000
1594112400000 1594126740000 3655.20000000 3633.80000000 3664.20000000 3632.40000000 344859053.40000000 94485.00000000
1594105260000 1594112340000 3643.00000000 3655.00000000 3659.00000000 3601.20000000 555086583.40000000 152793.00000000
1594054800000 1594068600000 3665.80000000 3639.00000000 3668.00000000 3622.00000000 194166900.80000000 53325.00000000
1594040400000 1594054740000 3643.00000000 3666.00000000 3710.00000000 3623.80000000 948479098.40000000 259022.00000000
1594026000000 1594040340000 3641.80000000 3643.00000000 3663.60000000 3623.20000000 445981491.60000000 122382.00000000
1594018800000 1594025940000 3572.80000000 3641.80000000 3654.40000000 3555.60000000 642926795.60000000 177589.00000000
1593795600000 1593809400000 3544.40000000 3549.60000000 3549.60000000 3537.60000000 35465483.00000000 10003.00000000
1593781200000 1593795540000 3551.80000000 3543.00000000 3560.80000000 3513.00000000 464342189.80000000 131249.00000000
1593766800000 1593781140000 3554.80000000 3552.00000000 3565.00000000 3535.80000000 258838749.80000000 72907.00000000
1593759600000 1593766740000 3560.40000000 3554.60000000 3575.00000000 3550.00000000 214200971.60000000 60080.00000000
1593709200000 1593723000000 3543.20000000 3548.60000000 3559.00000000 3533.00000000 112135225.20000000 31645.00000000
1593694800000 1593709140000 3570.60000000 3545.60000000 3575.40000000 3523.00000000 585989358.80000000 165404.00000000
1593680400000 1593694740000 3567.80000000 3571.00000000 3584.20000000 3557.80000000 338467134.80000000 94696.00000000
1593673200000 1593680340000 3524.00000000 3567.80000000 3588.00000000 3502.00000000 519624742.60000000 146221.00000000
1593536400000 1593550200000 3517.40000000 3545.60000000 3564.60000000 3515.00000000 220960228.80000000 62364.00000000
1593522000000 1593536340000 3450.40000000 3516.00000000 3530.00000000 3449.80000000 940457135.80000000 269073.00000000
1593507600000 1593521940000 3477.20000000 3450.40000000 3477.20000000 3423.00000000 750898831.40000000 218012.00000000
1593500400000 1593507540000 3467.60000000 3477.20000000 3489.80000000 3461.20000000 286024562.40000000 82287.00000000
1593450000000 1593463800000 3470.80000000 3467.00000000 3474.60000000 3450.00000000 66352580.80000000 19177.00000000
1593435600000 1593449940000 3421.40000000 3469.00000000 3483.20000000 3410.00000000 695163188.20000000 201498.00000000
1593421200000 1593435540000 3410.00000000 3420.60000000 3439.00000000 3392.80000000 537162219.40000000 157435.00000000
1593414000000 1593421140000 3431.20000000 3410.00000000 3435.00000000 3380.20000000 620668720.80000000 182404.00000000
1593190800000 1593204600000 3453.20000000 3430.00000000 3476.20000000 3425.00000000 136384990.00000000 39568.00000000
1593176400000 1593190740000 3476.20000000 3452.40000000 3497.20000000 3417.00000000 912956736.20000000 264261.00000000
1593162000000 1593176340000 3476.60000000 3476.60000000 3494.60000000 3468.60000000 437936691.40000000 125763.00000000
1593154800000 1593161940000 3476.20000000 3478.00000000 3519.40000000 3435.20000000 629292432.60000000 181077.00000000
1593104400000 1593118200000 3494.60000000 3499.00000000 3499.80000000 3450.40000000 252872419.00000000 72698.00000000
1593090000000 1593104340000 3452.00000000 3492.40000000 3509.20000000 3424.00000000 1435531391.00000000 413617.00000000
1593075600000 1593089940000 3449.80000000 3452.00000000 3484.00000000 3417.60000000 1158033103.60000000 335891.00000000
1593068400000 1593075540000 3432.20000000 3450.00000000 3478.20000000 3383.00000000 1612184498.60000000 470489.00000000
1592931600000 1592945400000 3355.20000000 3358.60000000 3383.60000000 3353.80000000 409926067.80000000 121663.00000000
1592917200000 1592931540000 3288.80000000 3356.80000000 3444.80000000 3241.00000000 4334653269.40000000 1303135.00000000
1592902800000 1592917140000 3289.00000000 3289.40000000 3302.60000000 3280.20000000 358665391.80000000 108969.00000000
1592895600000 1592902740000 3240.40000000 3289.20000000 3314.00000000 3240.40000000 620074808.80000000 188680.00000000
1592845200000 1592859000000 3242.40000000 3254.20000000 3255.00000000 3228.40000000 77176542.00000000 23831.00000000
1592830800000 1592845140000 3186.00000000 3242.80000000 3270.80000000 3182.20000000 1055935936.20000000 326872.00000000
1592816400000 1592830740000 3192.20000000 3186.00000000 3232.00000000 3169.60000000 657073000.20000000 205516.00000000
1592809200000 1592816340000 3170.20000000 3192.00000000 3199.60000000 3115.00000000 642136256.00000000 203579.00000000
1592571600000 1592581800000 3161.40000000 3155.00000000 3165.00000000 3125.80000000 683733626.20000000 216941.00000000
1592557200000 1592571540000 3140.00000000 3161.80000000 3176.20000000 3137.40000000 828328480.00000000 262062.00000000
1592546640000 1592557140000 3108.60000000 3140.20000000 3164.60000000 3107.00000000 706170113.80000000 224985.00000000
1592485200000 1592495400000 3046.00000000 3108.00000000 3115.00000000 3043.00000000 1310619553.80000000 423338.00000000
1592470800000 1592485140000 3040.00000000 3046.20000000 3054.00000000 3026.60000000 653440718.20000000 214912.00000000
1592463600000 1592470740000 3058.60000000 3040.00000000 3062.00000000 3021.20000000 313223455.40000000 102974.00000000
1592398800000 1592408880000 3050.40000000 3068.20000000 3074.00000000 3035.00000000 1129403010.60000000 369058.00000000
1592384400000 1592398740000 3036.00000000 3050.60000000 3065.00000000 3022.40000000 408374069.80000000 134175.00000000
1592377200000 1592384340000 3024.80000000 3035.40000000 3059.80000000 3010.00000000 314920487.80000000 103592.00000000
1592312400000 1592322600000 2995.00000000 3009.00000000 3062.00000000 2991.00000000 1507638818.60000000 498312.00000000
1592298000000 1592312340000 2981.20000000 2994.60000000 3000.00000000 2970.60000000 863164768.60000000 288845.00000000
1592290800000 1592297940000 2984.20000000 2981.20000000 2990.00000000 2967.40000000 392623144.60000000 131749.00000000
1592226000000 1592236200000 2889.00000000 2967.40000000 2975.00000000 2871.00000000 1072342097.80000000 365563.00000000
1592211600000 1592225940000 2914.00000000 2889.00000000 2914.00000000 2885.20000000 408888020.40000000 140878.00000000
1592204400000 1592211540000 2836.00000000 2913.00000000 2932.00000000 2820.40000000 846833711.00000000 293269.00000000
1591880400000 1591890600000 2832.60000000 2850.00000000 2879.80000000 2823.40000000 562605887.40000000 197153.00000000
1591866000000 1591880340000 2848.00000000 2834.40000000 2856.00000000 2817.60000000 478884738.40000000 168962.00000000
1591858800000 1591865940000 2873.00000000 2848.00000000 2873.00000000 2830.00000000 317609630.20000000 111639.00000000
1591794000000 1591803960000 2912.40000000 2881.20000000 2917.80000000 2867.00000000 615941466.40000000 213177.00000000
1591779600000 1591793940000 2894.60000000 2913.80000000 2919.40000000 2884.80000000 266593731.80000000 91799.00000000
1591772400000 1591779540000 2896.20000000 2894.60000000 2906.40000000 2887.00000000 134395640.00000000 46422.00000000
1591707600000 1591717680000 2878.80000000 2902.00000000 2905.00000000 2873.00000000 503869266.00000000 174293.00000000
1591693200000 1591707540000 2858.60000000 2878.20000000 2883.00000000 2856.80000000 182471485.60000000 63529.00000000
1591686000000 1591693140000 2897.00000000 2858.60000000 2897.00000000 2855.00000000 283996065.00000000 98832.00000000
1591621200000 1591631400000 2900.00000000 2873.20000000 2910.20000000 2866.00000000 461309865.20000000 159697.00000000
1591606800000 1591621140000 2911.60000000 2900.00000000 2917.80000000 2891.20000000 273611952.80000000 94128.00000000
1591599600000 1591606740000 2896.60000000 2911.60000000 2915.00000000 2879.20000000 319734775.40000000 110453.00000000
1591362000000 1591372140000 2860.20000000 2884.00000000 2911.80000000 2858.20000000 719321614.80000000 249193.00000000
1591347600000 1591361940000 2868.40000000 2861.60000000 2874.00000000 2850.00000000 350155748.60000000 122411.00000000
1591340400000 1591347540000 2871.00000000 2867.80000000 2876.80000000 2850.20000000 152581835.20000000 53317.00000000
1591275600000 1591285800000 2865.00000000 2861.60000000 2871.20000000 2837.00000000 525230346.20000000 183712.00000000
1591261200000 1591275540000 2859.00000000 2864.60000000 2882.00000000 2852.40000000 472846720.80000000 164820.00000000
1591254000000 1591261140000 2856.00000000 2860.00000000 2873.40000000 2841.80000000 313962025.00000000 109799.00000000
1591189200000 1591199400000 2850.00000000 2867.60000000 2879.60000000 2836.00000000 924902528.00000000 323294.00000000
1591174800000 1591189140000 2854.00000000 2850.00000000 2862.00000000 2835.00000000 492639494.20000000 172819.00000000
1591167600000 1591174740000 2837.20000000 2854.00000000 2868.40000000 2837.20000000 487538672.20000000 170772.00000000
1591102800000 1591113000000 2836.20000000 2837.80000000 2860.00000000 2821.20000000 1267255605.20000000 446435.00000000
1591088400000 1591102740000 2864.40000000 2836.80000000 2871.00000000 2830.00000000 435304239.20000000 152392.00000000
1591081200000 1591088340000 2845.00000000 2864.60000000 2875.00000000 2845.00000000 280575653.80000000 98020.00000000
1591016400000 1591026540000 2853.40000000 2846.00000000 2853.40000000 2814.40000000 895087618.00000000 315833.00000000
1591002000000 1591016340000 2840.80000000 2853.40000000 2858.80000000 2824.00000000 452329384.60000000 159028.00000000
1590994800000 1591001940000 2849.60000000 2840.40000000 2869.80000000 2820.00000000 455554557.40000000 159878.00000000
1590757200000 1590767400000 2875.60000000 2833.20000000 2876.20000000 2811.60000000 966404120.80000000 341374.00000000
1590742800000 1590757140000 2859.60000000 2875.40000000 2884.00000000 2850.00000000 258526681.80000000 89954.00000000
1590735600000 1590742740000 2865.00000000 2858.40000000 2878.80000000 2840.20000000 281907193.20000000 98710.00000000
1590670800000 1590680940000 2896.00000000 2888.00000000 2913.00000000 2860.40000000 845076597.00000000 293168.00000000
1590656400000 1590670740000 2884.20000000 2895.80000000 2916.80000000 2882.20000000 456618489.20000000 157563.00000000
1590649200000 1590656340000 2876.80000000 2883.80000000 2895.00000000 2860.60000000 497186450.60000000 172491.00000000
1590584400000 1590594360000 2903.00000000 2826.00000000 2908.00000000 2817.20000000 1339091075.20000000 468510.00000000
1590570000000 1590584340000 2940.20000000 2903.60000000 2942.80000000 2902.00000000 304649120.20000000 104183.00000000
1590562800000 1590569940000 2905.80000000 2941.00000000 2942.80000000 2893.00000000 335105431.80000000 114557.00000000
1590498000000 1590508200000 2963.80000000 2913.20000000 2974.00000000 2911.40000000 998161891.20000000 339693.00000000
1590483600000 1590497940000 2979.60000000 2964.40000000 2990.00000000 2955.20000000 346169119.00000000 116538.00000000
1590476400000 1590483540000 2968.20000000 2979.60000000 2992.80000000 2968.20000000 292775332.20000000 98189.00000000
1590411600000 1590421800000 2948.00000000 2960.60000000 2962.00000000 2940.60000000 197376353.20000000 66845.00000000
1590397200000 1590411540000 2938.00000000 2947.20000000 2957.00000000 2932.60000000 247729770.60000000 84042.00000000
1590390000000 1590397140000 2914.20000000 2937.60000000 2944.20000000 2908.20000000 315951702.40000000 107732.00000000
1590152400000 1590162600000 2931.00000000 2905.00000000 2931.00000000 2891.00000000 433695945.00000000 149252.00000000
1590138000000 1590152340000 2917.80000000 2930.80000000 2938.80000000 2900.00000000 286275097.20000000 97991.00000000
1590130800000 1590137940000 2887.60000000 2916.40000000 2918.80000000 2880.60000000 257024783.00000000 88653.00000000
1590066000000 1590076200000 2951.20000000 2910.80000000 2952.40000000 2895.00000000 781957635.80000000 268012.00000000
1590051600000 1590065940000 2952.80000000 2950.00000000 2959.80000000 2935.00000000 245588379.60000000 83323.00000000
1590044400000 1590051540000 2942.00000000 2952.80000000 2960.00000000 2926.60000000 448212349.20000000 152199.00000000
1589979600000 1589989800000 2992.80000000 2964.60000000 2999.00000000 2961.40000000 621168439.20000000 208820.00000000
1589965200000 1589979540000 2984.40000000 2992.80000000 3000.00000000 2969.80000000 452889462.40000000 151635.00000000
1589958000000 1589965140000 2956.80000000 2985.00000000 2995.00000000 2941.00000000 447522223.00000000 150504.00000000
1589893200000 1589903400000 2956.80000000 2970.00000000 2971.40000000 2935.00000000 438490281.80000000 148436.00000000
1589878800000 1589893140000 2940.00000000 2956.40000000 2960.00000000 2930.60000000 263635818.80000000 89493.00000000
1589871600000 1589878740000 2975.20000000 2938.80000000 2980.00000000 2923.60000000 304165979.00000000 103008.00000000
1589806800000 1589817000000 2928.00000000 2945.00000000 2947.00000000 2912.20000000 550256197.80000000 187745.00000000
1589792400000 1589806740000 2922.20000000 2928.00000000 2934.80000000 2912.80000000 288457162.80000000 98576.00000000
1589785200000 1589792340000 2885.40000000 2921.20000000 2922.20000000 2870.40000000 565070287.60000000 194793.00000000
1589547600000 1589557800000 2838.00000000 2839.60000000 2848.80000000 2795.80000000 669732134.00000000 236819.00000000
1589533200000 1589547540000 2885.00000000 2838.00000000 2885.40000000 2826.20000000 324587817.40000000 113608.00000000
1589526000000 1589533140000 2856.80000000 2885.00000000 2894.00000000 2855.20000000 487088914.00000000 169057.00000000
1589461200000 1589471400000 2840.40000000 2821.80000000 2852.80000000 2785.80000000 880665110.80000000 312811.00000000
1589446800000 1589461140000 2865.00000000 2840.60000000 2883.00000000 2830.00000000 362738381.00000000 127099.00000000
1589439600000 1589446740000 2875.00000000 2864.60000000 2879.20000000 2842.20000000 341767191.60000000 119445.00000000
1589374800000 1589385000000 2936.60000000 2893.40000000 2949.00000000 2892.80000000 704179725.60000000 241726.00000000
1589360400000 1589374740000 2918.80000000 2936.60000000 2939.40000000 2915.00000000 194562137.40000000 66412.00000000
1589353200000 1589360340000 2959.00000000 2920.60000000 2959.00000000 2890.40000000 593944787.60000000 203781.00000000
1589288400000 1589298360000 2955.60000000 2977.00000000 2977.00000000 2927.00000000 441290409.60000000 149382.00000000
1589274000000 1589288340000 2962.80000000 2955.60000000 2969.00000000 2937.00000000 209453879.60000000 70891.00000000
1589266800000 1589273940000 2968.20000000 2962.80000000 2979.80000000 2954.00000000 184654698.20000000 62211.00000000
1588942800000 1588953000000 2968.00000000 2975.20000000 2992.00000000 2951.00000000 585006317.40000000 196722.00000000
1588931460000 1588942740000 2966.00000000 2967.40000000 2969.00000000 2933.00000000 281992225.60000000 95550.00000000
1588921200000 1588928220000 2979.20000000 2965.00000000 2985.80000000 2950.20000000 535969657.20000000 180874.00000000
1588856400000 1588866600000 2881.80000000 2910.20000000 2918.80000000 2870.40000000 687077863.00000000 237470.00000000
1588842000000 1588856340000 2869.80000000 2882.80000000 2892.00000000 2868.00000000 329099528.40000000 114126.00000000
1588834800000 1588841940000 2869.00000000 2869.80000000 2879.00000000 2858.00000000 225033383.80000000 78452.00000000
1588770000000 1588780140000 2840.60000000 2864.00000000 2883.20000000 2838.00000000 516159850.40000000 180314.00000000
1588755600000 1588769940000 2858.20000000 2840.60000000 2865.00000000 2833.20000000 367207380.00000000 128932.00000000
1588748400000 1588755540000 2849.20000000 2858.20000000 2858.60000000 2830.20000000 191642039.40000000 67350.00000000
1588683600000 1588693800000 2854.20000000 2842.20000000 2868.80000000 2833.40000000 471202177.00000000 165358.00000000
1588669200000 1588683540000 2834.00000000 2855.00000000 2857.60000000 2831.00000000 217344854.40000000 76479.00000000
1588662000000 1588669140000 2849.00000000 2835.60000000 2876.80000000 2833.20000000 319142786.80000000 111563.00000000
1588597200000 1588607400000 2822.60000000 2828.80000000 2848.80000000 2797.40000000 561903309.20000000 199127.00000000
1588582800000 1588597140000 2790.00000000 2821.40000000 2829.00000000 2785.00000000 232785858.80000000 82844.00000000
1588575600000 1588582740000 2809.80000000 2790.00000000 2817.00000000 2776.80000000 371708348.20000000 133054.00000000
1588251600000 1588261800000 2818.00000000 2850.80000000 2904.80000000 2816.00000000 939726956.80000000 327752.00000000
1588237200000 1588251540000 2851.00000000 2818.00000000 2877.40000000 2812.20000000 438833567.60000000 154503.00000000
1588230000000 1588237140000 2898.00000000 2850.80000000 2924.00000000 2820.80000000 759544962.80000000 264038.00000000
1588165200000 1588175400000 2830.00000000 2870.00000000 2874.00000000 2807.00000000 1109823332.60000000 389744.00000000
1588150800000 1588165140000 2818.80000000 2830.60000000 2838.80000000 2803.00000000 578665241.60000000 204857.00000000
1588143600000 1588150740000 2807.00000000 2820.00000000 2822.40000000 2775.40000000 515721179.00000000 184476.00000000
1588078860000 1588089000000 2839.20000000 2754.80000000 2854.00000000 2716.40000000 1581211912.80000000 568622.00000000
1588064400000 1588078740000 2744.60000000 2840.20000000 2856.80000000 2732.60000000 1525608683.40000000 546921.00000000
1588057200000 1588064340000 2730.20000000 2743.60000000 2751.00000000 2720.20000000 512438857.80000000 187230.00000000
1587992400000 1588002600000 2651.20000000 2715.00000000 2715.00000000 2647.00000000 1194951396.40000000 444689.00000000
1587978000000 1587992340000 2678.80000000 2651.40000000 2684.00000000 2651.20000000 328266459.60000000 123031.00000000
1587970800000 1587977940000 2651.60000000 2678.00000000 2689.00000000 2651.60000000 601385762.60000000 225022.00000000
1587733200000 1587743400000 2644.00000000 2621.00000000 2655.00000000 2614.00000000 435253835.40000000 165452.00000000
1587718800000 1587733140000 2617.00000000 2644.00000000 2649.80000000 2615.00000000 235576867.60000000 89384.00000000
1587711600000 1587718740000 2634.40000000 2616.40000000 2640.00000000 2606.60000000 390989211.00000000 149350.00000000
1587646800000 1587656880000 2653.60000000 2640.60000000 2660.00000000 2633.80000000 490302419.00000000 185169.00000000
1587632400000 1587646740000 2643.40000000 2654.00000000 2670.00000000 2641.60000000 293778401.80000000 110754.00000000
1587625200000 1587632340000 2666.00000000 2642.20000000 2677.00000000 2621.40000000 554310788.60000000 209457.00000000
1587560400000 1587570540000 2696.80000000 2655.00000000 2706.80000000 2631.20000000 1132720901.20000000 426023.00000000
1587546000000 1587560340000 2681.80000000 2696.80000000 2698.80000000 2667.80000000 563234770.20000000 209980.00000000
1587538800000 1587545940000 2651.60000000 2682.40000000 2688.80000000 2634.20000000 397432512.00000000 148846.00000000
1587474000000 1587484140000 2611.60000000 2659.20000000 2679.20000000 2601.00000000 1242774747.40000000 470145.00000000
1587459600000 1587473940000 2692.00000000 2613.20000000 2695.40000000 2610.20000000 865229373.20000000 326234.00000000
1587452400000 1587459540000 2681.60000000 2690.20000000 2694.80000000 2665.00000000 597196199.40000000 223137.00000000
1587387600000 1587397800000 2666.80000000 2736.40000000 2746.00000000 2660.20000000 1334617134.40000000 490948.00000000
1587373200000 1587387540000 2691.80000000 2666.80000000 2693.80000000 2642.00000000 488635518.60000000 183111.00000000
1587366000000 1587373140000 2670.00000000 2691.80000000 2704.60000000 2650.40000000 508090877.40000000 189687.00000000
1587128400000 1587138600000 2662.40000000 2630.40000000 2664.40000000 2623.60000000 616842338.40000000 233300.00000000
1587114000000 1587128340000 2639.00000000 2662.40000000 2666.60000000 2620.20000000 301769263.20000000 113826.00000000
1587106800000 1587113940000 2659.60000000 2639.60000000 2668.80000000 2630.20000000 303605307.40000000 114572.00000000
1587042000000 1587052080000 2647.20000000 2637.80000000 2655.00000000 2570.20000000 874364871.60000000 335251.00000000
1587027600000 1587041940000 2649.80000000 2649.60000000 2658.40000000 2630.40000000 308382162.00000000 116590.00000000
1587020400000 1587027540000 2603.00000000 2651.60000000 2680.00000000 2590.20000000 679176707.80000000 257189.00000000
1586955600000 1586965800000 2641.60000000 2588.20000000 2653.80000000 2584.40000000 968364406.20000000 371269.00000000
1586941200000 1586955540000 2672.00000000 2641.80000000 2678.00000000 2630.00000000 599674113.80000000 225685.00000000
1586934000000 1586941140000 2718.60000000 2671.00000000 2719.80000000 2661.00000000 482990245.00000000 179647.00000000
1586869200000 1586879400000 2706.00000000 2755.60000000 2782.40000000 2703.00000000 1544138217.00000000 561448.00000000
1586854800000 1586869140000 2697.60000000 2704.60000000 2709.40000000 2688.80000000 510660214.40000000 189150.00000000
1586847600000 1586854740000 2698.80000000 2698.80000000 2708.60000000 2687.60000000 425683831.00000000 157643.00000000
1586782800000 1586793000000 2648.40000000 2659.00000000 2673.80000000 2639.00000000 378894390.20000000 142643.00000000
1586768400000 1586782740000 2648.60000000 2648.40000000 2659.20000000 2640.20000000 151182015.00000000 57027.00000000
1586761200000 1586768340000 2659.60000000 2648.40000000 2688.00000000 2623.20000000 400405656.80000000 150990.00000000
1586523600000 1586533800000 2697.80000000 2701.00000000 2705.00000000 2694.00000000 240760065.00000000 89226.00000000
1586509200000 1586523540000 2673.60000000 2697.60000000 2698.60000000 2671.60000000 204853133.00000000 76311.00000000
1586502000000 1586509140000 2705.60000000 2673.60000000 2705.60000000 2673.00000000 258790157.00000000 96423.00000000
1586437200000 1586447400000 2724.00000000 2697.20000000 2727.00000000 2661.20000000 1301261595.60000000 484446.00000000
1586422800000 1586437140000 2714.80000000 2724.00000000 2742.00000000 2664.60000000 855866756.00000000 316710.00000000
1586415600000 1586422740000 2724.80000000 2716.20000000 2755.80000000 2692.40000000 668963209.40000000 245423.00000000
1586350800000 1586360880000 2657.00000000 2742.60000000 2742.60000000 2631.40000000 1238583083.00000000 461346.00000000
1586336400000 1586350740000 2632.40000000 2656.60000000 2665.00000000 2618.00000000 365229660.60000000 138196.00000000
1586329200000 1586336340000 2622.00000000 2632.60000000 2654.00000000 2600.20000000 416201790.80000000 158078.00000000
1586264400000 1586274600000 2652.60000000 2668.00000000 2695.00000000 2634.40000000 983609867.20000000 369222.00000000
1586250000000 1586264340000 2651.20000000 2652.80000000 2667.00000000 2629.00000000 734814064.40000000 277271.00000000
1586242800000 1586249940000 2609.00000000 2651.20000000 2654.60000000 2602.20000000 696048661.20000000 264428.00000000
1586178000000 1586188200000 2576.40000000 2582.00000000 2609.00000000 2558.00000000 1128871319.60000000 436638.00000000
1586163600000 1586177940000 2550.40000000 2576.20000000 2588.20000000 2550.00000000 534954953.20000000 208001.00000000
1586156400000 1586163540000 2566.40000000 2549.60000000 2566.40000000 2536.20000000 365517254.80000000 143247.00000000
1585918800000 1585929000000 2569.80000000 2520.00000000 2584.00000000 2514.40000000 1332420761.60000000 524832.00000000
1585904400000 1585918740000 2572.00000000 2567.60000000 2574.00000000 2534.00000000 569603760.40000000 222803.00000000
1585897200000 1585904340000 2540.20000000 2572.00000000 2578.00000000 2534.20000000 433482768.40000000 169426.00000000
1585832400000 1585842480000 2585.60000000 2550.80000000 2589.00000000 2493.80000000 1847457732.80000000 724339.00000000
1585818000000 1585832340000 2626.80000000 2585.60000000 2631.00000000 2575.00000000 469406892.80000000 180294.00000000
1585810800000 1585817940000 2621.00000000 2626.80000000 2650.00000000 2611.60000000 528484069.60000000 200844.00000000
1585746000000 1585756200000 2647.20000000 2605.80000000 2649.00000000 2591.00000000 954577761.60000000 364504.00000000
1585731600000 1585745940000 2656.00000000 2648.40000000 2668.00000000 2638.00000000 441996080.20000000 166874.00000000
1585724400000 1585731540000 2652.00000000 2656.60000000 2679.60000000 2625.00000000 615207557.60000000 232188.00000000
1585659600000 1585669800000 2672.00000000 2714.40000000 2717.60000000 2658.00000000 853499665.40000000 316719.00000000
1585645200000 1585659540000 2723.20000000 2671.60000000 2749.40000000 2647.00000000 735123588.60000000 272359.00000000
1585638000000 1585645140000 2700.00000000 2722.20000000 2744.40000000 2682.40000000 614894376.00000000 226030.00000000
1585573200000 1585583340000 2654.20000000 2670.20000000 2678.80000000 2620.00000000 766763121.20000000 289008.00000000
1585558800000 1585573140000 2624.40000000 2652.80000000 2654.80000000 2620.80000000 464674971.80000000 176137.00000000
1585551600000 1585558740000 2577.20000000 2625.00000000 2634.00000000 2577.00000000 503010367.40000000 192427.00000000
1585314000000 1585324140000 2577.00000000 2597.00000000 2605.60000000 2552.60000000 788458004.80000000 305444.00000000
1585313760000 1585313940000 2592.40000000 2575.00000000 2596.40000000 2575.00000000 10869232.40000000 4202.00000000
1585299600000 1585313700000 2617.20000000 2592.40000000 2631.80000000 2564.60000000 673772021.80000000 259018.00000000
1585292400000 1585299540000 2650.00000000 2619.00000000 2668.00000000 2603.20000000 604757414.40000000 229863.00000000
1585227600000 1585237800000 2544.40000000 2610.00000000 2640.00000000 2535.00000000 1899370474.80000000 731878.00000000
1585213200000 1585227540000 2573.00000000 2542.20000000 2581.00000000 2505.00000000 656417620.80000000 258141.00000000
1585206000000 1585213140000 2584.00000000 2571.20000000 2600.00000000 2541.60000000 454565908.80000000 177125.00000000
1585141200000 1585151400000 2498.40000000 2555.80000000 2586.00000000 2483.00000000 1372684939.20000000 540835.00000000
1585126800000 1585141140000 2551.40000000 2499.80000000 2572.00000000 2480.20000000 996774529.00000000 395583.00000000
1585119600000 1585126740000 2550.00000000 2551.40000000 2595.00000000 2501.40000000 1049602938.80000000 409234.00000000
1585054800000 1585064940000 2438.00000000 2459.00000000 2489.00000000 2397.40000000 1126245727.00000000 460227.00000000
1585040400000 1585054740000 2394.20000000 2438.00000000 2449.80000000 2393.40000000 716302934.60000000 295008.00000000
1585033200000 1585040340000 2363.00000000 2393.60000000 2420.00000000 2363.00000000 761963577.00000000 319001.00000000
1584968400000 1584978600000 2462.80000000 2299.80000000 2494.40000000 2295.00000000 1497291139.00000000 634878.00000000
1584954000000 1584968340000 2364.20000000 2460.80000000 2493.00000000 2351.20000000 883372301.60000000 366313.00000000
1584946800000 1584953940000 2368.60000000 2365.40000000 2379.80000000 2323.00000000 534848906.80000000 227496.00000000
1584709200000 1584719400000 2503.00000000 2455.20000000 2525.00000000 2414.00000000 1310658552.20000000 532482.00000000
1584694800000 1584709140000 2542.00000000 2501.20000000 2544.80000000 2472.00000000 905754530.20000000 360974.00000000
1584687600000 1584694740000 2482.60000000 2542.00000000 2593.40000000 2466.20000000 1116644258.80000000 441516.00000000
1584622800000 1584633000000 2365.00000000 2434.00000000 2464.40000000 2276.00000000 1618615046.00000000 685561.00000000
1584608400000 1584622740000 2358.80000000 2365.00000000 2365.00000000 2306.00000000 1089929049.20000000 465942.00000000
1584601200000 1584608340000 2346.80000000 2356.40000000 2369.40000000 2273.20000000 827849361.00000000 355396.00000000
1584536400000 1584546600000 2274.80000000 2318.80000000 2400.00000000 2251.00000000 1630537017.20000000 699419.00000000
1584522000000 1584536340000 2307.80000000 2273.00000000 2329.80000000 2262.40000000 766263795.60000000 333205.00000000
1584514800000 1584521940000 2357.00000000 2303.00000000 2391.80000000 2300.20000000 600913978.00000000 256140.00000000
1584450000000 1584460200000 2322.00000000 2425.00000000 2438.80000000 2257.00000000 1267327812.60000000 540014.00000000
1584435600000 1584449940000 2336.00000000 2322.40000000 2368.00000000 2291.20000000 537185329.40000000 231087.00000000
1584428400000 1584435540000 2312.80000000 2336.00000000 2413.00000000 2310.20000000 730581793.40000000 308658.00000000
1584363600000 1584373800000 2295.80000000 2370.00000000 2384.80000000 2241.20000000 1470090094.80000000 638846.00000000
1584349200000 1584363540000 2372.40000000 2293.80000000 2388.40000000 2290.20000000 881748372.60000000 375469.00000000
1584342000000 1584349140000 2459.60000000 2371.80000000 2459.60000000 2330.40000000 661436698.20000000 276905.00000000
1584104400000 1584114600000 2565.00000000 2470.00000000 2579.80000000 2450.00000000 1075781233.60000000 430497.00000000
1584090000000 1584104340000 2472.80000000 2567.20000000 2620.60000000 2468.00000000 1187431543.80000000 464988.00000000
1584082800000 1584089940000 2439.80000000 2473.00000000 2535.00000000 2400.00000000 807790577.20000000 325516.00000000
1584018000000 1584028080000 2471.40000000 2460.00000000 2548.00000000 2376.20000000 1378008657.60000000 556848.00000000
1584003600000 1584017940000 2514.80000000 2473.60000000 2516.60000000 2350.00000000 1567077740.00000000 642214.00000000
1583996400000 1584003540000 2559.80000000 2514.80000000 2560.00000000 2453.40000000 859870488.20000000 341843.00000000
1583931600000 1583941800000 2524.60000000 2615.00000000 2640.00000000 2522.00000000 931727121.20000000 358194.00000000
1583917200000 1583931540000 2593.40000000 2524.80000000 2593.80000000 2521.00000000 676019399.40000000 264185.00000000
1583910000000 1583917140000 2616.80000000 2593.00000000 2635.40000000 2520.00000000 753394758.00000000 290772.00000000
1583845200000 1583855280000 2710.80000000 2590.00000000 2723.60000000 2573.40000000 963683610.80000000 365053.00000000
1583830800000 1583845140000 2630.00000000 2714.00000000 2757.80000000 2627.20000000 1706492025.40000000 630395.00000000
1583823600000 1583830740000 2509.20000000 2630.00000000 2670.00000000 2500.00000000 1343476763.60000000 517378.00000000
1583499600000 1583509800000 2616.00000000 2685.00000000 2695.20000000 2609.20000000 887178131.00000000 333944.00000000
1583485200000 1583499540000 2657.40000000 2614.00000000 2667.00000000 2556.00000000 1149870778.80000000 441212.00000000
1583478000000 1583485140000 2700.80000000 2656.80000000 2711.80000000 2645.20000000 618398331.80000000 231222.00000000
1583413200000 1583423400000 2669.60000000 2728.20000000 2736.00000000 2643.20000000 1306105956.20000000 482995.00000000
1583398800000 1583413140000 2683.20000000 2671.60000000 2694.60000000 2656.40000000 397572812.00000000 148784.00000000
1583391600000 1583398740000 2755.00000000 2683.20000000 2755.00000000 2667.00000000 752937174.00000000 278894.00000000
1583326800000 1583337000000 2691.20000000 2654.20000000 2708.80000000 2644.60000000 954634116.60000000 357260.00000000
1583312400000 1583326740000 2677.00000000 2691.20000000 2697.00000000 2670.00000000 379327326.80000000 141293.00000000
1583305200000 1583312340000 2680.00000000 2677.20000000 2691.80000000 2632.60000000 533525605.40000000 200275.00000000
1583240400000 1583250600000 2762.00000000 2723.00000000 2784.80000000 2702.40000000 1282933194.60000000 467876.00000000
1583226000000 1583240340000 2734.20000000 2761.80000000 2769.80000000 2701.40000000 828505744.80000000 302266.00000000
1583218800000 1583225940000 2745.00000000 2733.00000000 2753.40000000 2723.00000000 553376552.00000000 202056.00000000
1583154000000 1583164200000 2673.20000000 2721.40000000 2740.00000000 2650.40000000 934850642.00000000 346004.00000000
1583139600000 1583153940000 2752.60000000 2672.80000000 2753.00000000 2615.20000000 1433019113.20000000 534004.00000000
1583132400000 1583139540000 2749.80000000 2752.60000000 2762.80000000 2681.00000000 1127560330.60000000 412196.00000000
1582894800000 1582905000000 2623.80000000 2659.80000000 2686.00000000 2595.00000000 1315800760.40000000 499029.00000000
1582892460000 1582894740000 2614.00000000 2623.80000000 2645.00000000 2613.60000000 237437712.60000000 90174.00000000
1582880400000 1582892400000 2588.40000000 2613.60000000 2633.00000000 2540.20000000 974812390.00000000 376589.00000000
1582873200000 1582880340000 2622.00000000 2588.20000000 2633.40000000 2541.00000000 1293492102.00000000 500784.00000000
1582808400000 1582818600000 2642.40000000 2678.20000000 2713.80000000 2626.40000000 1532746307.60000000 575029.00000000
1582794000000 1582808340000 2697.60000000 2641.00000000 2727.20000000 2625.40000000 1486933089.60000000 555583.00000000
1582786800000 1582793940000 2666.00000000 2696.40000000 2744.40000000 2620.40000000 1441713869.20000000 534985.00000000
1582722000000 1582732200000 2640.40000000 2690.80000000 2704.80000000 2633.00000000 2496230491.40000000 935607.00000000
1582707600000 1582721940000 2653.60000000 2638.00000000 2659.40000000 2538.40000000 2194065825.00000000 843131.00000000
1582700400000 1582707540000 2661.60000000 2653.40000000 2690.00000000 2611.60000000 1399420632.80000000 527758.00000000
1582635600000 1582645800000 2783.20000000 2681.80000000 2804.00000000 2672.60000000 2578680961.80000000 940739.00000000
1582621200000 1582635540000 2837.20000000 2783.20000000 2842.40000000 2723.20000000 2336311509.80000000 842039.00000000
1582614000000 1582621140000 2800.00000000 2837.20000000 2869.80000000 2750.20000000 1503158462.20000000 530406.00000000
1582290000000 1582300200000 2989.60000000 2911.80000000 2990.00000000 2910.60000000 1429866731.20000000 486556.00000000
1582275600000 1582289940000 2991.00000000 2989.40000000 2993.80000000 2980.40000000 193216097.60000000 64664.00000000
1582268400000 1582275540000 2970.20000000 2991.00000000 2996.00000000 2970.20000000 275432229.00000000 92233.00000000
1582203600000 1582213800000 2968.80000000 2988.40000000 2996.40000000 2948.40000000 1262876332.20000000 424480.00000000
1582189200000 1582203540000 2964.60000000 2969.80000000 2983.60000000 2960.00000000 552181324.80000000 185737.00000000
1582182000000 1582189140000 2942.80000000 2963.40000000 2973.80000000 2941.40000000 380026567.60000000 128417.00000000
1582117200000 1582127400000 2953.80000000 2953.00000000 2962.40000000 2922.00000000 1018774589.40000000 346226.00000000
1582102800000 1582117140000 2944.00000000 2952.40000000 2991.20000000 2940.00000000 828133465.60000000 279255.00000000
1582095600000 1582102740000 2918.60000000 2944.40000000 2945.00000000 2912.60000000 305266798.80000000 104125.00000000
1582030800000 1582041000000 2934.00000000 2937.00000000 2955.00000000 2917.20000000 753793593.40000000 256671.00000000
1582016400000 1582030740000 2960.00000000 2935.80000000 2962.80000000 2920.20000000 525256728.60000000 178370.00000000
1582009200000 1582016340000 2993.00000000 2961.20000000 2993.00000000 2947.00000000 460991418.40000000 155322.00000000
1581944400000 1581954600000 2976.00000000 2983.60000000 2987.00000000 2974.40000000 242069392.20000000 81180.00000000
1581930000000 1581944340000 2969.20000000 2975.00000000 2989.80000000 2965.20000000 377093157.40000000 126647.00000000
1581922800000 1581929940000 2980.00000000 2971.00000000 2980.40000000 2935.40000000 857681097.60000000 289962.00000000
1581685200000 1581695400000 2998.80000000 3011.00000000 3031.80000000 2950.80000000 2038422872.00000000 682337.00000000
1581670800000 1581685140000 3095.40000000 2998.80000000 3117.00000000 2955.00000000 3496731609.80000000 1159110.00000000
1581663600000 1581670740000 3120.00000000 3096.40000000 3127.60000000 3089.00000000 478848180.20000000 153920.00000000
1581598800000 1581608940000 3064.60000000 3087.40000000 3097.00000000 3060.40000000 645474700.40000000 209525.00000000
1581584400000 1581598740000 3059.60000000 3064.80000000 3066.80000000 3035.20000000 564566306.40000000 184876.00000000
1581577200000 1581584340000 3067.00000000 3059.20000000 3085.00000000 3052.40000000 373811699.00000000 121858.00000000
1581512400000 1581522600000 3068.00000000 3037.20000000 3069.40000000 3033.00000000 805005824.40000000 263767.00000000
1581498000000 1581512340000 3067.20000000 3068.00000000 3069.40000000 3053.20000000 489814457.20000000 159846.00000000
1581490800000 1581497940000 3084.60000000 3067.20000000 3084.60000000 3055.00000000 388285780.00000000 126609.00000000
1581426000000 1581436140000 3106.80000000 3085.00000000 3110.00000000 3066.20000000 501811207.00000000 162580.00000000
1581411600000 1581425940000 3105.60000000 3106.80000000 3111.60000000 3092.20000000 202783677.20000000 65349.00000000
1581404400000 1581411540000 3095.00000000 3105.00000000 3131.20000000 3095.00000000 349892666.60000000 112477.00000000
1581339600000 1581349800000 3115.60000000 3087.20000000 3120.00000000 3070.00000000 441409816.40000000 142716.00000000
1581325200000 1581339540000 3116.60000000 3115.40000000 3119.80000000 3065.00000000 481057580.80000000 155294.00000000
1581318000000 1581325140000 3103.80000000 3117.00000000 3143.00000000 3100.20000000 401503013.00000000 128298.00000000
1581080400000 1581090600000 3056.00000000 3103.80000000 3140.00000000 3056.00000000 904990649.40000000 292284.00000000
1581066000000 1581080340000 3065.00000000 3057.00000000 3066.00000000 3022.40000000 312282210.20000000 102621.00000000
1581058800000 1581065940000 3058.60000000 3065.00000000 3070.00000000 3031.40000000 266253145.80000000 87153.00000000
1580994000000 1581004200000 3037.80000000 3048.20000000 3059.00000000 3003.40000000 488457283.60000000 160927.00000000
1580979600000 1580993940000 3063.40000000 3036.40000000 3065.80000000 3032.40000000 318328830.40000000 104307.00000000
1580972400000 1580979540000 3029.40000000 3065.40000000 3076.00000000 3029.40000000 381989312.40000000 124737.00000000
1580907600000 1580917800000 3042.60000000 3008.20000000 3081.00000000 2992.40000000 801022736.00000000 264113.00000000
1580893200000 1580907540000 3038.00000000 3042.60000000 3079.40000000 3035.00000000 791462655.60000000 259074.00000000
1580886000000 1580893140000 3018.20000000 3038.00000000 3039.40000000 3000.20000000 515282899.60000000 170479.00000000
1580821200000 1580831400000 2968.80000000 2990.00000000 2994.80000000 2962.00000000 488490367.40000000 163911.00000000
1580806800000 1580821140000 2950.20000000 2968.80000000 2987.00000000 2943.60000000 479427269.20000000 161909.00000000
1580799600000 1580806740000 2912.40000000 2951.00000000 2952.20000000 2907.00000000 427061945.40000000 145312.00000000
1580734800000 1580744880000 2881.40000000 2880.60000000 2894.60000000 2875.20000000 186472557.20000000 64626.00000000
1580720400000 1580734740000 2888.80000000 2881.80000000 2896.00000000 2876.80000000 293740331.00000000 101739.00000000
1580713200000 1580720340000 2856.80000000 2888.80000000 2899.60000000 2843.20000000 304063931.20000000 105342.00000000
1580475600000 1580485740000 2891.40000000 2873.40000000 2913.00000000 2871.00000000 457105942.20000000 158098.00000000
1580461200000 1580475540000 2894.80000000 2890.00000000 2899.40000000 2865.40000000 259268717.20000000 89884.00000000
1580454000000 1580461140000 2910.00000000 2893.40000000 2910.00000000 2882.00000000 143359442.20000000 49492.00000000
1580389200000 1580399400000 2893.20000000 2888.00000000 2905.00000000 2871.20000000 527995100.40000000 182388.00000000
1580374800000 1580389140000 2875.40000000 2892.20000000 2897.40000000 2870.00000000 272951570.80000000 94585.00000000
1580367600000 1580374740000 2881.40000000 2875.40000000 2885.20000000 2852.40000000 192221767.00000000 67031.00000000
1580302800000 1580313000000 2860.80000000 2890.00000000 2890.00000000 2850.00000000 687843938.80000000 239573.00000000
1580288400000 1580302740000 2850.80000000 2861.60000000 2868.00000000 2843.00000000 492611748.20000000 172320.00000000
1580281200000 1580288340000 2812.40000000 2850.00000000 2867.40000000 2812.40000000 768496693.80000000 271197.00000000
1580216400000 1580226480000 2804.80000000 2799.80000000 2809.00000000 2765.60000000 389966094.60000000 139743.00000000
1580202000000 1580216340000 2789.80000000 2804.00000000 2808.60000000 2775.20000000 272272221.80000000 97586.00000000
1580194800000 1580201940000 2784.60000000 2788.60000000 2813.80000000 2784.60000000 336834225.20000000 120260.00000000
1580130000000 1580140080000 2744.60000000 2780.00000000 2785.00000000 2735.20000000 433079605.80000000 156736.00000000
1580115600000 1580129940000 2785.00000000 2744.60000000 2802.00000000 2735.20000000 622699512.40000000 225165.00000000
1580108400000 1580115540000 2780.20000000 2783.20000000 2792.80000000 2751.00000000 272393315.00000000 98132.00000000
1579870800000 1579880940000 2787.00000000 2798.00000000 2818.00000000 2783.00000000 437744797.80000000 156340.00000000
1579856400000 1579870740000 2795.80000000 2786.80000000 2799.20000000 2775.80000000 331484005.00000000 118931.00000000
1579849200000 1579856340000 2798.00000000 2795.80000000 2803.20000000 2783.20000000 255232681.40000000 91390.00000000
1579784400000 1579794600000 2791.60000000 2820.20000000 2826.60000000 2778.20000000 503962515.20000000 179768.00000000
1579770000000 1579784340000 2795.00000000 2793.00000000 2800.00000000 2790.80000000 238545575.00000000 85311.00000000
1579762800000 1579769940000 2790.80000000 2795.20000000 2806.80000000 2740.00000000 601942755.20000000 216102.00000000
1579698000000 1579708200000 2767.40000000 2790.00000000 2794.80000000 2673.20000000 1638147535.40000000 596442.00000000
1579683600000 1579697940000 2794.00000000 2769.00000000 2799.60000000 2767.40000000 276629329.00000000 99403.00000000
1579676400000 1579683540000 2800.00000000 2794.00000000 2800.00000000 2782.60000000 172564648.00000000 61812.00000000
1579611600000 1579621800000 2772.00000000 2770.00000000 2790.00000000 2766.20000000 342726099.60000000 123395.00000000
1579597200000 1579611540000 2781.00000000 2772.00000000 2796.00000000 2765.40000000 336350483.00000000 121141.00000000
1579590000000 1579597140000 2800.00000000 2780.80000000 2800.00000000 2762.60000000 293461290.40000000 105630.00000000
1579525200000 1579535400000 2811.00000000 2800.00000000 2817.20000000 2795.80000000 345586435.00000000 123169.00000000
1579510800000 1579525140000 2817.00000000 2811.20000000 2821.40000000 2802.00000000 245397846.40000000 87253.00000000
1579503600000 1579510740000 2791.00000000 2817.00000000 2827.00000000 2777.00000000 361111280.60000000 129033.00000000
1579266000000 1579276140000 2738.80000000 2772.80000000 2776.80000000 2726.80000000 671038297.80000000 243596.00000000
1579251600000 1579265940000 2752.00000000 2738.40000000 2769.00000000 2726.20000000 821495060.80000000 298076.00000000
1579244400000 1579251540000 2730.00000000 2752.80000000 2754.00000000 2730.00000000 349626789.00000000 127467.00000000
1579179600000 1579189800000 2792.00000000 2719.80000000 2792.00000000 2714.00000000 1196788840.60000000 435592.00000000
1579165200000 1579179540000 2754.00000000 2791.20000000 2794.80000000 2753.80000000 1036312939.60000000 373588.00000000
1579158000000 1579165140000 2678.80000000 2754.20000000 2869.20000000 2673.20000000 1831296689.20000000 660222.00000000
1579093200000 1579103340000 2700.80000000 2690.00000000 2708.40000000 2666.20000000 689136299.60000000 256491.00000000
1579078800000 1579093140000 2676.40000000 2701.00000000 2705.20000000 2671.00000000 199655995.40000000 74209.00000000
1579071600000 1579078740000 2677.00000000 2676.40000000 2698.00000000 2660.00000000 228740172.40000000 85422.00000000
1579006800000 1579017000000 2716.20000000 2685.00000000 2750.00000000 2683.80000000 839158198.80000000 309336.00000000
1578992400000 1579006740000 2718.60000000 2716.20000000 2724.00000000 2709.80000000 185119638.00000000 68151.00000000
1578985200000 1578992340000 2719.00000000 2718.60000000 2726.00000000 2700.20000000 247439551.20000000 91019.00000000
1578920400000 1578930600000 2720.20000000 2703.40000000 2729.80000000 2695.20000000 535121140.40000000 197214.00000000
1578906000000 1578920340000 2712.60000000 2721.00000000 2724.00000000 2708.00000000 178549422.00000000 65720.00000000
1578898800000 1578905940000 2715.00000000 2712.60000000 2717.00000000 2692.00000000 184262161.20000000 68030.00000000
1578661200000 1578671400000 2738.20000000 2725.00000000 2760.00000000 2718.80000000 453521520.00000000 165707.00000000
1578646800000 1578661140000 2723.80000000 2738.20000000 2743.40000000 2721.00000000 161949928.20000000 59218.00000000
1578639600000 1578646740000 2728.40000000 2723.20000000 2730.80000000 2700.20000000 222986437.60000000 82191.00000000
1578574800000 1578585000000 2719.20000000 2728.40000000 2737.20000000 2705.40000000 467509930.60000000 171635.00000000
1578560400000 1578574740000 2694.20000000 2719.20000000 2729.00000000 2683.40000000 229619054.80000000 84791.00000000
1578553200000 1578560340000 2682.60000000 2694.20000000 2707.00000000 2682.60000000 135806541.00000000 50367.00000000
1578488400000 1578498600000 2677.00000000 2677.00000000 2707.00000000 2672.00000000 368729643.80000000 137162.00000000
1578474000000 1578488340000 2655.00000000 2676.80000000 2677.00000000 2653.60000000 167043209.80000000 62721.00000000
1578466800000 1578473940000 2663.80000000 2655.00000000 2664.00000000 2636.20000000 139701427.40000000 52672.00000000
1578315600000 1578325800000 2675.00000000 2672.00000000 2676.80000000 2657.00000000 186931327.00000000 70099.00000000
1578301200000 1578315540000 2671.40000000 2675.00000000 2679.60000000 2662.40000000 129954561.80000000 48621.00000000
1578294000000 1578301140000 2682.40000000 2673.00000000 2682.40000000 2650.60000000 287302497.20000000 107836.00000000
1578056400000 1578066600000 2701.60000000 2685.00000000 2712.00000000 2677.40000000 458935405.80000000 170588.00000000
1578042000000 1578056280000 2709.20000000 2702.80000000 2714.00000000 2697.60000000 142833282.40000000 52786.00000000
1578034800000 1578041940000 2712.80000000 2708.00000000 2718.00000000 2697.40000000 108782285.00000000 40134.00000000
1577710800000 1577721000000 2735.00000000 2697.00000000 2740.00000000 2665.00000000 481265134.80000000 178449.00000000
1577696400000 1577710740000 2729.20000000 2735.80000000 2738.40000000 2727.60000000 84349923.60000000 30872.00000000
1577689200000 1577696340000 2736.00000000 2729.20000000 2738.00000000 2715.20000000 106905453.60000000 39208.00000000
1577451600000 1577461680000 2742.60000000 2736.00000000 2750.00000000 2720.40000000 406895967.00000000 148555.00000000
1577437200000 1577451540000 2724.80000000 2744.20000000 2748.60000000 2721.20000000 221546659.40000000 80903.00000000
1577430000000 1577437140000 2713.40000000 2724.60000000 2735.00000000 2710.00000000 158734926.00000000 58272.00000000
1577365200000 1577375280000 2694.00000000 2713.00000000 2718.60000000 2690.00000000 341251763.40000000 125995.00000000
1577350800000 1577365140000 2695.00000000 2694.00000000 2696.00000000 2678.00000000 89644259.60000000 33318.00000000
1577343600000 1577350740000 2689.00000000 2695.00000000 2697.00000000 2681.20000000 46458186.60000000 17253.00000000
1577278800000 1577288760000 2678.40000000 2687.00000000 2689.80000000 2675.20000000 54666501.00000000 20384.00000000
1577264400000 1577278680000 2682.80000000 2678.40000000 2685.00000000 2672.00000000 46469164.80000000 17358.00000000
1577257200000 1577264340000 2688.00000000 2679.40000000 2693.00000000 2673.20000000 54097620.20000000 20179.00000000
1577192400000 1577202540000 2698.80000000 2688.00000000 2698.80000000 2676.20000000 102297397.40000000 38055.00000000
1577178000000 1577192340000 2695.20000000 2699.00000000 2703.00000000 2686.00000000 168324598.80000000 62407.00000000
1577170800000 1577177940000 2704.60000000 2694.00000000 2711.80000000 2685.20000000 156351559.60000000 57976.00000000
1577106000000 1577116140000 2684.80000000 2699.80000000 2707.60000000 2681.20000000 505012245.80000000 187374.00000000
1577091600000 1577105880000 2681.80000000 2684.00000000 2692.00000000 2680.40000000 101428583.20000000 37779.00000000
1577084400000 1577091540000 2680.40000000 2682.80000000 2696.80000000 2675.20000000 151513166.80000000 56331.00000000
1576846800000 1576857000000 2688.80000000 2680.00000000 2689.80000000 2654.00000000 484312851.60000000 180934.00000000
1576832400000 1576846740000 2662.60000000 2690.60000000 2693.80000000 2657.40000000 415739738.60000000 155513.00000000
1576825200000 1576832340000 2653.00000000 2662.60000000 2682.40000000 2650.20000000 398995417.00000000 149709.00000000
1576760400000 1576770420000 2652.80000000 2623.20000000 2653.00000000 2615.00000000 624939441.60000000 237893.00000000
1576746000000 1576760340000 2649.40000000 2652.80000000 2659.00000000 2630.80000000 545972998.60000000 206243.00000000
1576738800000 1576745940000 2617.20000000 2649.40000000 2650.00000000 2617.20000000 184163188.40000000 69739.00000000
1576674000000 1576684200000 2635.20000000 2625.00000000 2649.00000000 2620.40000000 420790611.80000000 159740.00000000
1576659600000 1576673940000 2626.60000000 2635.20000000 2654.80000000 2620.40000000 330503806.60000000 125243.00000000
1576652400000 1576659540000 2634.40000000 2628.20000000 2634.40000000 2612.00000000 175492819.20000000 66912.00000000
1576587600000 1576597800000 2674.80000000 2660.00000000 2679.20000000 2644.20000000 335268245.00000000 125860.00000000
1576573200000 1576587540000 2667.80000000 2673.60000000 2678.40000000 2663.40000000 159529994.60000000 59722.00000000
1576566000000 1576573140000 2676.00000000 2667.20000000 2693.60000000 2655.20000000 279993908.00000000 104689.00000000
1576501200000 1576511400000 2696.00000000 2690.00000000 2718.80000000 2675.40000000 682137162.40000000 252964.00000000
1576486800000 1576501140000 2689.20000000 2693.80000000 2699.20000000 2676.60000000 472202007.40000000 175592.00000000
1576479600000 1576486740000 2700.20000000 2687.80000000 2712.00000000 2685.00000000 379117698.40000000 140489.00000000
1576242000000 1576252200000 2615.40000000 2662.80000000 2663.00000000 2608.60000000 522059186.60000000 197931.00000000
1576227600000 1576241940000 2610.00000000 2613.80000000 2628.40000000 2605.20000000 298222361.60000000 114107.00000000
1576220400000 1576227540000 2636.00000000 2610.00000000 2636.00000000 2606.20000000 110897088.60000000 42410.00000000
1576155600000 1576165800000 2623.60000000 2628.00000000 2635.80000000 2615.60000000 275000042.20000000 104719.00000000
1576141200000 1576155540000 2619.20000000 2623.20000000 2636.20000000 2612.60000000 133918454.00000000 51038.00000000
1576134000000 1576141140000 2610.80000000 2619.40000000 2649.80000000 2600.00000000 362795791.40000000 138247.00000000
1576069200000 1576079400000 2585.40000000 2595.00000000 2596.60000000 2575.00000000 256735154.20000000 99166.00000000
1576054800000 1576069140000 2592.80000000 2586.40000000 2597.00000000 2575.40000000 126760788.40000000 49067.00000000
1576047600000 1576054740000 2577.00000000 2592.80000000 2598.00000000 2571.40000000 157340811.00000000 60796.00000000
1575982800000 1575992940000 2554.40000000 2588.00000000 2593.40000000 2550.00000000 290064941.80000000 112622.00000000
1575968400000 1575982740000 2553.20000000 2553.40000000 2563.00000000 2536.00000000 234482051.80000000 92008.00000000
1575961200000 1575968340000 2578.80000000 2553.00000000 2578.80000000 2553.00000000 167508984.20000000 65295.00000000
1575896400000 1575906480000 2573.60000000 2584.00000000 2591.40000000 2560.20000000 292380662.60000000 113489.00000000
1575882000000 1575896340000 2588.00000000 2573.60000000 2608.80000000 2570.20000000 297304763.00000000 114836.00000000
1575874800000 1575881940000 2575.00000000 2588.20000000 2594.80000000 2573.00000000 110355408.00000000 42678.00000000
1575637200000 1575647400000 2562.00000000 2570.40000000 2573.40000000 2555.00000000 249513861.60000000 97160.00000000
1575622800000 1575637140000 2580.20000000 2564.20000000 2582.40000000 2541.60000000 286545430.00000000 111734.00000000
1575615600000 1575622740000 2568.60000000 2580.20000000 2595.80000000 2560.20000000 182870758.60000000 70872.00000000
1575550800000 1575561000000 2576.00000000 2568.40000000 2584.80000000 2555.60000000 384300743.40000000 149717.00000000
1575536400000 1575550740000 2580.80000000 2576.00000000 2583.80000000 2560.80000000 211024767.00000000 82048.00000000
1575529200000 1575536340000 2603.80000000 2579.40000000 2603.80000000 2564.00000000 332936965.80000000 129325.00000000
1575464400000 1575474600000 2607.60000000 2607.40000000 2642.00000000 2592.60000000 494010967.20000000 189005.00000000
1575450000000 1575464340000 2611.20000000 2607.60000000 2625.20000000 2601.20000000 199614237.20000000 76311.00000000
1575442800000 1575449940000 2601.00000000 2611.40000000 2619.80000000 2601.00000000 138507462.60000000 53022.00000000
1575378000000 1575388200000 2622.20000000 2599.00000000 2624.60000000 2589.20000000 538287500.20000000 206945.00000000
1575363600000 1575377940000 2634.60000000 2620.60000000 2653.00000000 2620.20000000 361778567.00000000 137256.00000000
1575356400000 1575363540000 2631.20000000 2634.80000000 2654.80000000 2582.40000000 615367598.80000000 234487.00000000
1575291600000 1575301740000 2718.20000000 2620.60000000 2724.20000000 2613.00000000 1453308143.60000000 545191.00000000
1575277200000 1575291540000 2716.40000000 2717.40000000 2728.00000000 2705.20000000 718316427.40000000 264041.00000000
1575270000000 1575277140000 2695.00000000 2715.60000000 2728.80000000 2683.20000000 447336582.20000000 164941.00000000
1575032400000 1575042600000 2641.60000000 2693.00000000 2696.80000000 2638.00000000 1016336945.80000000 380360.00000000
1575018000000 1575032340000 2622.00000000 2641.20000000 2647.00000000 2614.40000000 483700389.60000000 183463.00000000
1575010800000 1575017940000 2624.60000000 2622.00000000 2625.00000000 2606.40000000 163218170.80000000 62404.00000000
1574946000000 1574956200000 2621.00000000 2624.60000000 2626.00000000 2600.20000000 691934021.20000000 264782.00000000
1574931600000 1574945940000 2654.80000000 2621.80000000 2661.20000000 2615.20000000 525206827.40000000 199468.00000000
1574924400000 1574931540000 2669.00000000 2656.00000000 2676.60000000 2651.40000000 158992329.80000000 59737.00000000
1574859600000 1574869740000 2664.40000000 2668.00000000 2682.00000000 2645.00000000 531077511.80000000 199190.00000000
1574845200000 1574859540000 2675.80000000 2664.40000000 2678.00000000 2655.20000000 435095710.80000000 163088.00000000
1574838000000 1574845140000 2648.80000000 2675.40000000 2677.40000000 2640.20000000 328375723.20000000 123520.00000000
1574773200000 1574783340000 2625.20000000 2635.80000000 2662.00000000 2613.20000000 780459641.60000000 295869.00000000
1574758800000 1574773140000 2615.00000000 2625.20000000 2627.80000000 2593.00000000 306842079.00000000 117328.00000000
1574751600000 1574758740000 2624.60000000 2613.60000000 2629.20000000 2610.40000000 198888291.40000000 75910.00000000
1574686800000 1574697000000 2566.40000000 2629.00000000 2629.00000000 2565.00000000 760360716.40000000 291855.00000000
1574672400000 1574686740000 2575.60000000 2565.20000000 2576.80000000 2560.00000000 216795091.00000000 84445.00000000
1574665200000 1574672340000 2570.40000000 2576.60000000 2587.20000000 2565.20000000 159952998.40000000 62117.00000000
1574427600000 1574437800000 2547.00000000 2566.20000000 2569.80000000 2536.00000000 489606707.20000000 191365.00000000
1574413200000 1574427540000 2560.80000000 2547.40000000 2565.80000000 2535.00000000 462325674.40000000 180946.00000000
1574406000000 1574413140000 2541.00000000 2560.80000000 2563.80000000 2536.20000000 227907267.40000000 89327.00000000
1574341200000 1574351400000 2532.00000000 2549.00000000 2564.20000000 2530.60000000 933846032.60000000 366594.00000000
1574326800000 1574341140000 2533.00000000 2533.00000000 2550.00000000 2525.20000000 479571887.20000000 189051.00000000
1574319600000 1574326740000 2538.00000000 2533.80000000 2543.00000000 2515.20000000 509985009.60000000 201729.00000000
1574254800000 1574264880000 2479.40000000 2514.40000000 2524.00000000 2476.00000000 910568362.60000000 363735.00000000
1574240400000 1574254740000 2465.40000000 2480.00000000 2488.00000000 2463.00000000 260676865.00000000 105146.00000000
1574233200000 1574240340000 2492.60000000 2465.40000000 2505.00000000 2453.00000000 521070357.00000000 210374.00000000
1574168400000 1574178600000 2498.00000000 2510.00000000 2530.00000000 2495.00000000 1352949160.60000000 538354.00000000
1574154000000 1574168340000 2496.00000000 2497.40000000 2515.00000000 2494.00000000 862658355.20000000 344273.00000000
1574146800000 1574153940000 2545.20000000 2496.00000000 2545.40000000 2480.00000000 1626035052.00000000 649625.00000000
1574082000000 1574092200000 2423.20000000 2525.20000000 2540.00000000 2413.00000000 5737829130.80000000 2303385.00000000
1574067600000 1574081940000 2381.80000000 2423.80000000 2441.00000000 2379.40000000 2430135356.00000000 1005118.00000000
1574060400000 1574067540000 2375.00000000 2381.80000000 2400.00000000 2350.00000000 2355929217.80000000 990128.00000000
1573822800000 1573832940000 2202.40000000 2267.00000000 2269.80000000 2200.40000000 1441737199.00000000 644181.00000000
1573808400000 1573822740000 2211.00000000 2202.40000000 2212.00000000 2195.20000000 339406337.40000000 154097.00000000
1573801200000 1573808340000 2201.60000000 2210.20000000 2222.00000000 2201.60000000 537522360.60000000 242921.00000000
1573736400000 1573746600000 2183.00000000 2186.40000000 2193.00000000 2172.00000000 428506066.80000000 196224.00000000
1573722000000 1573736340000 2183.20000000 2183.00000000 2188.00000000 2180.20000000 150596160.80000000 68936.00000000
1573714800000 1573721940000 2180.00000000 2184.60000000 2187.00000000 2174.00000000 132108840.80000000 60567.00000000
1573650000000 1573660200000 2174.00000000 2173.80000000 2182.60000000 2170.00000000 295776030.80000000 135885.00000000
1573635600000 1573649940000 2172.00000000 2175.00000000 2177.00000000 2170.00000000 140914753.40000000 64861.00000000
1573628400000 1573635540000 2175.00000000 2172.00000000 2179.00000000 2168.00000000 187769823.40000000 86435.00000000
1573563600000 1573573800000 2179.60000000 2184.00000000 2188.80000000 2168.00000000 316140829.80000000 144878.00000000
1573549200000 1573563540000 2177.00000000 2180.60000000 2186.20000000 2173.00000000 268121895.20000000 122940.00000000
1573542000000 1573549140000 2183.00000000 2177.00000000 2189.00000000 2175.20000000 169025746.00000000 77472.00000000
1573477200000 1573487400000 2181.00000000 2179.60000000 2185.80000000 2161.20000000 427889043.40000000 196953.00000000
1573462800000 1573477140000 2184.20000000 2181.00000000 2187.60000000 2176.60000000 204918897.20000000 93852.00000000
1573455600000 1573462740000 2184.80000000 2184.20000000 2191.00000000 2175.00000000 140469914.80000000 64268.00000000
1573218000000 1573228200000 2170.60000000 2184.80000000 2189.00000000 2161.80000000 470857454.80000000 216156.00000000
1573203600000 1573217940000 2167.00000000 2170.60000000 2174.00000000 2165.20000000 240301141.20000000 110731.00000000
1573196400000 1573203540000 2176.80000000 2167.20000000 2176.80000000 1962.40000000 572143010.40000000 266692.00000000
1573131600000 1573141740000 2192.00000000 2187.80000000 2198.80000000 2180.20000000 459413909.60000000 209988.00000000
1573117200000 1573131540000 2191.40000000 2192.00000000 2195.80000000 2190.00000000 161352882.80000000 73583.00000000
1573110000000 1573117140000 2185.00000000 2190.00000000 2198.40000000 2171.00000000 282516458.60000000 129161.00000000
1573045200000 1573055280000 2192.20000000 2191.00000000 2198.60000000 2185.80000000 486555600.20000000 221915.00000000
1573030800000 1573045140000 2184.20000000 2192.00000000 2193.00000000 2182.20000000 377767864.40000000 172629.00000000
1573023600000 1573030740000 2178.00000000 2184.80000000 2186.60000000 2176.00000000 268045704.60000000 122854.00000000
1572958800000 1572968940000 2158.80000000 2171.40000000 2178.00000000 2156.40000000 737319374.00000000 339980.00000000
1572944400000 1572958740000 2158.40000000 2159.80000000 2164.00000000 2155.20000000 317654894.40000000 147001.00000000
1572937200000 1572944340000 2162.60000000 2158.00000000 2162.80000000 2150.20000000 247402114.00000000 114780.00000000
1572613200000 1572623400000 2135.00000000 2138.00000000 2143.20000000 2125.00000000 417991941.00000000 195692.00000000
1572598800000 1572613140000 2131.20000000 2134.60000000 2139.20000000 2128.80000000 164126383.00000000 76853.00000000
1572591600000 1572598740000 2141.80000000 2131.00000000 2143.80000000 2126.20000000 174972126.80000000 81896.00000000
1572526800000 1572537000000 2150.00000000 2125.80000000 2164.80000000 2115.00000000 863334938.00000000 403442.00000000
1572512400000 1572526740000 2154.00000000 2150.20000000 2158.00000000 2142.00000000 388531323.80000000 180765.00000000
1572505200000 1572512340000 2156.00000000 2154.00000000 2158.00000000 2141.80000000 225798737.20000000 104949.00000000
1572440400000 1572450600000 2160.60000000 2156.00000000 2164.20000000 2146.40000000 361701945.80000000 167827.00000000
1572426000000 1572440340000 2142.00000000 2160.60000000 2164.60000000 2136.60000000 727100860.20000000 337674.00000000
1572418800000 1572425940000 2142.00000000 2142.00000000 2147.00000000 2134.40000000 220196488.80000000 102801.00000000
1572354000000 1572364200000 2106.40000000 2134.40000000 2146.60000000 2105.80000000 897542551.40000000 420907.00000000
1572339600000 1572353940000 2131.80000000 2106.20000000 2134.00000000 2106.20000000 582694277.80000000 274299.00000000
1572332400000 1572339540000 2138.80000000 2131.20000000 2152.80000000 2120.20000000 434884558.60000000 203809.00000000
1572267600000 1572277800000 2070.40000000 2118.40000000 2149.20000000 2065.20000000 1938065580.20000000 917684.00000000
1572253200000 1572267540000 2080.60000000 2071.80000000 2081.00000000 2065.00000000 310731659.40000000 149930.00000000
1572246000000 1572253140000 2073.40000000 2080.00000000 2089.60000000 2066.20000000 481718762.80000000 231525.00000000
1572008400000 1572018600000 2098.20000000 2064.00000000 2105.00000000 2045.40000000 1429227546.80000000 691850.00000000
1571994000000 1572008340000 2113.40000000 2098.20000000 2158.60000000 2041.00000000 2360954964.20000000 1117095.00000000
1571986800000 1571993940000 2100.00000000 2113.40000000 2140.00000000 2097.60000000 999248384.80000000 471816.00000000
1571922000000 1571932200000 2083.00000000 2090.20000000 2090.40000000 2070.20000000 1188836396.80000000 572045.00000000
1571907600000 1571921940000 2063.00000000 2083.40000000 2092.00000000 2062.00000000 904122348.20000000 434583.00000000
1571900400000 1571907540000 2049.80000000 2063.60000000 2066.00000000 2041.60000000 315082801.60000000 153407.00000000
1571835600000 1571845800000 2065.80000000 2046.60000000 2068.00000000 2032.00000000 743378622.00000000 363302.00000000
1571821200000 1571835540000 2065.60000000 2065.80000000 2069.00000000 2056.00000000 326835476.00000000 158459.00000000
1571814000000 1571821140000 2054.60000000 2065.60000000 2067.60000000 2053.20000000 255255435.80000000 123758.00000000
1571749200000 1571759400000 2082.20000000 2054.60000000 2091.00000000 2050.00000000 1271443405.60000000 615475.00000000
1571734800000 1571749140000 2085.60000000 2083.00000000 2096.20000000 2076.60000000 711723244.60000000 341042.00000000
1571727600000 1571734740000 2093.00000000 2086.00000000 2110.00000000 2081.40000000 681188329.60000000 325334.00000000
1571662800000 1571673000000 2075.20000000 2061.00000000 2106.00000000 2045.60000000 3144193750.00000000 1516732.00000000
1571648400000 1571662740000 2112.20000000 2076.00000000 2142.80000000 2070.40000000 2966956830.00000000 1415585.00000000
1571641200000 1571648340000 2043.00000000 2112.20000000 2112.20000000 2030.00000000 3494711818.80000000 1690784.00000000
1571403600000 1571413800000 1958.60000000 1934.00000000 1969.00000000 1926.00000000 821504016.60000000 422798.00000000
1571389200000 1571403540000 1948.60000000 1958.60000000 1965.00000000 1948.00000000 271754410.20000000 138714.00000000
1571382000000 1571389140000 1929.20000000 1949.00000000 1978.80000000 1929.20000000 385100674.40000000 197096.00000000
1571317200000 1571327280000 1934.00000000 1927.00000000 1935.60000000 1912.00000000 506768082.20000000 263433.00000000
1571302800000 1571317140000 1917.40000000 1934.80000000 1948.00000000 1916.00000000 526513754.00000000 272014.00000000
1571295600000 1571302740000 1949.60000000 1916.20000000 1949.60000000 1903.40000000 722701011.00000000 375843.00000000
1571230800000 1571241000000 1981.00000000 1957.20000000 1990.00000000 1943.00000000 1306315587.20000000 665416.00000000
1571216400000 1571230740000 1987.00000000 1981.00000000 1988.00000000 1975.00000000 491521396.40000000 248218.00000000
1571209200000 1571216340000 1975.00000000 1987.60000000 1988.00000000 1971.00000000 357983959.40000000 180748.00000000
1571144400000 1571154600000 1998.00000000 1986.60000000 2004.80000000 1975.00000000 1245220456.00000000 626453.00000000
1571130000000 1571144340000 1978.40000000 1997.80000000 2004.40000000 1975.20000000 733280698.40000000 368473.00000000
1571122800000 1571129940000 1970.20000000 1978.00000000 2005.00000000 1965.60000000 591393307.80000000 298435.00000000
1571058000000 1571068200000 1979.00000000 1975.60000000 2025.00000000 1963.00000000 2385605338.60000000 1199174.00000000
1571043600000 1571057940000 1964.20000000 1979.00000000 1985.00000000 1950.60000000 1644017228.20000000 833259.00000000
1571036400000 1571043540000 1935.80000000 1961.40000000 1998.00000000 1901.00000000 3270643109.60000000 1660505.00000000
1570798800000 1570809000000 2091.20000000 1898.00000000 2114.00000000 1852.40000000 8820844016.00000000 4568246.00000000
1570784400000 1570798740000 2228.00000000 2091.00000000 2244.00000000 2075.00000000 2363053412.00000000 1096040.00000000
1570777200000 1570784340000 2314.80000000 2226.20000000 2315.00000000 2222.20000000 662572872.60000000 293639.00000000
1570712400000 1570722600000 2310.00000000 2327.00000000 2330.00000000 2298.00000000 306265115.80000000 132435.00000000
1570698000000 1570712340000 2308.00000000 2311.00000000 2312.80000000 2303.60000000 108828918.00000000 47164.00000000
1570690800000 1570697940000 2307.40000000 2310.80000000 2316.60000000 2303.20000000 107287204.80000000 46491.00000000
1570626000000 1570636200000 2313.40000000 2312.00000000 2323.40000000 2309.00000000 219697349.20000000 94828.00000000
1570611600000 1570625940000 2313.40000000 2313.40000000 2315.00000000 2307.80000000 77319858.40000000 33436.00000000
1570604400000 1570611540000 2305.40000000 2312.20000000 2317.00000000 2303.80000000 63692570.40000000 27540.00000000
1570539600000 1570549620000 2275.00000000 2295.20000000 2304.80000000 2274.60000000 183735807.80000000 80153.00000000
1570525200000 1570539540000 2278.40000000 2275.00000000 2282.80000000 2270.00000000 124523491.00000000 54748.00000000
1570518000000 1570525140000 2296.60000000 2278.40000000 2296.60000000 2275.20000000 67330462.20000000 29447.00000000
1570453200000 1570463280000 2285.00000000 2284.20000000 2299.80000000 2277.20000000 180419599.60000000 78892.00000000
1570438800000 1570453080000 2283.80000000 2284.60000000 2289.80000000 2281.60000000 53676253.40000000 23487.00000000
1570431600000 1570438740000 2270.00000000 2282.60000000 2284.60000000 2264.80000000 82757683.00000000 36398.00000000
1570194000000 1570204140000 2266.20000000 2274.40000000 2288.00000000 2258.20000000 328043004.40000000 144446.00000000
1570179600000 1570193940000 2272.80000000 2266.40000000 2274.00000000 2256.20000000 72006573.20000000 31780.00000000
1570172400000 1570179540000 2280.20000000 2272.80000000 2288.80000000 2261.00000000 136975489.60000000 60293.00000000
1570107600000 1570117800000 2230.00000000 2265.00000000 2283.20000000 2207.60000000 525319673.20000000 234708.00000000
1570093200000 1570107540000 2230.00000000 2228.80000000 2235.00000000 2222.80000000 93522156.20000000 41951.00000000
1570086000000 1570093140000 2234.20000000 2230.60000000 2241.20000000 2213.00000000 153187911.00000000 68759.00000000
1570021200000 1570031400000 2273.00000000 2250.00000000 2275.60000000 2235.00000000 352593336.00000000 156735.00000000
1570006800000 1570021140000 2283.00000000 2273.60000000 2283.20000000 2266.20000000 118582108.80000000 52158.00000000
1569999600000 1570006740000 2284.00000000 2283.00000000 2294.80000000 2266.40000000 104517367.20000000 45809.00000000
1569934800000 1569945000000 2301.20000000 2287.00000000 2319.80000000 2275.40000000 386121965.40000000 168207.00000000
1569920400000 1569934740000 2294.00000000 2302.40000000 2303.00000000 2290.40000000 145187771.40000000 63196.00000000
1569913200000 1569920340000 2271.40000000 2295.60000000 2299.80000000 2271.40000000 177183387.80000000 77383.00000000
1569848400000 1569858600000 2302.40000000 2263.40000000 2305.00000000 2254.00000000 592860297.40000000 261144.00000000
1569834000000 1569848280000 2293.60000000 2303.80000000 2304.80000000 2287.60000000 120850188.40000000 52602.00000000
1569826800000 1569833940000 2310.00000000 2294.00000000 2311.80000000 2286.00000000 135470010.00000000 58997.00000000
1569589200000 1569599340000 2329.60000000 2315.80000000 2335.40000000 2308.00000000 193363704.40000000 83468.00000000
1569574800000 1569589080000 2336.60000000 2329.60000000 2339.80000000 2320.20000000 72276349.00000000 30997.00000000
1569567600000 1569574740000 2323.80000000 2336.60000000 2339.80000000 2321.20000000 55325118.20000000 23733.00000000
1569502800000 1569513000000 2336.00000000 2319.60000000 2341.60000000 2317.00000000 225061063.00000000 96578.00000000
1569488400000 1569502740000 2354.80000000 2335.80000000 2354.80000000 2333.20000000 154866886.20000000 66009.00000000
1569481200000 1569488340000 2332.00000000 2354.00000000 2355.00000000 2330.40000000 218570173.40000000 93314.00000000
1569416400000 1569426600000 2322.60000000 2322.40000000 2324.40000000 2281.60000000 397276736.40000000 172582.00000000
1569402000000 1569416340000 2315.80000000 2321.80000000 2329.80000000 2313.00000000 161530646.40000000 69604.00000000
1569394800000 1569401940000 2308.00000000 2316.20000000 2319.80000000 2303.80000000 95429792.20000000 41252.00000000
1569330000000 1569340200000 2342.20000000 2301.40000000 2344.80000000 2292.00000000 488471083.80000000 211534.00000000
1569315600000 1569329940000 2325.80000000 2342.20000000 2344.00000000 2323.00000000 169416504.80000000 72592.00000000
1569308400000 1569315540000 2305.00000000 2325.80000000 2339.80000000 2300.20000000 352169367.00000000 151407.00000000
1569243600000 1569253740000 2325.00000000 2342.20000000 2349.80000000 2305.20000000 500936219.00000000 214775.00000000
1569229200000 1569243540000 2321.80000000 2325.00000000 2335.60000000 2320.00000000 214408811.00000000 92173.00000000
1569222000000 1569229140000 2343.80000000 2321.80000000 2343.80000000 2315.00000000 314052671.00000000 134711.00000000
1568984400000 1568994600000 2406.40000000 2350.20000000 2413.80000000 2350.20000000 1159937392.00000000 489405.00000000
1568970000000 1568984340000 2394.40000000 2406.20000000 2409.80000000 2391.00000000 92719059.40000000 38592.00000000
1568962800000 1568969940000 2409.80000000 2394.60000000 2409.80000000 2387.60000000 118798331.40000000 49562.00000000
1568898000000 1568908200000 2420.40000000 2407.40000000 2422.80000000 2398.20000000 367345189.40000000 152724.00000000
1568883600000 1568897940000 2421.20000000 2420.40000000 2426.00000000 2411.80000000 300522336.00000000 124209.00000000
1568876400000 1568883480000 2419.80000000 2420.80000000 2424.80000000 2411.20000000 183219195.40000000 75716.00000000
1568811600000 1568821800000 2450.80000000 2432.00000000 2452.20000000 2432.00000000 493106448.60000000 202135.00000000
1568797200000 1568811540000 2446.80000000 2450.80000000 2452.20000000 2441.00000000 154178533.40000000 62994.00000000
1568790000000 1568797140000 2439.20000000 2447.00000000 2447.00000000 2430.60000000 78137176.80000000 31989.00000000
1568725200000 1568735220000 2441.00000000 2438.40000000 2448.00000000 2435.00000000 171677620.00000000 70358.00000000
1568710800000 1568725140000 2452.80000000 2440.40000000 2452.80000000 2436.00000000 129232470.20000000 52902.00000000
1568703600000 1568710740000 2440.00000000 2452.80000000 2459.80000000 2440.00000000 128841047.80000000 52543.00000000
1568638800000 1568649000000 2438.00000000 2447.60000000 2449.80000000 2430.40000000 190581647.80000000 78104.00000000
1568624400000 1568638740000 2443.00000000 2439.00000000 2444.40000000 2432.20000000 98690040.60000000 40445.00000000
1568617200000 1568624340000 2449.00000000 2443.00000000 2449.00000000 2430.00000000 117548233.20000000 48221.00000000
1568379600000 1568389800000 2449.60000000 2453.00000000 2453.00000000 2434.40000000 151700723.40000000 62052.00000000
1568365200000 1568379540000 2447.00000000 2449.60000000 2453.00000000 2441.80000000 88127548.40000000 35997.00000000
1568358000000 1568365140000 2457.00000000 2448.20000000 2459.00000000 2442.20000000 58810444.40000000 23984.00000000
1568293200000 1568303400000 2464.40000000 2457.00000000 2474.80000000 2449.40000000 157943947.80000000 64145.00000000
1568278800000 1568293140000 2471.00000000 2464.60000000 2472.60000000 2450.00000000 104177820.60000000 42280.00000000
1568271600000 1568278740000 2466.20000000 2470.40000000 2474.60000000 2457.00000000 67232274.20000000 27249.00000000
1568206800000 1568216880000 2473.80000000 2466.20000000 2475.60000000 2455.20000000 265245652.60000000 107552.00000000
1568192400000 1568206740000 2474.60000000 2472.40000000 2481.60000000 2464.00000000 49093701.40000000 19841.00000000
1568185200000 1568192340000 2456.40000000 2472.00000000 2482.60000000 2453.20000000 121748360.40000000 49265.00000000
1568120400000 1568130420000 2469.00000000 2450.20000000 2469.80000000 2432.20000000 319794479.40000000 130528.00000000
1568106000000 1568120340000 2454.60000000 2469.60000000 2474.80000000 2452.60000000 99557141.00000000 40376.00000000
1568098800000 1568105940000 2463.20000000 2454.60000000 2469.60000000 2441.20000000 104379629.60000000 42545.00000000
1568034000000 1568044200000 2495.00000000 2466.00000000 2499.60000000 2464.00000000 304514972.60000000 123013.00000000
1568019600000 1568033940000 2504.00000000 2495.00000000 2509.80000000 2490.60000000 64614622.60000000 25844.00000000
1568012400000 1568019540000 2507.00000000 2504.00000000 2520.00000000 2500.40000000 36375534.80000000 14496.00000000
1567774800000 1567785000000 2504.00000000 2503.60000000 2519.60000000 2491.40000000 222928939.00000000 88834.00000000
1567760460000 1567774740000 2500.60000000 2502.80000000 2517.80000000 2500.00000000 76858885.20000000 30655.00000000
1567753200000 1567760340000 2514.00000000 2501.80000000 2517.60000000 2500.00000000 63219780.80000000 25213.00000000
1567688460000 1567698480000 2509.00000000 2509.20000000 2512.00000000 2463.60000000 385288214.40000000 154350.00000000
1567674000000 1567688340000 2512.60000000 2509.20000000 2515.00000000 2503.20000000 97868138.20000000 39000.00000000
1567666800000 1567673940000 2500.40000000 2512.60000000 2512.80000000 2500.20000000 96478638.60000000 38490.00000000
1567602000000 1567612200000 2487.00000000 2487.00000000 2492.00000000 2469.20000000 147618439.00000000 59455.00000000
1567587600000 1567601940000 2495.60000000 2486.20000000 2498.00000000 2485.00000000 96773224.60000000 38838.00000000
1567580400000 1567587540000 2487.00000000 2496.60000000 2498.00000000 2481.00000000 90195899.00000000 36232.00000000
1567515600000 1567525620000 2451.20000000 2487.00000000 2497.00000000 2450.40000000 465934982.00000000 187628.00000000
1567501200000 1567515540000 2457.20000000 2451.20000000 2463.80000000 2446.20000000 98753544.60000000 40228.00000000
1567494000000 1567501140000 2473.60000000 2457.20000000 2473.60000000 2450.40000000 49094957.80000000 19954.00000000
1567429200000 1567439400000 2470.40000000 2469.80000000 2470.60000000 2465.00000000 27737620.40000000 11236.00000000
1567414800000 1567429140000 2478.60000000 2470.40000000 2478.80000000 2466.80000000 48310633.20000000 19533.00000000
1567407600000 1567414740000 2470.00000000 2478.60000000 2485.00000000 2464.80000000 50435525.60000000 20380.00000000
1567170000000 1567180200000 2462.20000000 2462.80000000 2470.00000000 2451.40000000 200373409.60000000 81368.00000000
1567155600000 1567169940000 2453.80000000 2462.00000000 2465.00000000 2452.00000000 138548049.80000000 56356.00000000
1567148400000 1567155540000 2443.40000000 2453.80000000 2454.00000000 2443.40000000 59922208.40000000 24487.00000000
1567083600000 1567093740000 2426.00000000 2441.00000000 2444.80000000 2423.00000000 283318981.20000000 116242.00000000
1567069200000 1567083480000 2429.00000000 2424.20000000 2433.60000000 2417.20000000 340367252.40000000 140517.00000000
1567062000000 1567069140000 2424.00000000 2427.80000000 2428.80000000 2418.40000000 47903535.00000000 19751.00000000
1566997200000 1567007400000 2423.60000000 2434.00000000 2434.80000000 2410.00000000 263190312.00000000 108661.00000000
1566982980000 1566997140000 2427.20000000 2423.60000000 2433.00000000 2410.20000000 81322760.60000000 33599.00000000
1566975600000 1566982740000 2431.00000000 2425.40000000 2434.60000000 2411.80000000 62274803.80000000 25703.00000000
1566910800000 1566921000000 2416.40000000 2429.80000000 2437.00000000 2409.00000000 238889941.20000000 98447.00000000
1566896400000 1566910740000 2398.80000000 2416.40000000 2416.40000000 2397.40000000 79606022.40000000 33020.00000000
1566889200000 1566896340000 2394.00000000 2398.60000000 2409.00000000 2394.00000000 64525880.00000000 26849.00000000
1566824400000 1566834480000 2402.80000000 2394.40000000 2405.00000000 2385.00000000 206579516.60000000 86251.00000000
1566810000000 1566824340000 2397.60000000 2403.00000000 2404.80000000 2391.40000000 81288794.00000000 33892.00000000
1566802800000 1566809940000 2379.80000000 2396.80000000 2398.80000000 2361.00000000 104171623.40000000 43712.00000000
1566565260000 1566575400000 2400.20000000 2391.00000000 2423.00000000 2386.00000000 248671019.00000000 103416.00000000
1566550800000 1566565140000 2410.00000000 2402.20000000 2411.60000000 2390.20000000 92117252.40000000 38368.00000000
1566543600000 1566550740000 2410.00000000 2410.60000000 2415.80000000 2403.00000000 50065980.80000000 20780.00000000
1566478860000 1566489000000 2414.00000000 2399.00000000 2417.00000000 2385.00000000 196979849.40000000 82105.00000000
1566464460000 1566478680000 2408.00000000 2413.00000000 2414.80000000 2395.00000000 77077835.20000000 32072.00000000
1566457200000 1566464220000 2412.00000000 2407.80000000 2417.00000000 2402.80000000 116866377.00000000 48541.00000000
1566392400000 1566402600000 2433.20000000 2421.20000000 2441.80000000 2415.60000000 252496770.80000000 104000.00000000
1566378060000 1566392340000 2437.00000000 2432.00000000 2443.00000000 2428.20000000 90457742.20000000 37146.00000000
1566370800000 1566377940000 2438.00000000 2437.00000000 2439.80000000 2420.20000000 57674062.20000000 23750.00000000
1566306060000 1566316200000 2436.00000000 2438.40000000 2453.20000000 2428.20000000 195487019.40000000 80025.00000000
1566291600000 1566305940000 2435.60000000 2436.00000000 2439.00000000 2420.20000000 60511192.40000000 24899.00000000
1566284400000 1566291540000 2437.60000000 2435.60000000 2442.00000000 2430.20000000 50085281.20000000 20565.00000000
1566219600000 1566229800000 2430.00000000 2424.00000000 2454.00000000 2402.00000000 415850584.40000000 170860.00000000
1566205200000 1566219540000 2423.20000000 2428.40000000 2442.00000000 2423.00000000 212418110.60000000 87286.00000000
1566198000000 1566205140000 2420.00000000 2424.00000000 2433.20000000 2415.40000000 169366967.60000000 69789.00000000
1565960460000 1565970600000 2383.20000000 2394.00000000 2397.00000000 2378.80000000 163750200.00000000 68480.00000000
1565946000000 1565960220000 2385.60000000 2385.00000000 2389.00000000 2376.00000000 76288666.60000000 32032.00000000
1565938800000 1565945940000 2374.80000000 2385.60000000 2385.60000000 2351.20000000 69585065.00000000 29350.00000000
1565874000000 1565884200000 2384.40000000 2365.40000000 2386.60000000 2353.00000000 196377525.20000000 83034.00000000
1565859600000 1565873940000 2381.20000000 2384.00000000 2395.00000000 2351.00000000 209041647.60000000 88097.00000000
1565852400000 1565859540000 2390.00000000 2381.80000000 2394.80000000 2365.00000000 128828290.40000000 54182.00000000
1565787600000 1565797800000 2398.60000000 2374.00000000 2400.00000000 2365.80000000 274361414.40000000 115161.00000000
1565773200000 1565787540000 2415.40000000 2398.60000000 2420.00000000 2386.60000000 222700652.60000000 92776.00000000
1565766000000 1565773140000 2440.00000000 2414.00000000 2440.00000000 2405.60000000 112666754.20000000 46501.00000000
1565701200000 1565711400000 2384.00000000 2428.00000000 2446.80000000 2382.40000000 515521874.20000000 212803.00000000
1565686800000 1565701140000 2385.20000000 2383.00000000 2387.60000000 2375.20000000 71344760.00000000 29971.00000000
1565679600000 1565686740000 2384.60000000 2385.20000000 2394.80000000 2373.60000000 132182567.00000000 55404.00000000
1565614800000 1565624880000 2417.00000000 2410.00000000 2422.60000000 2400.00000000 146968036.00000000 60939.00000000
1565600400000 1565614740000 2417.00000000 2417.00000000 2419.00000000 2411.40000000 59407673.40000000 24587.00000000
1565593200000 1565600340000 2410.00000000 2417.00000000 2428.00000000 2410.00000000 51768441.40000000 21400.00000000
1565355600000 1565365620000 2410.80000000 2405.00000000 2420.00000000 2404.00000000 169191353.20000000 70143.00000000
1565341200000 1565355540000 2418.20000000 2411.00000000 2419.00000000 2407.60000000 39230437.00000000 16251.00000000
1565334000000 1565341080000 2425.00000000 2418.20000000 2425.00000000 2410.60000000 71914231.00000000 29740.00000000
1565269200000 1565279400000 2422.60000000 2413.20000000 2432.00000000 2406.00000000 221272440.40000000 91595.00000000
1565254800000 1565269140000 2418.00000000 2423.60000000 2424.00000000 2406.40000000 137151049.00000000 56857.00000000
1565247600000 1565254740000 2417.20000000 2418.00000000 2424.80000000 2407.60000000 133621032.40000000 55262.00000000
1565182800000 1565193000000 2402.20000000 2428.80000000 2440.00000000 2383.00000000 381730444.80000000 157660.00000000
1565168400000 1565182740000 2417.00000000 2399.80000000 2421.60000000 2395.20000000 152854480.00000000 63442.00000000
1565161200000 1565168340000 2419.00000000 2418.40000000 2433.80000000 2400.20000000 124120708.80000000 51365.00000000
1565096400000 1565106480000 2412.40000000 2413.00000000 2434.00000000 2395.40000000 382507009.20000000 158132.00000000
1565082000000 1565096340000 2420.20000000 2411.80000000 2422.00000000 2405.40000000 138794017.40000000 57506.00000000
1565074800000 1565081940000 2381.40000000 2420.00000000 2429.80000000 2374.00000000 392369919.00000000 162437.00000000
1565010000000 1565020200000 2422.00000000 2369.60000000 2424.80000000 2357.00000000 825436917.00000000 346865.00000000
1564995600000 1565009940000 2437.20000000 2422.00000000 2445.00000000 2413.00000000 263544385.80000000 108512.00000000
1564988400000 1564995540000 2449.80000000 2436.60000000 2449.80000000 2430.00000000 195760181.80000000 80327.00000000
1564750800000 1564761000000 2495.20000000 2470.00000000 2500.80000000 2450.20000000 549415366.40000000 222641.00000000
1564736400000 1564750740000 2482.40000000 2497.20000000 2514.80000000 2481.00000000 271707795.60000000 108820.00000000
1564729200000 1564736340000 2489.80000000 2482.20000000 2497.60000000 2473.60000000 282566490.20000000 113597.00000000
1564664400000 1564674600000 2485.80000000 2550.60000000 2567.20000000 2482.40000000 884482278.80000000 347985.00000000
1564650000000 1564664340000 2479.60000000 2485.80000000 2488.40000000 2476.00000000 60190641.40000000 24231.00000000
1564642800000 1564649940000 2488.60000000 2478.40000000 2492.60000000 2475.60000000 99745416.80000000 40155.00000000
1564578000000 1564588200000 2472.20000000 2490.00000000 2503.20000000 2465.20000000 369519234.00000000 148526.00000000
1564563600000 1564577940000 2482.60000000 2471.00000000 2493.40000000 2455.20000000 434122051.40000000 175381.00000000
1564556400000 1564563480000 2481.40000000 2481.80000000 2484.20000000 2471.20000000 191648536.80000000 77308.00000000
1564491600000 1564501800000 2530.80000000 2480.40000000 2536.00000000 2476.00000000 1080196745.60000000 433324.00000000
1564477200000 1564491540000 2515.00000000 2530.80000000 2547.00000000 2510.80000000 999442477.40000000 394368.00000000
1564470000000 1564477140000 2486.60000000 2515.80000000 2540.00000000 2466.40000000 1115022613.00000000 445249.00000000
1564405200000 1564415400000 2435.80000000 2441.00000000 2497.60000000 2390.00000000 2206438540.40000000 907177.00000000
1564390800000 1564405140000 2435.40000000 2435.80000000 2452.00000000 2421.40000000 871484041.60000000 357794.00000000
1564383600000 1564390740000 2436.00000000 2433.40000000 2468.60000000 2404.00000000 890710712.00000000 364850.00000000
1564146000000 1564156200000 2546.40000000 2520.00000000 2679.00000000 2420.00000000 2804874373.40000000 1093301.00000000
1564131600000 1564145940000 2456.00000000 2548.20000000 2549.00000000 2455.00000000 1190964150.60000000 472766.00000000
1564124400000 1564131540000 2456.00000000 2456.00000000 2474.60000000 2441.40000000 184543791.80000000 75044.00000000
1564059600000 1564069800000 2506.00000000 2461.60000000 2517.00000000 2432.20000000 768541913.60000000 311891.00000000
1564045200000 1564059480000 2528.40000000 2505.80000000 2530.00000000 2500.20000000 366276254.40000000 145982.00000000
1564038000000 1564045140000 2520.00000000 2529.20000000 2547.00000000 2515.60000000 168830535.80000000 66637.00000000
1563973200000 1563983160000 2491.40000000 2507.00000000 2518.00000000 2482.60000000 206360268.40000000 82519.00000000
1563958800000 1563973020000 2497.60000000 2491.20000000 2498.40000000 2486.00000000 43866133.40000000 17603.00000000
1563951600000 1563958740000 2497.20000000 2497.60000000 2503.00000000 2495.40000000 24485247.40000000 9798.00000000
1563886800000 1563897000000 2508.60000000 2482.80000000 2509.40000000 2482.40000000 133827109.60000000 53663.00000000
1563872400000 1563886740000 2497.20000000 2508.60000000 2509.80000000 2495.60000000 61188815.20000000 24451.00000000
1563865200000 1563872340000 2496.00000000 2497.20000000 2497.40000000 2485.20000000 43017980.40000000 17254.00000000
1563800400000 1563810480000 2494.00000000 2486.00000000 2495.00000000 2470.00000000 228542289.20000000 92073.00000000
1563786000000 1563800280000 2486.00000000 2494.00000000 2494.80000000 2482.40000000 113969308.80000000 45780.00000000
1563778800000 1563785940000 2491.00000000 2486.00000000 2491.00000000 2480.40000000 84332312.20000000 33929.00000000
1563541200000 1563551220000 2510.00000000 2518.00000000 2554.00000000 2509.80000000 299401246.60000000 118267.00000000
1563526800000 1563541140000 2512.40000000 2510.00000000 2517.80000000 2507.00000000 72811347.80000000 28972.00000000
1563519600000 1563526740000 2506.00000000 2512.40000000 2515.00000000 2500.20000000 55857895.80000000 22241.00000000
1563454800000 1563464880000 2500.00000000 2489.80000000 2500.00000000 2480.00000000 157363283.40000000 63270.00000000
1563440400000 1563454740000 2490.80000000 2500.00000000 2507.20000000 2489.20000000 59530768.00000000 23816.00000000
1563433200000 1563440340000 2499.20000000 2490.80000000 2499.20000000 2480.00000000 132120104.40000000 53008.00000000
1563368400000 1563378540000 2542.00000000 2509.20000000 2547.80000000 2505.20000000 207525639.00000000 82407.00000000
1563354000000 1563368340000 2556.80000000 2542.00000000 2557.00000000 2536.80000000 35261018.20000000 13830.00000000
1563346800000 1563353940000 2554.80000000 2556.80000000 2560.00000000 2539.20000000 69319614.20000000 27157.00000000
1563282000000 1563292140000 2552.80000000 2542.60000000 2554.40000000 2517.20000000 232005187.60000000 91451.00000000
1563267600000 1563281880000 2563.00000000 2552.00000000 2568.20000000 2543.60000000 105972488.60000000 41466.00000000
1563260400000 1563267540000 2538.20000000 2563.00000000 2566.00000000 2538.20000000 77271302.60000000 30189.00000000
1563195600000 1563205560000 2557.60000000 2546.40000000 2565.00000000 2535.20000000 253196806.20000000 99346.00000000
1563181200000 1563195540000 2548.80000000 2557.80000000 2574.20000000 2547.00000000 107702239.40000000 42049.00000000
1563174000000 1563181140000 2565.00000000 2548.80000000 2568.40000000 2541.40000000 138636488.20000000 54234.00000000
1562936400000 1562946600000 2543.60000000 2573.00000000 2590.00000000 2537.00000000 547334682.60000000 213422.00000000
1562922060000 1562936340000 2510.80000000 2542.00000000 2545.00000000 2509.20000000 140133601.60000000 55543.00000000
1562914800000 1562921940000 2509.20000000 2510.80000000 2514.00000000 2507.40000000 105620172.00000000 42065.00000000
1562850060000 1562860200000 2510.80000000 2495.00000000 2511.20000000 2486.00000000 154846217.60000000 61939.00000000
1562835600000 1562849880000 2513.80000000 2509.00000000 2524.60000000 2505.00000000 76241558.40000000 30334.00000000
1562828400000 1562835540000 2503.60000000 2512.80000000 2524.00000000 2503.60000000 73251149.80000000 29117.00000000
1562763600000 1562773800000 2510.80000000 2500.20000000 2527.80000000 2498.00000000 237730171.00000000 94574.00000000
1562749200000 1562763540000 2509.20000000 2511.60000000 2513.00000000 2495.00000000 97732456.00000000 39013.00000000
1562742000000 1562749140000 2493.40000000 2509.20000000 2509.80000000 2490.60000000 169263615.80000000 67715.00000000
1562677200000 1562687340000 2446.40000000 2478.00000000 2479.80000000 2436.20000000 198515305.00000000 80542.00000000
1562662800000 1562677140000 2461.60000000 2445.40000000 2461.80000000 2443.20000000 55699470.60000000 22731.00000000
1562655600000 1562662740000 2456.20000000 2460.40000000 2469.80000000 2456.20000000 43441599.80000000 17630.00000000
1562590860000 1562600820000 2496.00000000 2465.00000000 2496.60000000 2458.00000000 210845005.80000000 85321.00000000
1562576460000 1562590740000 2494.40000000 2496.00000000 2496.60000000 2491.40000000 25623830.00000000 10269.00000000
1562569200000 1562576340000 2488.60000000 2494.80000000 2499.00000000 2480.60000000 44421019.20000000 17828.00000000
1562331600000 1562341560000 2483.60000000 2481.40000000 2490.00000000 2451.00000000 184213354.40000000 74418.00000000
1562317260000 1562331540000 2494.60000000 2483.80000000 2496.00000000 2476.80000000 58152230.20000000 23358.00000000
1562310000000 1562317140000 2494.80000000 2493.60000000 2499.80000000 2460.20000000 52611905.00000000 21146.00000000
1562245200000 1562255280000 2491.00000000 2494.80000000 2495.00000000 2485.00000000 24703064.60000000 9924.00000000
1562230800000 1562245140000 2490.60000000 2490.20000000 2493.00000000 2480.20000000 50739082.00000000 20404.00000000
1562223600000 1562230740000 2499.60000000 2490.40000000 2499.60000000 2481.60000000 56408774.60000000 22668.00000000
1562158800000 1562168880000 2516.40000000 2505.40000000 2520.00000000 2500.00000000 185709230.80000000 73999.00000000
1562144400000 1562158740000 2516.00000000 2515.20000000 2518.60000000 2506.40000000 119088816.80000000 47396.00000000
1562137200000 1562144340000 2501.20000000 2516.00000000 2518.80000000 2495.40000000 76910909.80000000 30644.00000000
1562072460000 1562082600000 2465.60000000 2491.20000000 2520.00000000 2456.40000000 344292558.00000000 137956.00000000
1562058000000 1562072220000 2456.20000000 2465.60000000 2476.60000000 2455.40000000 63978453.40000000 25967.00000000
1562050800000 1562057940000 2482.80000000 2456.00000000 2482.80000000 2452.40000000 79830828.80000000 32397.00000000
1561986000000 1561996200000 2439.40000000 2482.40000000 2499.00000000 2430.60000000 487635999.20000000 197303.00000000
1561971660000 1561985940000 2429.00000000 2439.60000000 2440.00000000 2422.80000000 106610365.80000000 43802.00000000
1561964400000 1561971540000 2420.00000000 2429.00000000 2434.80000000 2415.80000000 80663042.60000000 33192.00000000
1561726800000 1561737000000 2445.00000000 2405.40000000 2446.60000000 2378.00000000 266905683.60000000 111134.00000000
1561712400000 1561726740000 2444.40000000 2445.80000000 2446.40000000 2435.20000000 75818153.40000000 31057.00000000
1561705200000 1561712340000 2435.20000000 2444.40000000 2447.60000000 2435.20000000 139998198.00000000 57304.00000000
1561640400000 1561650540000 2393.80000000 2410.00000000 2416.20000000 2372.00000000 315977960.60000000 131948.00000000
1561626000000 1561640340000 2405.40000000 2394.60000000 2407.40000000 2390.40000000 61205995.20000000 25531.00000000
1561618800000 1561625940000 2391.80000000 2405.40000000 2411.80000000 2383.00000000 126905570.00000000 52862.00000000
1561554000000 1561564140000 2392.00000000 2391.60000000 2426.80000000 2385.40000000 462582765.00000000 192697.00000000
1561539600000 1561553940000 2403.20000000 2392.40000000 2432.80000000 2390.20000000 232196325.60000000 96211.00000000
1561532400000 1561539540000 2399.80000000 2404.00000000 2404.80000000 2382.40000000 202844062.60000000 84763.00000000
1561467600000 1561477620000 2455.20000000 2424.60000000 2458.80000000 2415.00000000 171288598.60000000 70462.00000000
1561453200000 1561467540000 2439.40000000 2455.20000000 2456.40000000 2432.40000000 45005646.80000000 18417.00000000
1561446060000 1561453140000 2446.80000000 2439.20000000 2459.20000000 2425.20000000 57789683.60000000 23637.00000000
1561381200000 1561391340000 2479.80000000 2452.60000000 2480.00000000 2448.00000000 135355502.00000000 54984.00000000
1561366800000 1561381080000 2484.20000000 2479.80000000 2484.80000000 2476.00000000 29793139.60000000 12004.00000000
1561359600000 1561366740000 2483.80000000 2484.20000000 2484.80000000 2465.20000000 32405698.60000000 13071.00000000
1561122000000 1561132080000 2465.80000000 2468.40000000 2484.80000000 2464.40000000 71315823.80000000 28813.00000000
1561107600000 1561121940000 2472.00000000 2465.80000000 2485.60000000 2463.00000000 98681081.00000000 39927.00000000
1561100400000 1561107540000 2488.80000000 2473.80000000 2488.80000000 2470.20000000 77260304.40000000 31189.00000000
1561035600000 1561045680000 2516.60000000 2492.80000000 2519.60000000 2472.00000000 342509456.00000000 137162.00000000
1561021200000 1561035540000 2497.60000000 2514.00000000 2531.60000000 2492.40000000 621715094.40000000 247137.00000000
1561014000000 1561021140000 2490.00000000 2497.60000000 2505.00000000 2480.20000000 113294432.20000000 45488.00000000
1560949200000 1560959280000 2494.00000000 2470.20000000 2495.00000000 2470.00000000 71539288.40000000 28882.00000000
1560934800000 1560949020000 2491.20000000 2494.80000000 2500.00000000 2490.00000000 63612591.20000000 25484.00000000
1560927600000 1560934740000 2488.80000000 2489.00000000 2499.00000000 2482.60000000 71829304.20000000 28821.00000000
1560862800000 1560872820000 2484.40000000 2480.20000000 2494.00000000 2473.20000000 100887806.80000000 40652.00000000
1560848400000 1560862740000 2481.80000000 2483.20000000 2498.00000000 2466.00000000 93844857.00000000 37785.00000000
1560841200000 1560848340000 2475.80000000 2480.00000000 2483.60000000 2455.40000000 37384146.60000000 15108.00000000
1560776400000 1560786540000 2470.00000000 2455.80000000 2478.00000000 2451.20000000 139055798.20000000 56374.00000000
1560762000000 1560776340000 2469.20000000 2470.00000000 2474.80000000 2457.80000000 145652803.40000000 58953.00000000
1560754800000 1560761940000 2459.80000000 2467.20000000 2469.80000000 2445.00000000 64746566.00000000 26340.00000000
1560517200000 1560527400000 2484.60000000 2465.00000000 2489.20000000 2456.00000000 139610933.80000000 56515.00000000
1560502800000 1560517080000 2489.80000000 2485.40000000 2497.00000000 2480.20000000 43224705.20000000 17381.00000000
1560495600000 1560502740000 2488.00000000 2490.00000000 2499.40000000 2475.00000000 72732967.80000000 29256.00000000
1560430800000 1560440940000 2496.00000000 2492.00000000 2514.40000000 2481.40000000 252666742.80000000 101072.00000000
1560416400000 1560430740000 2494.00000000 2496.00000000 2505.00000000 2485.20000000 59569975.20000000 23877.00000000
1560409200000 1560416340000 2488.40000000 2496.00000000 2496.00000000 2475.20000000 70762027.60000000 28488.00000000
1560258000000 1560268080000 2455.40000000 2494.80000000 2510.60000000 2453.60000000 479135620.40000000 192428.00000000
1560243600000 1560257940000 2449.00000000 2455.40000000 2468.00000000 2448.60000000 191566058.20000000 77924.00000000
1560236400000 1560243540000 2438.00000000 2449.00000000 2450.00000000 2435.20000000 67063733.20000000 27473.00000000
1560171600000 1560181680000 2417.00000000 2435.00000000 2444.80000000 2416.40000000 217986096.20000000 89514.00000000
1560157200000 1560171540000 2410.00000000 2417.00000000 2418.00000000 2402.60000000 73300929.40000000 30420.00000000
1560150000000 1560157140000 2415.00000000 2410.00000000 2423.00000000 2405.40000000 37769094.40000000 15657.00000000
1559912400000 1559922540000 2405.00000000 2418.60000000 2447.80000000 2405.00000000 279375012.60000000 115092.00000000
1559898000000 1559912280000 2400.60000000 2406.00000000 2407.00000000 2398.60000000 81206614.40000000 33768.00000000
1559890800000 1559897940000 2402.20000000 2400.40000000 2409.80000000 2396.00000000 104619625.80000000 43511.00000000
1559826000000 1559836200000 2375.80000000 2389.00000000 2394.20000000 2364.20000000 161813470.00000000 67928.00000000
1559811600000 1559825940000 2369.00000000 2375.80000000 2375.80000000 2365.20000000 92448729.00000000 39029.00000000
1559804400000 1559811540000 2366.00000000 2368.80000000 2379.00000000 2355.60000000 69733103.60000000 29434.00000000
1559739600000 1559749800000 2354.80000000 2361.00000000 2362.40000000 2340.00000000 205787237.00000000 87522.00000000
1559725260000 1559739540000 2346.20000000 2352.80000000 2364.00000000 2346.00000000 80194142.20000000 34054.00000000
1559718000000 1559725020000 2354.80000000 2347.80000000 2357.00000000 2340.40000000 105887992.60000000 45064.00000000
1559653200000 1559663340000 2310.00000000 2341.00000000 2344.00000000 2295.00000000 292165614.00000000 125734.00000000
1559638800000 1559653140000 2300.00000000 2310.00000000 2310.00000000 2298.00000000 109413219.40000000 47456.00000000
1559631600000 1559638740000 2319.00000000 2300.00000000 2319.00000000 2283.80000000 183784950.60000000 79983.00000000
1559566800000 1559576940000 2338.20000000 2319.00000000 2350.00000000 2292.40000000 249135596.40000000 107691.00000000
1559552400000 1559566620000 2344.40000000 2338.00000000 2350.00000000 2326.80000000 129231787.80000000 55242.00000000
1559545200000 1559552340000 2330.20000000 2344.60000000 2349.80000000 2321.00000000 92279211.60000000 39669.00000000
1559307720000 1559317560000 2349.80000000 2336.60000000 2352.80000000 2325.60000000 151165253.40000000 64593.00000000
1559293200000 1559307540000 2358.80000000 2349.00000000 2359.60000000 2342.00000000 60006848.20000000 25531.00000000
1559286000000 1559293020000 2360.00000000 2357.00000000 2362.20000000 2351.20000000 70409763.60000000 29881.00000000
1559221200000 1559231280000 2349.80000000 2379.60000000 2379.80000000 2347.00000000 185525550.80000000 78235.00000000
1559206800000 1559221140000 2348.00000000 2348.80000000 2355.80000000 2347.80000000 47247315.80000000 20106.00000000
1559199600000 1559206740000 2357.00000000 2348.00000000 2369.00000000 2346.40000000 77890719.00000000 33050.00000000
1559134800000 1559145000000 2320.40000000 2350.20000000 2368.00000000 2305.00000000 532873604.00000000 227669.00000000
1559120400000 1559134740000 2298.60000000 2320.40000000 2324.80000000 2292.20000000 181629314.20000000 78669.00000000
1559113200000 1559120340000 2300.00000000 2300.00000000 2322.20000000 2222.00000000 402260133.00000000 175023.00000000
1559048400000 1559058600000 2383.00000000 2280.20000000 2402.00000000 2240.20000000 1266934457.60000000 552990.00000000
1559034060000 1559048340000 2387.40000000 2380.00000000 2404.40000000 2380.00000000 208116921.60000000 86967.00000000
1559026800000 1559033940000 2396.40000000 2387.20000000 2409.80000000 2382.00000000 31858119.40000000 13307.00000000
1558962000000 1558972020000 2404.60000000 2404.60000000 2405.60000000 2402.80000000 12738019.60000000 5297.00000000
1558947600000 1558961940000 2405.40000000 2404.60000000 2409.00000000 2396.40000000 31196648.20000000 12965.00000000
1558940400000 1558947540000 2392.00000000 2406.00000000 2407.00000000 2392.00000000 40974488.40000000 17068.00000000
1558702800000 1558713000000 2380.20000000 2383.40000000 2388.80000000 2369.00000000 76486358.20000000 32133.00000000
1558688580000 1558702740000 2384.60000000 2381.40000000 2392.00000000 2375.00000000 84924941.40000000 35589.00000000
1558681200000 1558688340000 2365.20000000 2383.00000000 2389.60000000 2362.20000000 53448542.60000000 22444.00000000
1558616460000 1558626600000 2401.80000000 2365.00000000 2402.00000000 2361.80000000 163260290.60000000 68584.00000000
1558602000000 1558616340000 2398.00000000 2401.80000000 2408.80000000 2395.20000000 40839884.60000000 17018.00000000
1558594800000 1558601940000 2411.40000000 2398.20000000 2415.00000000 2396.20000000 60939707.00000000 25302.00000000
1558530000000 1558540200000 2382.00000000 2424.80000000 2432.00000000 2381.00000000 211317529.20000000 87427.00000000
1558515600000 1558529940000 2391.60000000 2382.00000000 2399.80000000 2380.80000000 62092214.00000000 25972.00000000
1558508400000 1558515540000 2400.00000000 2391.60000000 2407.00000000 2390.20000000 51909979.20000000 21636.00000000
1558443600000 1558453620000 2413.00000000 2392.40000000 2414.80000000 2381.40000000 189254358.40000000 79074.00000000
1558429200000 1558443540000 2400.20000000 2414.00000000 2414.60000000 2384.00000000 57858446.00000000 24111.00000000
1558422000000 1558429140000 2398.00000000 2400.00000000 2404.60000000 2378.20000000 60386497.20000000 25276.00000000
1558357200000 1558367400000 2415.20000000 2407.80000000 2418.80000000 2377.20000000 120665342.40000000 50268.00000000
1558342860000 1558357140000 2440.80000000 2415.20000000 2442.40000000 2415.20000000 95014432.40000000 39156.00000000
1558335600000 1558342740000 2449.00000000 2442.60000000 2449.40000000 2435.00000000 81220403.20000000 33244.00000000
1558098000000 1558108200000 2367.80000000 2425.00000000 2434.60000000 2362.80000000 257749764.00000000 106844.00000000
1558083600000 1558097940000 2378.40000000 2366.40000000 2392.00000000 2355.20000000 68517761.40000000 28839.00000000
1558076400000 1558083540000 2395.80000000 2378.60000000 2395.80000000 2372.00000000 51838425.20000000 21772.00000000
1558011600000 1558021740000 2339.20000000 2392.00000000 2401.80000000 2336.00000000 291642456.60000000 122541.00000000
1557997260000 1558011540000 2330.40000000 2340.00000000 2345.00000000 2330.20000000 74459265.60000000 31834.00000000
1557990000000 1557997140000 2330.00000000 2330.40000000 2335.80000000 2325.20000000 78072661.20000000 33515.00000000
1557925260000 1557935340000 2268.20000000 2312.00000000 2325.40000000 2245.60000000 327642899.60000000 143182.00000000
1557910800000 1557925140000 2266.00000000 2268.80000000 2275.80000000 2262.00000000 30982652.80000000 13656.00000000
1557903600000 1557910740000 2302.00000000 2266.00000000 2302.00000000 2261.00000000 79655238.00000000 35057.00000000
1557838800000 1557849000000 2300.80000000 2299.00000000 2300.80000000 2266.40000000 96961813.00000000 42364.00000000
1557824400000 1557838740000 2306.20000000 2300.80000000 2311.60000000 2299.00000000 81690087.60000000 35453.00000000
1557817200000 1557824340000 2299.80000000 2306.20000000 2315.00000000 2281.80000000 74824651.20000000 32506.00000000
1557752400000 1557762540000 2327.40000000 2286.60000000 2343.00000000 2286.60000000 177342754.80000000 76801.00000000
1557738000000 1557752340000 2342.00000000 2326.40000000 2357.40000000 2325.60000000 83275714.60000000 35522.00000000
1557730800000 1557737940000 2350.00000000 2342.60000000 2356.00000000 2330.20000000 55820577.80000000 23811.00000000
1557493380000 1557503400000 2363.80000000 2340.00000000 2379.60000000 2336.00000000 164395079.80000000 69810.00000000
1557478800000 1557493140000 2377.80000000 2366.00000000 2378.00000000 2360.00000000 57820756.00000000 24438.00000000
1557471600000 1557478680000 2371.00000000 2377.60000000 2389.80000000 2369.00000000 30665623.40000000 12882.00000000
1557320460000 1557330360000 2372.80000000 2379.00000000 2380.60000000 2356.20000000 186782424.00000000 78795.00000000
1557306000000 1557320340000 2378.60000000 2372.60000000 2383.00000000 2364.00000000 73490031.00000000 30989.00000000
1557298800000 1557305880000 2396.00000000 2379.60000000 2396.00000000 2375.00000000 71241711.60000000 29958.00000000
1557234000000 1557244080000 2400.20000000 2388.60000000 2400.60000000 2375.00000000 128383338.80000000 53837.00000000
1557219660000 1557233880000 2404.80000000 2400.40000000 2407.80000000 2396.80000000 22477696.60000000 9359.00000000
1557212400000 1557219480000 2400.00000000 2404.60000000 2418.00000000 2398.00000000 64360719.40000000 26704.00000000
1557147600000 1557157740000 2378.00000000 2407.00000000 2409.80000000 2350.40000000 279205766.60000000 117074.00000000
1557133200000 1557147540000 2382.20000000 2378.00000000 2385.20000000 2375.20000000 89641526.80000000 37667.00000000
1557126000000 1557133140000 2401.00000000 2384.00000000 2414.00000000 2380.60000000 97283077.40000000 40729.00000000
1556888400000 1556898540000 2418.00000000 2414.00000000 2419.80000000 2392.40000000 218955099.20000000 91071.00000000
1556874000000 1556888280000 2433.40000000 2417.60000000 2436.60000000 2415.00000000 87667844.80000000 36148.00000000
1556866800000 1556873940000 2409.80000000 2432.00000000 2437.60000000 2401.00000000 118027671.60000000 48789.00000000
1556802000000 1556812200000 2468.20000000 2413.00000000 2481.60000000 2405.20000000 283158833.60000000 115882.00000000
1556787600000 1556801940000 2469.00000000 2466.40000000 2477.00000000 2466.40000000 68908669.00000000 27869.00000000
1556780400000 1556787540000 2445.20000000 2470.00000000 2481.80000000 2445.00000000 207891894.40000000 84351.00000000
1556629260000 1556639400000 2402.60000000 2391.00000000 2402.60000000 2380.00000000 71053388.60000000 29729.00000000
1556614800000 1556629140000 2397.60000000 2402.60000000 2408.60000000 2395.00000000 20766383.40000000 8655.00000000
1556607600000 1556614620000 2406.00000000 2397.60000000 2406.00000000 2394.20000000 16680215.80000000 6955.00000000
1556542800000 1556553000000 2379.60000000 2406.00000000 2423.00000000 2377.00000000 173438690.20000000 72139.00000000
1556528400000 1556542740000 2387.20000000 2379.00000000 2390.00000000 2376.00000000 51285496.60000000 21534.00000000
1556521200000 1556528340000 2387.00000000 2388.00000000 2394.40000000 2380.00000000 29387239.40000000 12305.00000000
1556283600000 1556293740000 2397.00000000 2389.00000000 2405.00000000 2364.20000000 156326080.80000000 65540.00000000
1556269200000 1556283540000 2390.20000000 2397.00000000 2405.80000000 2383.20000000 97106109.00000000 40577.00000000
1556262000000 1556269140000 2407.60000000 2389.00000000 2414.60000000 2389.00000000 62683991.80000000 26092.00000000
1556197200000 1556207340000 2475.00000000 2407.60000000 2482.00000000 2337.00000000 793514357.00000000 332049.00000000
1556182800000 1556197140000 2438.00000000 2475.40000000 2489.80000000 2435.00000000 198049906.80000000 80210.00000000
1556175600000 1556182740000 2415.20000000 2438.00000000 2439.00000000 2415.20000000 60191050.40000000 24738.00000000
1556110800000 1556121000000 2419.20000000 2410.60000000 2420.20000000 2395.20000000 129970218.20000000 53960.00000000
1556096400000 1556110560000 2410.00000000 2419.20000000 2424.00000000 2409.00000000 31730025.80000000 13120.00000000
1556089200000 1556096340000 2420.80000000 2410.00000000 2420.80000000 2400.20000000 25274690.80000000 10495.00000000
1556024400000 1556034420000 2405.40000000 2412.80000000 2428.80000000 2391.00000000 154182933.40000000 64016.00000000
1556010000000 1556024340000 2407.80000000 2404.80000000 2409.00000000 2401.40000000 66662901.60000000 27726.00000000
1556002800000 1556009940000 2399.80000000 2407.80000000 2409.80000000 2399.80000000 42018867.20000000 17470.00000000
1555938000000 1555948200000 2408.60000000 2400.00000000 2412.20000000 2392.40000000 140750033.00000000 58628.00000000
1555923600000 1555937940000 2425.60000000 2408.80000000 2428.80000000 2404.00000000 65579067.40000000 27123.00000000
1555916400000 1555923480000 2417.00000000 2424.60000000 2437.60000000 2413.00000000 66287718.60000000 27286.00000000
1555678800000 1555688880000 2416.40000000 2415.20000000 2417.60000000 2411.80000000 12888893.60000000 5338.00000000
1555664400000 1555678740000 2403.60000000 2417.40000000 2417.80000000 2401.40000000 25039114.80000000 10393.00000000
1555657200000 1555664340000 2383.40000000 2403.60000000 2424.80000000 2383.20000000 78922278.80000000 32772.00000000
1555592400000 1555602600000 2442.00000000 2383.20000000 2444.20000000 2382.60000000 239422841.60000000 99611.00000000
1555578000000 1555592340000 2440.00000000 2442.00000000 2445.00000000 2438.20000000 17454797.80000000 7151.00000000
1555570800000 1555577880000 2449.20000000 2439.00000000 2449.20000000 2435.00000000 28260409.00000000 11584.00000000
1555506000000 1555516020000 2490.20000000 2451.00000000 2518.00000000 2451.00000000 264138734.40000000 106593.00000000
1555491720000 1555505820000 2486.80000000 2490.00000000 2494.00000000 2480.40000000 63298127.00000000 25464.00000000
1555484400000 1555491540000 2499.00000000 2486.80000000 2499.00000000 2481.40000000 39399136.60000000 15825.00000000
1555419600000 1555429800000 2493.80000000 2499.80000000 2513.00000000 2484.00000000 199341149.40000000 79756.00000000
1555405200000 1555419540000 2488.00000000 2493.80000000 2508.00000000 2486.40000000 159298909.60000000 63775.00000000
1555398000000 1555405140000 2477.00000000 2488.00000000 2500.00000000 2476.20000000 155183765.00000000 62267.00000000
1555333200000 1555343400000 2482.20000000 2453.00000000 2492.00000000 2443.60000000 398733519.00000000 161333.00000000
1555333080000 1555333140000 2484.00000000 2482.40000000 2485.00000000 2482.20000000 1266409.80000000 510.00000000
1555318800000 1555333020000 2483.80000000 2484.00000000 2490.00000000 2470.40000000 105796804.40000000 42609.00000000
1555311600000 1555318740000 2483.60000000 2485.20000000 2494.00000000 2472.20000000 127327984.60000000 51281.00000000
1555074000000 1555084080000 2441.40000000 2435.20000000 2445.20000000 2425.80000000 128822095.00000000 52931.00000000
1555059600000 1555073760000 2449.00000000 2441.60000000 2450.00000000 2437.00000000 63580013.80000000 26014.00000000
1555052400000 1555059540000 2435.20000000 2450.00000000 2454.80000000 2435.20000000 120518944.20000000 49261.00000000
1554987600000 1554997800000 2407.60000000 2434.00000000 2444.00000000 2394.40000000 312519862.20000000 129054.00000000
1554973200000 1554987540000 2401.40000000 2409.00000000 2411.00000000 2395.20000000 165874838.80000000 68943.00000000
1554966000000 1554973140000 2374.00000000 2401.40000000 2404.00000000 2374.00000000 223879887.20000000 93635.00000000
1554901200000 1554911400000 2334.80000000 2350.80000000 2352.00000000 2324.20000000 146395851.20000000 62524.00000000
1554886800000 1554901140000 2337.40000000 2335.00000000 2344.00000000 2330.80000000 73586631.00000000 31481.00000000
1554879600000 1554886740000 2330.20000000 2335.40000000 2342.60000000 2110.80000000 91996271.00000000 39894.00000000
1554814800000 1554824760000 2305.00000000 2346.00000000 2346.00000000 2303.60000000 230017472.20000000 98810.00000000
1554800400000 1554814740000 2301.60000000 2303.60000000 2307.00000000 2300.40000000 48156440.00000000 20910.00000000
1554793200000 1554800340000 2312.00000000 2300.40000000 2312.00000000 2300.40000000 34730064.00000000 15071.00000000
1554728400000 1554738420000 2294.60000000 2301.60000000 2313.80000000 2283.60000000 111709585.20000000 48527.00000000
1554714000000 1554728280000 2296.60000000 2294.80000000 2303.00000000 2290.20000000 20382947.20000000 8872.00000000
1554706800000 1554713940000 2291.40000000 2298.20000000 2305.00000000 2291.40000000 29320951.80000000 12755.00000000
1554469260000 1554479340000 2278.40000000 2298.00000000 2305.00000000 2267.20000000 144999178.00000000 63270.00000000
1554454800000 1554469080000 2283.20000000 2276.40000000 2284.60000000 2274.20000000 35975563.80000000 15786.00000000
1554447600000 1554454740000 2280.00000000 2283.20000000 2288.00000000 2267.40000000 20283061.80000000 8891.00000000
1554382920000 1554393000000 2266.80000000 2280.80000000 2301.80000000 2265.20000000 179253196.60000000 78371.00000000
1554368460000 1554382740000 2255.80000000 2266.40000000 2266.40000000 2251.20000000 34503028.60000000 15271.00000000
1554361200000 1554368340000 2265.00000000 2255.20000000 2265.00000000 2250.40000000 38628256.60000000 17120.00000000
1554296400000 1554306600000 2277.00000000 2268.20000000 2286.80000000 2260.00000000 134356450.60000000 59164.00000000
1554282000000 1554296340000 2265.00000000 2276.40000000 2277.00000000 2255.60000000 80708304.60000000 35590.00000000
1554274800000 1554281940000 2271.60000000 2265.60000000 2274.60000000 2260.20000000 96962146.80000000 42723.00000000
1554210000000 1554220080000 2219.00000000 2249.00000000 2252.80000000 2218.60000000 218790505.60000000 97921.00000000
1554195660000 1554209940000 2235.00000000 2220.20000000 2236.00000000 2218.20000000 89992489.40000000 40387.00000000
1554188400000 1554195540000 2238.00000000 2235.00000000 2242.40000000 2222.60000000 81464824.40000000 36474.00000000
1554123600000 1554133800000 2286.20000000 2243.40000000 2291.00000000 2232.00000000 395579761.20000000 175780.00000000
1554109200000 1554123540000 2279.80000000 2286.20000000 2288.80000000 2278.20000000 75495027.40000000 33063.00000000
1554102000000 1554109140000 2289.40000000 2279.80000000 2289.60000000 2265.00000000 62947663.00000000 27555.00000000
1553864400000 1553874600000 2319.40000000 2293.60000000 2326.20000000 2280.00000000 311446774.40000000 135165.00000000
1553850000000 1553864280000 2319.60000000 2318.20000000 2335.00000000 2315.20000000 115095805.60000000 49515.00000000
1553842800000 1553849940000 2332.20000000 2318.80000000 2332.20000000 2318.80000000 34002354.00000000 14638.00000000
1553778000000 1553788200000 2280.80000000 2317.80000000 2332.20000000 2250.00000000 283237874.80000000 123304.00000000
1553763600000 1553777940000 2280.80000000 2281.00000000 2289.00000000 2276.80000000 32964110.80000000 14442.00000000
1553756400000 1553763540000 2270.00000000 2281.80000000 2285.20000000 2260.60000000 58447246.00000000 25648.00000000
1553691600000 1553701800000 2305.20000000 2268.00000000 2311.00000000 2266.60000000 197819474.00000000 86438.00000000
1553677200000 1553691540000 2297.60000000 2305.20000000 2309.00000000 2292.80000000 21108878.60000000 9175.00000000
1553670000000 1553677140000 2306.60000000 2299.00000000 2317.60000000 2295.00000000 32482899.20000000 14086.00000000
1553605200000 1553615280000 2320.00000000 2315.80000000 2329.00000000 2300.40000000 112752202.40000000 48743.00000000
1553590800000 1553605080000 2301.00000000 2320.00000000 2324.60000000 2300.20000000 69884557.60000000 30187.00000000
1553583600000 1553590740000 2295.00000000 2300.20000000 2308.00000000 2290.20000000 35563756.80000000 15455.00000000
1553518860000 1553529000000 2273.60000000 2293.80000000 2318.40000000 2265.40000000 140995772.20000000 61490.00000000
1553504400000 1553518740000 2268.00000000 2272.00000000 2274.00000000 2259.80000000 35319672.00000000 15575.00000000
1553497200000 1553504340000 2274.00000000 2268.40000000 2274.00000000 2210.00000000 58057974.00000000 25732.00000000
1553259600000 1553269800000 2283.40000000 2276.40000000 2310.00000000 2276.00000000 153498429.80000000 66896.00000000
1553245200000 1553259540000 2282.40000000 2283.60000000 2290.00000000 2275.40000000 49814182.20000000 21833.00000000
1553238000000 1553245140000 2290.00000000 2281.00000000 2296.00000000 2275.00000000 55960805.00000000 24499.00000000
1553173200000 1553183340000 2333.40000000 2274.00000000 2333.80000000 2259.00000000 387661246.60000000 169605.00000000
1553158800000 1553173140000 2298.00000000 2333.80000000 2348.00000000 2291.20000000 637317589.80000000 274159.00000000
1553151600000 1553158740000 2299.80000000 2297.20000000 2304.80000000 2292.00000000 47026904.00000000 20474.00000000
1553086800000 1553097000000 2317.80000000 2301.40000000 2327.20000000 2295.00000000 132845490.40000000 57592.00000000
1553072400000 1553086740000 2323.40000000 2317.80000000 2329.00000000 2316.00000000 58764644.60000000 25276.00000000
1553065200000 1553072340000 2318.80000000 2323.80000000 2329.80000000 2313.80000000 34117862.00000000 14677.00000000
1553000400000 1553010480000 2326.20000000 2318.80000000 2334.20000000 2315.60000000 68994522.40000000 29721.00000000
1552986000000 1553000280000 2331.00000000 2326.20000000 2339.00000000 2324.80000000 55961012.60000000 23993.00000000
1552978800000 1552985880000 2323.80000000 2331.60000000 2339.80000000 2323.40000000 39137387.60000000 16789.00000000
1552914120000 1552924200000 2371.20000000 2306.00000000 2383.00000000 2297.80000000 395690225.00000000 169441.00000000
1552899600000 1552913940000 2365.60000000 2371.20000000 2398.00000000 2357.80000000 134810931.60000000 56693.00000000
1552892400000 1552899540000 2354.80000000 2364.00000000 2365.80000000 2335.80000000 61942088.60000000 26334.00000000
1552654800000 1552665000000 2345.00000000 2352.80000000 2355.00000000 2327.00000000 124772715.80000000 53218.00000000
1552640400000 1552654740000 2347.80000000 2343.60000000 2352.60000000 2339.40000000 21584271.80000000 9203.00000000
1552633200000 1552640340000 2325.00000000 2348.60000000 2354.40000000 2325.00000000 53900562.20000000 23039.00000000
1552568520000 1552578600000 2347.60000000 2303.40000000 2354.80000000 2300.20000000 139573407.40000000 60047.00000000
1552554060000 1552568340000 2347.00000000 2348.40000000 2349.80000000 2340.00000000 40453225.20000000 17256.00000000
1552546800000 1552553940000 2344.80000000 2347.60000000 2351.40000000 2333.20000000 28015585.40000000 11965.00000000
1552482000000 1552492140000 2355.60000000 2345.00000000 2368.40000000 2340.00000000 121400534.60000000 51642.00000000
1552467600000 1552481880000 2337.20000000 2355.60000000 2359.60000000 2336.20000000 51838097.00000000 22044.00000000
1552460400000 1552467480000 2349.60000000 2335.40000000 2349.60000000 2325.00000000 38655771.00000000 16536.00000000
1552395600000 1552405620000 2372.00000000 2355.00000000 2375.00000000 2344.00000000 84734232.80000000 35923.00000000
1552381200000 1552395540000 2373.40000000 2371.80000000 2375.00000000 2361.60000000 46065626.60000000 19447.00000000
1552374000000 1552381020000 2369.00000000 2371.80000000 2380.00000000 2365.80000000 56878117.40000000 23956.00000000
1552309200000 1552319400000 2349.40000000 2346.40000000 2364.80000000 2332.40000000 105610842.40000000 44942.00000000
1552294800000 1552309140000 2334.00000000 2348.20000000 2361.80000000 2333.00000000 71072600.20000000 30256.00000000
1552287600000 1552294740000 2320.00000000 2334.00000000 2340.00000000 2320.00000000 44111929.20000000 18903.00000000
1551963600000 1551973740000 2358.40000000 2329.20000000 2372.00000000 2312.00000000 201402436.80000000 86128.00000000
1551949200000 1551963540000 2361.20000000 2357.20000000 2363.00000000 2342.20000000 66444587.40000000 28223.00000000
1551942000000 1551949140000 2363.00000000 2361.20000000 2382.00000000 2361.00000000 40318645.00000000 17004.00000000
1551877200000 1551887400000 2383.00000000 2362.00000000 2404.00000000 2361.80000000 259780390.20000000 108941.00000000
1551862800000 1551877140000 2364.20000000 2384.60000000 2387.20000000 2364.00000000 161260147.40000000 67946.00000000
1551855600000 1551862740000 2355.00000000 2364.80000000 2367.00000000 2350.20000000 141997395.20000000 60176.00000000
1551790800000 1551801000000 2284.60000000 2340.20000000 2340.20000000 2282.20000000 310549401.20000000 134005.00000000
1551776400000 1551790740000 2276.20000000 2284.80000000 2287.80000000 2275.00000000 48028451.20000000 21059.00000000
1551769200000 1551776340000 2290.40000000 2276.20000000 2297.00000000 2272.00000000 50940271.80000000 22300.00000000
1551704400000 1551714600000 2267.80000000 2303.60000000 2319.60000000 2263.80000000 349445674.20000000 152106.00000000
1551690000000 1551704340000 2267.20000000 2267.20000000 2275.00000000 2262.20000000 60660661.00000000 26754.00000000
1551682800000 1551689940000 2260.00000000 2267.80000000 2279.40000000 2260.00000000 57599933.60000000 25414.00000000
1551445200000 1551455340000 2230.40000000 2247.40000000 2270.00000000 2230.00000000 371211219.80000000 165016.00000000
1551430800000 1551445140000 2237.00000000 2230.40000000 2250.00000000 2230.20000000 203466175.40000000 90960.00000000
1551423600000 1551430740000 2235.60000000 2237.00000000 2250.00000000 2230.20000000 163811799.20000000 73141.00000000
1551358800000 1551369000000 2158.80000000 2208.00000000 2214.00000000 2158.80000000 290230913.00000000 132745.00000000
1551344400000 1551358740000 2157.60000000 2157.40000000 2160.40000000 2145.20000000 56890307.80000000 26460.00000000
1551337200000 1551344340000 2165.00000000 2157.60000000 2165.00000000 2149.00000000 27521742.60000000 12767.00000000
1551272400000 1551282600000 2172.20000000 2163.00000000 2189.80000000 2158.80000000 207227174.80000000 95251.00000000
1551258000000 1551272340000 2178.60000000 2170.00000000 2180.00000000 2165.00000000 67352187.20000000 31021.00000000
1551250800000 1551257940000 2177.80000000 2179.60000000 2185.00000000 2170.20000000 69711657.00000000 32009.00000000
1551186000000 1551196200000 2196.60000000 2169.60000000 2204.80000000 2162.00000000 211859822.80000000 97098.00000000
1551171600000 1551185940000 2194.00000000 2195.60000000 2197.60000000 2183.00000000 50148637.80000000 22875.00000000
1551164400000 1551171540000 2198.00000000 2194.00000000 2198.00000000 2181.00000000 36802113.60000000 16777.00000000
1551099600000 1551109800000 2190.20000000 2214.60000000 2235.00000000 2185.20000000 409906647.40000000 185425.00000000
1551085200000 1551099540000 2184.20000000 2190.00000000 2204.80000000 2183.20000000 255024203.60000000 116235.00000000
1551078000000 1551085140000 2181.00000000 2184.20000000 2194.60000000 2180.20000000 201156149.40000000 92106.00000000
1550840400000 1550850600000 2116.60000000 2133.00000000 2139.00000000 2100.80000000 247468162.60000000 116542.00000000
1550826000000 1550840340000 2103.80000000 2116.40000000 2117.60000000 2097.00000000 141638695.00000000 67230.00000000
1550818800000 1550825940000 2108.00000000 2103.60000000 2111.80000000 2090.40000000 143473731.20000000 68285.00000000
1550754000000 1550764200000 2146.60000000 2115.00000000 2148.00000000 2110.00000000 251047674.40000000 118236.00000000
1550739600000 1550753940000 2160.60000000 2146.60000000 2160.60000000 2131.20000000 166658251.20000000 77712.00000000
1550732400000 1550739540000 2167.00000000 2161.00000000 2176.00000000 2157.40000000 56862511.00000000 26245.00000000
1550667600000 1550677800000 2177.80000000 2166.20000000 2187.40000000 2152.00000000 304053793.20000000 140086.00000000
1550653200000 1550667540000 2160.00000000 2177.80000000 2185.40000000 2159.60000000 157198145.20000000 72324.00000000
1550646000000 1550653140000 2161.00000000 2161.00000000 2166.60000000 2148.60000000 148876712.40000000 68943.00000000
1550581200000 1550591400000 2136.20000000 2126.60000000 2137.80000000 2095.00000000 617023805.00000000 292080.00000000
1550566800000 1550581140000 2176.60000000 2136.20000000 2177.00000000 2131.00000000 377364463.40000000 175496.00000000
1550559600000 1550566740000 2169.80000000 2175.20000000 2179.80000000 2162.20000000 231994968.80000000 106898.00000000
1550494800000 1550505000000 2148.00000000 2161.00000000 2174.40000000 2145.40000000 343353996.80000000 158841.00000000
1550480400000 1550494740000 2150.00000000 2148.80000000 2156.00000000 2117.80000000 424565442.00000000 199316.00000000
1550473200000 1550480340000 2140.00000000 2150.00000000 2170.00000000 2116.20000000 696241456.20000000 323723.00000000
1550235600000 1550245800000 2298.00000000 2200.20000000 2303.40000000 2148.80000000 1379418440.00000000 621184.00000000
1550221200000 1550235540000 2306.40000000 2298.00000000 2335.00000000 2268.00000000 893340153.40000000 385618.00000000
1550214000000 1550221140000 2290.00000000 2306.00000000 2310.00000000 2282.20000000 171884834.20000000 74845.00000000
1550149200000 1550159400000 2255.80000000 2264.00000000 2269.60000000 2232.00000000 292929500.00000000 130065.00000000
1550134800000 1550149140000 2222.80000000 2255.60000000 2256.00000000 2222.80000000 155495794.00000000 69301.00000000
1550127600000 1550134740000 2229.00000000 2224.20000000 2237.00000000 2212.00000000 304200425.20000000 137024.00000000
1550062800000 1550073000000 2207.40000000 2258.00000000 2258.20000000 2201.00000000 674847401.40000000 301647.00000000
1550048400000 1550062680000 2216.60000000 2205.80000000 2223.40000000 2201.00000000 133104691.40000000 60254.00000000
1550041200000 1550048340000 2233.00000000 2218.40000000 2238.00000000 2215.20000000 52926635.00000000 23766.00000000
1549976400000 1549986540000 2225.80000000 2230.00000000 2241.80000000 2210.00000000 237271283.60000000 106557.00000000
1549962060000 1549976340000 2213.20000000 2225.60000000 2237.20000000 2210.40000000 105216490.80000000 47389.00000000
1549954800000 1549961940000 2206.00000000 2212.40000000 2218.40000000 2200.40000000 51166889.60000000 23122.00000000
1549890000000 1549899960000 2208.40000000 2196.00000000 2217.40000000 2183.60000000 168057810.80000000 76369.00000000
1549875600000 1549889940000 2208.60000000 2210.00000000 2223.00000000 2206.80000000 114051634.60000000 51464.00000000
1549868400000 1549875540000 2170.00000000 2208.60000000 2215.60000000 2170.00000000 83994520.40000000 38174.00000000
1549630800000 1549640940000 2170.00000000 2163.40000000 2171.00000000 2142.40000000 186660838.40000000 86561.00000000
1549616400000 1549630740000 2169.20000000 2170.00000000 2174.20000000 2165.40000000 35020471.00000000 16137.00000000
1549609200000 1549616340000 2189.00000000 2170.60000000 2189.00000000 2162.00000000 64905321.20000000 29926.00000000
1549544400000 1549554600000 2201.80000000 2192.20000000 2209.00000000 2181.80000000 172140973.60000000 78450.00000000
1549530000000 1549544340000 2225.00000000 2201.40000000 2226.00000000 2200.60000000 82065880.20000000 37102.00000000
1549522800000 1549529940000 2230.80000000 2225.00000000 2231.40000000 2215.00000000 52817091.40000000 23751.00000000
1549458060000 1549468080000 2240.20000000 2244.00000000 2257.00000000 2232.00000000 175335905.00000000 78100.00000000
1549443600000 1549457940000 2243.60000000 2242.20000000 2247.80000000 2225.20000000 77002782.40000000 34445.00000000
1549436400000 1549443540000 2261.00000000 2244.00000000 2261.60000000 2240.40000000 40701842.20000000 18106.00000000
1549371600000 1549381560000 2232.80000000 2250.80000000 2262.00000000 2230.00000000 270424336.80000000 120117.00000000
1549357200000 1549371540000 2219.20000000 2232.80000000 2239.80000000 2218.40000000 125479912.60000000 56336.00000000
1549350000000 1549357140000 2220.00000000 2219.20000000 2226.00000000 2215.60000000 102316235.20000000 46086.00000000
1549285200000 1549295340000 2206.60000000 2212.00000000 2215.00000000 2199.20000000 84661138.60000000 38363.00000000
1549270800000 1549285140000 2200.20000000 2207.00000000 2210.00000000 2198.20000000 73472802.20000000 33270.00000000
1549263600000 1549270740000 2195.00000000 2198.60000000 2212.00000000 2195.00000000 26869586.00000000 12193.00000000
1549026000000 1549036200000 2192.60000000 2197.20000000 2215.00000000 2165.40000000 278277952.60000000 126862.00000000
1549011600000 1549025940000 2201.20000000 2193.80000000 2203.00000000 2191.80000000 30012615.00000000 13662.00000000
1549004400000 1549011540000 2200.20000000 2201.00000000 2209.00000000 2182.00000000 64208746.80000000 29216.00000000
1548939600000 1548949800000 2191.00000000 2212.00000000 2214.50000000 2180.00000000 304338910.00000000 138383.00000000
1548925200000 1548939540000 2189.00000000 2191.00000000 2200.00000000 2186.00000000 125606680.50000000 57274.00000000
1548918000000 1548925140000 2180.50000000 2188.50000000 2199.00000000 2180.50000000 149197294.00000000 68092.00000000
1548853200000 1548863280000 2148.00000000 2157.00000000 2172.50000000 2145.50000000 148571971.50000000 68860.00000000
1548838800000 1548853140000 2147.00000000 2148.00000000 2158.00000000 2136.00000000 91591167.00000000 42703.00000000
1548831600000 1548838740000 2147.00000000 2147.00000000 2149.50000000 2140.00000000 42010858.50000000 19584.00000000
1548766800000 1548777000000 2174.50000000 2152.00000000 2184.00000000 2151.50000000 227283420.50000000 104517.00000000
1548752400000 1548766740000 2170.50000000 2174.00000000 2178.00000000 2170.50000000 55534240.00000000 25534.00000000
1548745200000 1548752340000 2176.50000000 2170.50000000 2180.00000000 2164.50000000 57491987.00000000 26492.00000000
1548680400000 1548690600000 2172.50000000 2167.00000000 2178.00000000 2124.00000000 254293557.50000000 118061.00000000
1548666000000 1548680340000 2164.50000000 2172.50000000 2179.00000000 2164.50000000 167103726.50000000 76942.00000000
1548658800000 1548665940000 2170.00000000 2164.00000000 2188.50000000 2160.50000000 238718603.50000000 109890.00000000
1548421200000 1548431400000 2104.00000000 2152.00000000 2172.50000000 2102.50000000 302869090.50000000 141798.00000000
1548406800000 1548421140000 2106.50000000 2102.00000000 2107.00000000 2100.00000000 98354582.50000000 46772.00000000
1548399600000 1548406740000 2099.50000000 2105.50000000 2111.00000000 2095.50000000 188963208.00000000 89926.00000000
1548334800000 1548345000000 2055.00000000 2083.00000000 2098.00000000 2050.00000000 355927966.00000000 170858.00000000
1548320460000 1548334740000 2064.00000000 2057.00000000 2073.00000000 2054.00000000 55606849.00000000 26974.00000000
1548313200000 1548320280000 2057.00000000 2065.00000000 2070.00000000 2057.00000000 40512657.50000000 19632.00000000
1548248400000 1548258540000 2068.00000000 2060.00000000 2075.50000000 2035.00000000 230966813.50000000 112157.00000000
1548234000000 1548248340000 2044.50000000 2066.00000000 2069.00000000 2044.50000000 97700929.00000000 47487.00000000
1548226800000 1548233940000 2039.00000000 2046.00000000 2049.00000000 2036.00000000 62276389.50000000 30471.00000000
1548162000000 1548172200000 2037.50000000 2051.00000000 2077.00000000 2027.00000000 184532442.00000000 89890.00000000
1548147600000 1548161940000 2038.00000000 2036.00000000 2043.00000000 2026.00000000 57747959.00000000 28396.00000000
1548140400000 1548147540000 2033.00000000 2038.00000000 2040.50000000 2011.00000000 39099305.00000000 19236.00000000
1548075600000 1548085560000 2046.50000000 2044.50000000 2049.00000000 2042.50000000 25140022.50000000 12288.00000000
1548061200000 1548075540000 2046.00000000 2046.00000000 2049.00000000 2041.00000000 41241218.00000000 20166.00000000
1548054000000 1548061140000 2048.50000000 2046.00000000 2049.50000000 2040.00000000 33158783.50000000 16211.00000000
1547816400000 1547826600000 2041.00000000 2044.50000000 2059.50000000 2038.50000000 272295509.50000000 132928.00000000
1547802000000 1547816340000 2028.50000000 2041.00000000 2048.00000000 2026.50000000 146006493.50000000 71516.00000000
1547794800000 1547801940000 2024.00000000 2028.50000000 2034.50000000 2020.50000000 147499785.50000000 72777.00000000
1547730000000 1547740200000 1962.00000000 1993.50000000 2006.00000000 1960.00000000 195631020.00000000 98336.00000000
1547715600000 1547729940000 1971.00000000 1962.00000000 1974.00000000 1960.00000000 78908280.50000000 40189.00000000
1547708400000 1547715540000 1979.50000000 1972.00000000 1979.50000000 1966.00000000 31887205.50000000 16152.00000000
1547643600000 1547653800000 1986.00000000 1980.00000000 1997.50000000 1977.00000000 230782780.50000000 116317.00000000
1547629200000 1547643540000 1996.00000000 1986.00000000 1996.50000000 1981.50000000 66943627.50000000 33631.00000000
1547622000000 1547629140000 1997.50000000 1996.00000000 2006.00000000 1988.00000000 59035656.00000000 29552.00000000
1547557200000 1547567400000 1985.50000000 1999.50000000 2009.50000000 1985.00000000 206095691.00000000 103142.00000000
1547542800000 1547557140000 1990.00000000 1987.00000000 1992.00000000 1980.50000000 110791460.50000000 55789.00000000
1547535600000 1547542740000 1993.50000000 1990.50000000 1996.00000000 1984.50000000 63626612.00000000 31952.00000000
1547470800000 1547480820000 1973.50000000 1992.50000000 1997.00000000 1965.00000000 126587557.50000000 63931.00000000
1547456460000 1547470740000 1984.50000000 1974.50000000 1984.50000000 1964.50000000 48528502.50000000 24588.00000000
1547449200000 1547456340000 1985.00000000 1983.00000000 1990.00000000 1981.00000000 36582093.50000000 18424.00000000
1547211600000 1547221800000 1993.00000000 1983.00000000 1993.00000000 1975.00000000 94592565.50000000 47717.00000000
1547197200000 1547211540000 1990.00000000 1993.00000000 1997.00000000 1985.50000000 65323426.50000000 32794.00000000
1547190000000 1547197140000 1983.00000000 1990.00000000 1992.50000000 1973.50000000 41648104.50000000 20980.00000000
1547125200000 1547135400000 1965.50000000 1985.00000000 1985.50000000 1962.50000000 163541100.00000000 82817.00000000
1547110800000 1547124960000 1961.50000000 1963.50000000 1969.00000000 1958.00000000 58092678.50000000 29586.00000000
1547103600000 1547110740000 1970.50000000 1960.50000000 1971.00000000 1955.00000000 58026045.50000000 29539.00000000
1547038800000 1547048880000 1945.00000000 1960.00000000 1970.00000000 1942.50000000 151586317.00000000 77501.00000000
1547024400000 1547038740000 1940.00000000 1945.50000000 1947.00000000 1940.00000000 64814603.50000000 33340.00000000
1547017200000 1547024340000 1936.50000000 1940.50000000 1948.00000000 1934.00000000 44204888.00000000 22788.00000000
1546952400000 1546962600000 1938.00000000 1926.50000000 1948.00000000 1919.00000000 110744946.50000000 57184.00000000
1546938000000 1546952280000 1932.00000000 1938.50000000 1942.00000000 1931.00000000 45422800.00000000 23452.00000000
1546930800000 1546937940000 1933.00000000 1932.00000000 1953.00000000 1925.50000000 64280359.00000000 33188.00000000
1546606800000 1546616940000 1872.00000000 1916.00000000 1924.00000000 1865.50000000 268666134.50000000 141353.00000000
1546592400000 1546606740000 1876.50000000 1873.00000000 1877.50000000 1869.00000000 36258417.00000000 19352.00000000
1546585200000 1546592340000 1861.50000000 1875.00000000 1878.50000000 1861.50000000 50728759.50000000 27090.00000000
1546520460000 1546530600000 1897.50000000 1859.50000000 1905.50000000 1857.00000000 201333791.50000000 107241.00000000
1546506000000 1546520340000 1900.00000000 1897.00000000 1901.00000000 1896.00000000 41369498.00000000 21795.00000000
1546498800000 1546505940000 1918.50000000 1901.00000000 1918.50000000 1881.00000000 36975312.00000000 19445.00000000
1546088400000 1546098600000 1928.50000000 1930.00000000 1931.50000000 1922.00000000 32237058.00000000 16719.00000000
1546074000000 1546088340000 1930.50000000 1928.50000000 1931.50000000 1920.00000000 33500359.50000000 17387.00000000
1546066800000 1546073940000 1920.50000000 1931.00000000 1934.00000000 1920.50000000 25977543.00000000 13462.00000000
1546002000000 1546012200000 1906.50000000 1916.00000000 1939.00000000 1901.00000000 170810078.00000000 88898.00000000
1545987600000 1546001940000 1904.00000000 1906.50000000 1915.00000000 1898.50000000 104778431.50000000 54889.00000000
1545980400000 1545987540000 1894.00000000 1903.50000000 1904.50000000 1894.00000000 58721798.00000000 30915.00000000
1545915600000 1545925740000 1877.50000000 1880.00000000 1901.00000000 1869.00000000 249542017.00000000 132371.00000000
1545901200000 1545915540000 1866.50000000 1877.50000000 1877.50000000 1863.50000000 87957727.00000000 47048.00000000
1545894000000 1545901140000 1870.00000000 1866.50000000 1885.00000000 1864.00000000 77297971.00000000 41305.00000000
1545829200000 1545839400000 1856.00000000 1832.00000000 1875.00000000 1816.50000000 330744821.00000000 178825.00000000
1545814800000 1545829140000 1849.00000000 1856.00000000 1857.50000000 1845.50000000 70999238.50000000 38347.00000000
1545807660000 1545814740000 1830.00000000 1849.00000000 1849.50000000 1825.50000000 37956348.00000000 20630.00000000
1545742800000 1545752880000 1817.50000000 1828.00000000 1834.00000000 1816.50000000 43157273.50000000 23605.00000000
1545728400000 1545742740000 1817.50000000 1819.00000000 1820.00000000 1815.00000000 48855009.00000000 26883.00000000
1545721200000 1545728340000 1829.50000000 1818.00000000 1840.00000000 1785.50000000 120693818.00000000 66609.00000000
1545656400000 1545666600000 1827.50000000 1840.50000000 1843.50000000 1805.00000000 255302730.00000000 140011.00000000
1545642000000 1545656340000 1841.00000000 1828.00000000 1844.50000000 1825.00000000 86737326.00000000 47270.00000000
1545634800000 1545641940000 1850.00000000 1841.50000000 1854.50000000 1841.00000000 44457753.50000000 24061.00000000
1545397260000 1545407400000 1853.00000000 1860.50000000 1877.00000000 1847.50000000 140399376.00000000 75449.00000000
1545382800000 1545397020000 1858.50000000 1853.00000000 1861.50000000 1849.00000000 70550350.00000000 38012.00000000
1545375600000 1545382620000 1860.00000000 1858.50000000 1864.50000000 1850.50000000 17901244.50000000 9624.00000000
1545310800000 1545320940000 1857.50000000 1864.00000000 1880.00000000 1851.00000000 142244040.50000000 76393.00000000
1545296400000 1545310740000 1849.50000000 1857.50000000 1868.50000000 1841.00000000 182840003.50000000 98448.00000000
1545289200000 1545296340000 1850.00000000 1849.50000000 1859.00000000 1834.50000000 105052689.00000000 56790.00000000
1545224400000 1545234600000 1848.00000000 1894.00000000 1905.00000000 1836.00000000 214029533.50000000 114066.00000000
1545210000000 1545224340000 1851.50000000 1848.00000000 1854.00000000 1844.50000000 33741865.50000000 18244.00000000
1545202860000 1545209940000 1850.00000000 1850.00000000 1855.00000000 1841.00000000 26991724.50000000 14606.00000000
1545138000000 1545148200000 1853.00000000 1856.00000000 1870.00000000 1847.00000000 146709563.50000000 78946.00000000
1545123600000 1545137940000 1842.00000000 1853.00000000 1853.00000000 1836.00000000 83789063.00000000 45392.00000000
1545116400000 1545123540000 1850.00000000 1840.00000000 1852.50000000 1836.00000000 70881611.00000000 38397.00000000
1545051600000 1545061800000 1874.00000000 1869.00000000 1875.50000000 1850.00000000 133165189.50000000 71485.00000000
1545037200000 1545051540000 1870.50000000 1875.50000000 1883.00000000 1870.50000000 22832880.00000000 12171.00000000
1545030000000 1545037140000 1868.50000000 1871.00000000 1874.50000000 1861.00000000 20519866.00000000 10974.00000000
1544792400000 1544802600000 1851.00000000 1860.50000000 1861.00000000 1836.00000000 123214270.00000000 66678.00000000
1544778000000 1544792340000 1852.00000000 1851.00000000 1860.00000000 1840.00000000 64240779.00000000 34739.00000000
1544770800000 1544777940000 1869.00000000 1854.50000000 1869.00000000 1850.50000000 40663018.50000000 21861.00000000
1544706000000 1544716020000 1881.50000000 1888.00000000 1899.50000000 1871.50000000 135952650.00000000 72108.00000000
1544691600000 1544705880000 1886.50000000 1882.00000000 1888.00000000 1870.50000000 65083996.00000000 34626.00000000
1544684400000 1544691540000 1900.00000000 1887.00000000 1910.00000000 1878.00000000 68870526.50000000 36394.00000000
1544619600000 1544629800000 1828.00000000 1871.50000000 1876.50000000 1817.00000000 270428917.50000000 147111.00000000
1544605200000 1544619540000 1838.50000000 1828.00000000 1840.00000000 1812.00000000 165304658.50000000 90613.00000000
1544598000000 1544605140000 1849.50000000 1838.50000000 1849.50000000 1781.50000000 157000605.50000000 85541.00000000
1544533200000 1544543400000 1884.00000000 1869.50000000 1890.00000000 1865.50000000 184212239.50000000 97986.00000000
1544518800000 1544533140000 1886.00000000 1886.00000000 1892.50000000 1873.50000000 96590131.00000000 51265.00000000
1544511600000 1544518740000 1890.00000000 1886.50000000 1899.50000000 1883.00000000 57685853.00000000 30501.00000000
1544446860000 1544457000000 1904.50000000 1903.00000000 1927.00000000 1895.00000000 117852303.00000000 61649.00000000
1544432400000 1544446740000 1895.50000000 1904.50000000 1905.50000000 1894.00000000 39899991.50000000 21008.00000000
1544425200000 1544432340000 1911.50000000 1895.50000000 1911.50000000 1893.50000000 34953162.50000000 18354.00000000
1544187660000 1544197800000 1915.00000000 1912.50000000 1936.50000000 1909.50000000 165455375.50000000 86138.00000000
1544173200000 1544187300000 1921.50000000 1913.00000000 1921.50000000 1912.00000000 48948472.00000000 25539.00000000
1544166000000 1544173080000 1913.50000000 1920.00000000 1924.50000000 1907.00000000 39470379.00000000 20568.00000000
1544101200000 1544111400000 1904.00000000 1914.00000000 1925.00000000 1868.50000000 381461276.50000000 201014.00000000
1544086800000 1544101140000 1929.00000000 1904.00000000 1929.00000000 1902.00000000 165350201.00000000 86541.00000000
1544079600000 1544086740000 1936.00000000 1929.00000000 1939.50000000 1925.00000000 78331279.00000000 40554.00000000
1544014800000 1544024760000 1953.00000000 1955.00000000 1965.00000000 1951.50000000 43740843.00000000 22333.00000000
1544000400000 1544014740000 1940.00000000 1951.00000000 1954.50000000 1940.00000000 41426083.50000000 21280.00000000
1543993200000 1544000340000 1949.50000000 1941.50000000 1949.50000000 1921.00000000 68782332.50000000 35479.00000000
1543928580000 1543938360000 1985.50000000 1957.50000000 1989.50000000 1954.00000000 155995872.00000000 79201.00000000
1543914000000 1543928340000 1986.00000000 1985.50000000 1991.50000000 1981.50000000 28554643.00000000 14367.00000000
1543906800000 1543913940000 1995.00000000 1986.00000000 1995.00000000 1980.00000000 27857534.50000000 14043.00000000
1543842000000 1543852200000 1995.00000000 1989.00000000 2019.50000000 1983.00000000 278565283.50000000 139188.00000000
1543827600000 1543841940000 1992.50000000 1997.00000000 1998.50000000 1985.00000000 282998658.00000000 142085.00000000
1543820400000 1543827540000 1975.00000000 1992.00000000 2000.00000000 1975.00000000 254406048.50000000 127675.00000000
1543582800000 1543592940000 1947.00000000 1965.00000000 1971.00000000 1930.00000000 138471610.50000000 70871.00000000
1543568460000 1543582740000 1957.50000000 1948.00000000 1959.00000000 1940.50000000 43387744.50000000 22278.00000000
1543561200000 1543568220000 1950.00000000 1952.50000000 1964.50000000 1945.50000000 50578948.00000000 25850.00000000
1543496400000 1543506540000 1994.00000000 1967.50000000 1997.50000000 1950.00000000 273820526.50000000 138786.00000000
1543482000000 1543496340000 1981.50000000 1994.00000000 1998.00000000 1975.50000000 111683324.50000000 56174.00000000
1543474800000 1543481940000 1976.00000000 1980.50000000 1998.00000000 1975.50000000 75884249.50000000 38282.00000000
1543410000000 1543420080000 1951.00000000 1945.50000000 1977.00000000 1943.50000000 345315631.00000000 176271.00000000
1543395600000 1543409940000 1940.00000000 1952.00000000 1952.00000000 1935.50000000 69132407.50000000 35517.00000000
1543388400000 1543395540000 1949.50000000 1941.00000000 1955.00000000 1937.50000000 45947230.50000000 23582.00000000
1543323600000 1543333740000 1924.50000000 1945.00000000 1949.00000000 1915.00000000 169489811.50000000 87568.00000000
1543309260000 1543323540000 1922.00000000 1924.50000000 1925.00000000 1915.50000000 44155272.50000000 22988.00000000
1543302000000 1543309080000 1924.00000000 1923.50000000 1939.00000000 1920.00000000 49172976.50000000 25550.00000000
1543237200000 1543247400000 1885.50000000 1920.00000000 1924.50000000 1851.00000000 409306799.00000000 216380.00000000
1543222860000 1543237140000 1880.00000000 1883.50000000 1889.00000000 1875.00000000 69640643.00000000 37023.00000000
1543215600000 1543222740000 1894.50000000 1880.00000000 1894.50000000 1860.00000000 105873365.50000000 56497.00000000
1542978060000 1542988200000 1898.00000000 1898.50000000 1915.00000000 1871.00000000 237407973.50000000 125311.00000000
1542963600000 1542977940000 1898.00000000 1899.50000000 1905.00000000 1890.00000000 55320219.00000000 29168.00000000
1542956400000 1542963540000 1912.00000000 1896.50000000 1917.00000000 1896.00000000 52526796.00000000 27556.00000000
1542891660000 1542901740000 1920.50000000 1921.00000000 1925.00000000 1915.50000000 33143595.00000000 17260.00000000
1542877200000 1542891540000 1922.50000000 1922.00000000 1924.00000000 1915.50000000 42792094.50000000 22284.00000000
1542870000000 1542877140000 1924.50000000 1922.00000000 1930.00000000 1915.50000000 45558976.00000000 23721.00000000
1542805200000 1542815400000 1897.00000000 1909.00000000 1923.00000000 1885.00000000 249432292.00000000 130991.00000000
1542790800000 1542805140000 1888.50000000 1897.00000000 1900.00000000 1883.00000000 69698340.50000000 36818.00000000
1542783600000 1542790680000 1879.50000000 1889.50000000 1891.00000000 1872.00000000 87953584.00000000 46799.00000000
1542718800000 1542729000000 1892.50000000 1902.00000000 1905.50000000 1851.00000000 319697605.00000000 170044.00000000
1542704400000 1542718740000 1902.00000000 1893.00000000 1909.50000000 1892.00000000 75751015.50000000 39816.00000000
1542697200000 1542704340000 1915.00000000 1904.00000000 1915.00000000 1895.50000000 39272084.00000000 20610.00000000
1542632460000 1542642600000 1938.00000000 1924.50000000 1938.50000000 1915.50000000 112874003.50000000 58691.00000000
1542618000000 1542632340000 1941.00000000 1937.00000000 1944.50000000 1929.00000000 61064700.50000000 31512.00000000
1542610800000 1542617940000 1927.00000000 1941.00000000 1944.50000000 1920.00000000 88799975.50000000 45857.00000000
1542373260000 1542383400000 1935.50000000 1916.00000000 1937.00000000 1907.50000000 172548340.50000000 89872.00000000
1542358800000 1542373140000 1935.00000000 1937.00000000 1951.00000000 1931.50000000 98850621.50000000 50938.00000000
1542351600000 1542358740000 1933.00000000 1935.00000000 1939.00000000 1930.00000000 45645840.00000000 23603.00000000
1542286860000 1542297000000 1948.50000000 1920.00000000 1953.50000000 1913.00000000 215956919.00000000 111872.00000000
1542272400000 1542286560000 1950.00000000 1948.00000000 1954.50000000 1938.50000000 69512257.00000000 35678.00000000
1542265200000 1542272340000 1940.00000000 1950.00000000 1957.50000000 1935.50000000 62045959.50000000 31849.00000000
1542200400000 1542210540000 1915.50000000 1940.00000000 1964.50000000 1911.50000000 327546628.50000000 169217.00000000
1542186000000 1542200280000 1902.00000000 1917.00000000 1920.00000000 1894.00000000 103305496.00000000 54097.00000000
1542178800000 1542185940000 1905.50000000 1904.50000000 1915.00000000 1901.00000000 58484760.00000000 30617.00000000
1542114000000 1542124200000 1923.00000000 1903.50000000 1924.00000000 1892.00000000 279900497.00000000 146751.00000000
1542099600000 1542113880000 1902.50000000 1921.00000000 1925.50000000 1894.00000000 177857362.00000000 92999.00000000
1542092400000 1542099540000 1886.00000000 1904.50000000 1904.50000000 1875.00000000 57140816.50000000 30200.00000000
1542027600000 1542037800000 1926.00000000 1886.00000000 1932.00000000 1873.00000000 519165535.50000000 272630.00000000
1542013200000 1542027540000 1928.00000000 1926.00000000 1932.00000000 1925.00000000 62828381.50000000 32597.00000000
1542006000000 1542013140000 1928.50000000 1928.00000000 1939.00000000 1921.50000000 71135596.00000000 36828.00000000
1541768400000 1541778600000 1932.00000000 1921.50000000 1940.00000000 1902.50000000 337936166.00000000 175971.00000000
1541754000000 1541768340000 1947.00000000 1932.00000000 1949.00000000 1926.50000000 134096397.50000000 69240.00000000
1541746800000 1541753940000 1954.50000000 1947.00000000 1964.00000000 1935.50000000 104453342.00000000 53557.00000000
1541682000000 1541692200000 1980.00000000 1982.00000000 1984.50000000 1959.00000000 230355300.00000000 116738.00000000
1541667600000 1541681940000 1993.00000000 1980.00000000 1997.50000000 1974.00000000 195539876.50000000 98405.00000000
1541660400000 1541667540000 1987.50000000 1993.50000000 1999.50000000 1970.50000000 134716888.50000000 67947.00000000
1541595600000 1541605800000 2000.00000000 1995.00000000 2005.50000000 1973.50000000 209401647.00000000 105242.00000000
1541581200000 1541595540000 1995.50000000 2000.00000000 2005.50000000 1993.00000000 132312810.00000000 66164.00000000
1541574000000 1541581140000 1999.50000000 1995.50000000 2000.00000000 1970.00000000 132827230.00000000 66967.00000000
1541509200000 1541519400000 1994.00000000 2002.00000000 2019.00000000 1984.00000000 275173846.00000000 137328.00000000
1541494800000 1541509140000 2002.50000000 1992.50000000 2007.00000000 1992.50000000 199144662.00000000 99540.00000000
1541487600000 1541494740000 2000.50000000 2002.50000000 2015.00000000 1996.00000000 117156886.50000000 58435.00000000
1541163600000 1541173800000 2031.00000000 1995.00000000 2035.00000000 1977.00000000 974427211.00000000 486104.00000000
1541149200000 1541163540000 2029.00000000 2031.00000000 2041.50000000 2026.00000000 260913915.00000000 128300.00000000
1541142000000 1541149140000 2006.50000000 2029.00000000 2037.50000000 2006.50000000 378639793.50000000 187032.00000000
1541077200000 1541087400000 1948.50000000 1999.00000000 1999.00000000 1945.50000000 1226582543.00000000 619278.00000000
1541062800000 1541077140000 1948.00000000 1948.50000000 1958.00000000 1935.00000000 187252983.00000000 96290.00000000
1541055600000 1541062740000 1965.50000000 1947.50000000 1970.00000000 1935.50000000 293622163.00000000 150404.00000000
1540990800000 1541001000000 1903.50000000 1916.50000000 1975.00000000 1864.00000000 1385241665.50000000 720623.00000000
1540976400000 1540990740000 1884.00000000 1904.00000000 1907.50000000 1854.00000000 532947690.00000000 283443.00000000
1540969200000 1540976340000 1875.00000000 1884.00000000 1919.50000000 1870.00000000 554724551.00000000 293830.00000000
1540904400000 1540914540000 1829.00000000 1843.00000000 1850.50000000 1800.00000000 592373857.00000000 324528.00000000
1540890000000 1540904340000 1842.00000000 1830.00000000 1846.00000000 1825.50000000 193400629.50000000 105388.00000000
1540882800000 1540889940000 1829.50000000 1842.00000000 1885.00000000 1812.50000000 338706063.00000000 182821.00000000
1540818000000 1540828200000 1888.50000000 1859.50000000 1896.00000000 1820.00000000 947786190.00000000 510224.00000000
1540803600000 1540817940000 1830.00000000 1890.00000000 1928.50000000 1830.00000000 1272016036.00000000 671692.00000000
1540796400000 1540803540000 1777.00000000 1830.00000000 1837.50000000 1770.50000000 276423868.00000000 152486.00000000
1540558800000 1540569000000 1754.00000000 1761.50000000 1786.50000000 1722.50000000 414163119.00000000 235820.00000000
1540544400000 1540558740000 1754.00000000 1754.00000000 1759.00000000 1730.00000000 153162380.00000000 87706.00000000
1540537200000 1540544340000 1770.00000000 1755.50000000 1787.00000000 1740.00000000 138500822.00000000 78774.00000000
1540472400000 1540482600000 1745.50000000 1777.00000000 1789.50000000 1731.00000000 322072991.00000000 182659.00000000
1540458000000 1540472340000 1760.00000000 1745.50000000 1768.50000000 1734.00000000 229609206.50000000 131475.00000000
1540450800000 1540457940000 1749.50000000 1758.50000000 1772.50000000 1710.00000000 168618705.50000000 96373.00000000
1540386000000 1540396200000 1809.50000000 1781.00000000 1809.50000000 1770.00000000 480610894.00000000 268820.00000000
1540371600000 1540385940000 1785.00000000 1809.50000000 1819.50000000 1776.00000000 366811440.00000000 203995.00000000
1540364400000 1540371540000 1769.50000000 1784.50000000 1804.00000000 1765.00000000 210985619.00000000 117922.00000000
1540299600000 1540309800000 1772.00000000 1760.00000000 1799.00000000 1731.00000000 889324553.00000000 505247.00000000
1540285200000 1540299540000 1835.00000000 1772.00000000 1837.00000000 1771.00000000 422360856.50000000 234347.00000000
1540278000000 1540285140000 1764.50000000 1834.50000000 1837.50000000 1717.00000000 474236692.00000000 264220.00000000
1540213200000 1540223400000 1923.00000000 1755.00000000 1990.00000000 1687.50000000 3363153125.00000000 1833301.00000000
1540198800000 1540213140000 1814.50000000 1923.00000000 1940.00000000 1812.00000000 1739268880.00000000 913162.00000000
1540191600000 1540198740000 1830.00000000 1815.00000000 1870.00000000 1770.00000000 720759418.00000000 393798.00000000
1539954000000 1539964200000 2024.50000000 1790.00000000 2029.00000000 1736.00000000 4176753262.50000000 2253218.00000000
1539939600000 1539953940000 2082.00000000 2025.00000000 2095.00000000 2015.00000000 877078373.50000000 426896.00000000
1539932400000 1539939540000 2012.00000000 2083.00000000 2095.00000000 2011.50000000 1436909443.00000000 696844.00000000
1539867600000 1539877740000 2315.50000000 2235.00000000 2356.50000000 2185.00000000 757866333.00000000 334873.00000000
1539853320000 1539867540000 2339.00000000 2315.50000000 2345.00000000 2305.00000000 83826605.50000000 36056.00000000
1539846000000 1539853140000 2322.00000000 2339.00000000 2344.50000000 2313.50000000 35658646.50000000 15335.00000000
1539781200000 1539791160000 2299.00000000 2310.00000000 2325.00000000 2285.50000000 143083994.00000000 61885.00000000
1539766800000 1539781140000 2298.50000000 2296.50000000 2306.00000000 2285.50000000 42165399.50000000 18377.00000000
1539759600000 1539766680000 2308.00000000 2296.00000000 2330.50000000 2291.50000000 67033673.50000000 29011.00000000
1539694800000 1539705000000 2251.50000000 2307.00000000 2327.50000000 2231.00000000 299660869.50000000 131429.00000000
1539680400000 1539694740000 2171.00000000 2252.00000000 2274.50000000 2165.00000000 168876776.00000000 75870.00000000
1539673200000 1539680280000 2178.00000000 2171.00000000 2185.50000000 2160.50000000 39149819.00000000 18017.00000000
1539608400000 1539618540000 2132.50000000 2178.00000000 2181.50000000 2127.00000000 99080961.00000000 45923.00000000
1539594000000 1539608160000 2126.50000000 2131.00000000 2135.00000000 2121.00000000 16297831.50000000 7656.00000000
1539586860000 1539593940000 2152.00000000 2126.50000000 2160.00000000 2122.00000000 58889120.50000000 27573.00000000
1539349200000 1539359280000 2143.00000000 2140.00000000 2169.50000000 2138.00000000 96411980.00000000 44746.00000000
1539334800000 1539348960000 2136.50000000 2143.00000000 2149.00000000 2130.00000000 29403150.00000000 13727.00000000
1539327600000 1539334740000 2130.00000000 2136.50000000 2154.50000000 2120.50000000 35014811.50000000 16421.00000000
1539262800000 1539272820000 2127.00000000 2118.00000000 2165.50000000 2097.00000000 194175777.00000000 91326.00000000
1539248400000 1539262740000 2123.50000000 2129.50000000 2134.50000000 2100.00000000 114025869.50000000 53897.00000000
1539241200000 1539248340000 2111.50000000 2123.50000000 2136.50000000 2111.50000000 101242090.50000000 47706.00000000
1539176400000 1539186480000 2201.00000000 2146.00000000 2201.00000000 2128.00000000 204625727.00000000 95263.00000000
1539162000000 1539175920000 2204.00000000 2201.00000000 2212.50000000 2197.00000000 20631562.50000000 9362.00000000
1539154800000 1539161940000 2219.50000000 2200.50000000 2227.00000000 2196.00000000 76289264.50000000 34590.00000000
1539090060000 1539100020000 2197.50000000 2220.00000000 2249.00000000 2190.00000000 214988587.00000000 96574.00000000
1539075660000 1539089940000 2192.00000000 2200.00000000 2200.00000000 2190.00000000 30058333.00000000 13705.00000000
1539068400000 1539075480000 2197.50000000 2194.50000000 2205.00000000 2186.50000000 54388098.50000000 24756.00000000
1539003660000 1539013680000 2143.50000000 2170.50000000 2204.50000000 2130.00000000 192408762.00000000 88353.00000000
1538989200000 1539003540000 2149.50000000 2143.50000000 2152.50000000 2132.00000000 60717766.00000000 28371.00000000
1538982000000 1538989140000 2143.00000000 2148.50000000 2179.50000000 2141.00000000 79108808.00000000 36697.00000000
1538744400000 1538754420000 2127.50000000 2143.00000000 2180.50000000 2127.00000000 146885099.50000000 68288.00000000
1538730000000 1538744340000 2125.00000000 2127.50000000 2130.50000000 2105.50000000 118898369.50000000 56165.00000000
1538722800000 1538729940000 2151.00000000 2123.00000000 2164.00000000 2123.00000000 33416480.50000000 15623.00000000
1538658000000 1538668020000 2153.00000000 2157.50000000 2189.50000000 2139.00000000 261787138.50000000 120667.00000000
1538643600000 1538657760000 2167.00000000 2153.00000000 2174.50000000 2149.00000000 157791940.50000000 73125.00000000
1538636400000 1538643540000 2185.50000000 2168.50000000 2185.50000000 2164.50000000 50989301.50000000 23451.00000000
1538571600000 1538581800000 2155.00000000 2172.50000000 2179.00000000 2150.00000000 110694371.50000000 51052.00000000
1538557200000 1538571540000 2151.00000000 2155.50000000 2159.50000000 2150.00000000 51100741.50000000 23717.00000000
1538550000000 1538557140000 2143.50000000 2152.00000000 2155.00000000 2137.00000000 21200301.50000000 9864.00000000
1538485200000 1538495400000 2134.50000000 2136.50000000 2146.00000000 2093.50000000 150994587.50000000 71319.00000000
1538470860000 1538485140000 2135.00000000 2135.50000000 2143.50000000 2127.00000000 87563327.50000000 40972.00000000
1538463600000 1538470740000 2136.00000000 2135.50000000 2142.00000000 2123.50000000 44142866.00000000 20662.00000000
1538398800000 1538408940000 2170.50000000 2134.00000000 2183.00000000 2130.00000000 96543272.50000000 44821.00000000
1538384400000 1538398680000 2179.50000000 2170.50000000 2184.50000000 2170.00000000 33653329.50000000 15465.00000000
1538377200000 1538384340000 2168.00000000 2179.00000000 2179.00000000 2155.00000000 44314885.00000000 20452.00000000
1538139600000 1538149740000 2172.00000000 2160.50000000 2177.00000000 2140.50000000 90005556.00000000 41713.00000000
1538125200000 1538139540000 2182.00000000 2170.00000000 2184.50000000 2163.00000000 30152116.50000000 13884.00000000
1538118000000 1538125140000 2195.00000000 2179.00000000 2196.50000000 2160.00000000 73254738.50000000 33756.00000000
1538053260000 1538063160000 2228.00000000 2185.00000000 2231.00000000 2180.00000000 150696064.00000000 68589.00000000
1538038800000 1538053140000 2220.00000000 2227.50000000 2233.00000000 2211.50000000 60879145.00000000 27377.00000000
1538031600000 1538038740000 2194.00000000 2220.00000000 2220.00000000 2193.00000000 44803119.50000000 20302.00000000
1537967040000 1537976760000 2209.50000000 2216.00000000 2230.00000000 2197.50000000 89602102.00000000 40437.00000000
1537952460000 1537966560000 2214.00000000 2210.00000000 2217.50000000 2200.50000000 28529204.00000000 12923.00000000
1537945200000 1537952340000 2213.00000000 2211.00000000 2226.50000000 2210.00000000 32278457.00000000 14559.00000000
1537880400000 1537890600000 2197.00000000 2213.00000000 2214.50000000 2185.00000000 62474195.50000000 28361.00000000
1537866000000 1537880340000 2189.50000000 2194.50000000 2202.00000000 2186.00000000 30934073.00000000 14092.00000000
1537858800000 1537865880000 2196.50000000 2192.00000000 2204.00000000 2184.00000000 36375004.50000000 16585.00000000
1537794060000 1537803960000 2188.50000000 2193.50000000 2201.00000000 2145.00000000 165592610.00000000 76086.00000000
1537779600000 1537793880000 2189.50000000 2187.00000000 2192.00000000 2181.00000000 17122376.50000000 7829.00000000
1537772400000 1537779540000 2202.50000000 2191.50000000 2202.50000000 2182.00000000 22731201.00000000 10384.00000000
1537534860000 1537544820000 2186.00000000 2204.00000000 2217.50000000 2185.00000000 148387983.00000000 67406.00000000
1537520400000 1537534740000 2189.00000000 2185.00000000 2197.00000000 2170.50000000 40370953.00000000 18474.00000000
1537513200000 1537520340000 2178.00000000 2189.00000000 2190.00000000 2166.00000000 30975704.00000000 14219.00000000
1537448400000 1537458480000 2175.50000000 2174.50000000 2219.00000000 2162.00000000 197506313.50000000 90177.00000000
1537434000000 1537448340000 2160.00000000 2172.50000000 2182.50000000 2152.00000000 199628378.50000000 92015.00000000
1537426800000 1537433940000 2152.50000000 2160.00000000 2163.00000000 2150.50000000 33417164.00000000 15488.00000000
1537362000000 1537372020000 2138.00000000 2145.00000000 2163.50000000 2121.00000000 116601212.00000000 54426.00000000
1537347600000 1537361940000 2152.00000000 2141.00000000 2158.00000000 2137.00000000 63191297.00000000 29391.00000000
1537340400000 1537347540000 2140.00000000 2151.50000000 2154.50000000 2134.00000000 27371122.00000000 12766.00000000
1537275600000 1537285800000 2141.50000000 2144.50000000 2150.00000000 2110.50000000 174024216.50000000 81759.00000000
1537261200000 1537275540000 2146.50000000 2141.50000000 2149.00000000 2133.00000000 41341935.00000000 19314.00000000
1537254000000 1537261140000 2117.00000000 2146.50000000 2147.00000000 2117.00000000 31613169.50000000 14793.00000000
1537189260000 1537199400000 2182.00000000 2148.00000000 2203.50000000 2139.50000000 98143087.50000000 45365.00000000
1537174800000 1537189020000 2179.50000000 2182.00000000 2187.00000000 2173.50000000 26553559.50000000 12174.00000000
1537167600000 1537174740000 2192.00000000 2181.00000000 2208.50000000 2135.00000000 55202118.00000000 25280.00000000
1536930060000 1536940200000 2144.00000000 2187.00000000 2195.00000000 2136.50000000 155550035.00000000 71700.00000000
1536915600000 1536929940000 2145.00000000 2144.00000000 2148.00000000 2126.00000000 21767726.50000000 10175.00000000
1536908400000 1536915480000 2145.00000000 2144.50000000 2156.00000000 2133.00000000 35430543.00000000 16519.00000000
1536843600000 1536853800000 2104.00000000 2132.00000000 2159.00000000 2087.00000000 255987551.00000000 119988.00000000
1536829200000 1536843540000 2086.00000000 2104.50000000 2104.50000000 2084.00000000 49225360.00000000 23484.00000000
1536822000000 1536829020000 2070.50000000 2086.00000000 2088.00000000 2070.50000000 26142302.50000000 12575.00000000
1536757200000 1536767340000 2094.00000000 2066.50000000 2101.00000000 2035.00000000 158477916.00000000 76883.00000000
1536742800000 1536757140000 2105.00000000 2094.00000000 2110.50000000 2081.00000000 27446267.00000000 13094.00000000
1536735600000 1536742560000 2097.00000000 2103.00000000 2111.50000000 2092.50000000 31156608.50000000 14804.00000000
1536670800000 1536680880000 2113.00000000 2094.50000000 2115.00000000 2080.00000000 73816294.00000000 35261.00000000
1536656400000 1536670740000 2118.00000000 2111.00000000 2120.50000000 2102.50000000 35199463.00000000 16692.00000000
1536649200000 1536656280000 2123.50000000 2120.50000000 2124.50000000 2115.50000000 12830469.00000000 6051.00000000
1536584400000 1536594360000 2111.00000000 2111.50000000 2125.00000000 2100.00000000 49735007.00000000 23504.00000000
1536570000000 1536584280000 2103.00000000 2108.50000000 2119.00000000 2100.00000000 32938832.50000000 15617.00000000
1536562800000 1536569940000 2100.50000000 2100.50000000 2110.00000000 2097.00000000 16793043.50000000 7985.00000000
1536325200000 1536335220000 2067.00000000 2098.50000000 2109.00000000 2055.00000000 191915112.50000000 91829.00000000
1536310800000 1536325140000 2073.00000000 2067.50000000 2079.50000000 2064.00000000 65502101.00000000 31626.00000000
1536303600000 1536310740000 2080.00000000 2072.00000000 2089.00000000 2071.50000000 40111529.50000000 19286.00000000
1536238800000 1536249000000 2126.00000000 2105.50000000 2133.50000000 2075.00000000 185641998.50000000 88244.00000000
1536224400000 1536238680000 2127.50000000 2126.50000000 2130.00000000 2120.00000000 18127391.00000000 8533.00000000
1536217200000 1536224340000 2122.50000000 2127.50000000 2133.50000000 2115.00000000 26136538.50000000 12293.00000000
1536152460000 1536162600000 2171.50000000 2125.00000000 2185.50000000 2106.00000000 216205074.50000000 101294.00000000
1536138000000 1536152220000 2170.00000000 2171.00000000 2175.00000000 2160.50000000 38138810.50000000 17587.00000000
1536130860000 1536137940000 2170.00000000 2170.00000000 2180.00000000 2167.50000000 7614019.50000000 3506.00000000
1536066000000 1536076140000 2166.50000000 2168.00000000 2184.50000000 2146.50000000 87647030.00000000 40406.00000000
1536051600000 1536065940000 2181.50000000 2166.00000000 2185.00000000 2163.00000000 47507527.50000000 21854.00000000
1536044400000 1536051540000 2183.50000000 2180.00000000 2194.50000000 2172.50000000 31051902.00000000 14212.00000000
1535979600000 1535989560000 2176.00000000 2179.50000000 2180.00000000 2175.00000000 13424736.50000000 6163.00000000
1535965200000 1535979540000 2171.00000000 2177.00000000 2177.00000000 2168.00000000 19672475.50000000 9047.00000000
1535958000000 1535965140000 2159.00000000 2170.00000000 2175.00000000 2159.00000000 19293309.00000000 8888.00000000
1535720460000 1535730600000 2140.50000000 2150.00000000 2160.00000000 2113.50000000 127124788.00000000 59328.00000000
1535706000000 1535720280000 2135.50000000 2138.00000000 2148.50000000 2132.50000000 49766910.50000000 23257.00000000
1535698800000 1535705940000 2132.00000000 2134.50000000 2143.00000000 2122.50000000 13447550.50000000 6299.00000000
1535634000000 1535644200000 2164.50000000 2142.00000000 2172.00000000 2122.50000000 119117902.50000000 55452.00000000
1535619600000 1535633880000 2171.50000000 2162.00000000 2173.00000000 2160.00000000 19189501.50000000 8862.00000000
1535612400000 1535619300000 2170.00000000 2171.50000000 2172.00000000 2166.50000000 14143298.00000000 6519.00000000
1535547660000 1535557800000 2164.00000000 2168.50000000 2169.00000000 2152.50000000 44900990.50000000 20767.00000000
1535533260000 1535547540000 2167.50000000 2162.00000000 2170.00000000 2157.50000000 15685231.50000000 7255.00000000
1535526000000 1535533140000 2159.00000000 2165.50000000 2168.00000000 2149.50000000 16889035.00000000 7812.00000000
1535461320000 1535471160000 2163.00000000 2153.50000000 2184.50000000 2148.00000000 101550904.00000000 46990.00000000
1535446860000 1535461140000 2160.00000000 2163.00000000 2166.50000000 2153.00000000 31577381.00000000 14626.00000000
1535439600000 1535446680000 2158.00000000 2161.00000000 2178.00000000 2156.00000000 46618298.50000000 21528.00000000
1535374800000 1535385000000 2139.00000000 2151.00000000 2163.00000000 2127.50000000 82981090.50000000 38678.00000000
1535360400000 1535374740000 2137.00000000 2141.50000000 2144.50000000 2130.00000000 25734559.00000000 12041.00000000
1535353200000 1535360340000 2142.00000000 2137.00000000 2142.50000000 2124.50000000 22104117.00000000 10364.00000000
1535115600000 1535125680000 2112.00000000 2115.00000000 2130.00000000 2104.00000000 82194058.50000000 38827.00000000
1535101200000 1535115480000 2115.00000000 2114.00000000 2129.50000000 2112.00000000 39526036.00000000 18639.00000000
1535094000000 1535101140000 2118.00000000 2113.50000000 2129.50000000 2105.00000000 23517198.50000000 11110.00000000
1535029200000 1535039280000 2128.00000000 2120.00000000 2165.50000000 2115.00000000 116502904.00000000 54315.00000000
1535014800000 1535029140000 2147.00000000 2127.50000000 2147.50000000 2110.00000000 102179604.00000000 47960.00000000
1535007600000 1535014740000 2150.00000000 2147.00000000 2150.00000000 2130.50000000 17139572.50000000 8005.00000000
1534942800000 1534952940000 2148.00000000 2137.00000000 2170.50000000 2125.00000000 95867162.00000000 44682.00000000
1534928400000 1534942740000 2160.00000000 2146.00000000 2169.00000000 2145.00000000 36036024.50000000 16699.00000000
1534921200000 1534928340000 2163.50000000 2156.50000000 2169.50000000 2155.00000000 33423764.00000000 15450.00000000
1534856400000 1534866420000 2131.00000000 2164.00000000 2168.00000000 2130.50000000 99282322.50000000 46128.00000000
1534842060000 1534856160000 2126.00000000 2130.00000000 2134.50000000 2124.00000000 16137169.00000000 7580.00000000
1534834800000 1534841880000 2125.00000000 2127.50000000 2139.00000000 2115.00000000 18835401.00000000 8861.00000000
1534770000000 1534779960000 2108.50000000 2133.50000000 2145.00000000 2108.00000000 97175678.00000000 45602.00000000
1534755600000 1534769940000 2111.50000000 2110.50000000 2116.50000000 2102.00000000 21442401.50000000 10163.00000000
1534748400000 1534755540000 2108.00000000 2111.50000000 2127.00000000 2100.50000000 33273726.00000000 15756.00000000
1534510800000 1534520940000 2116.00000000 2099.00000000 2137.00000000 2082.50000000 128807614.00000000 61108.00000000
1534496400000 1534510740000 2112.00000000 2116.50000000 2117.00000000 2100.00000000 30469699.00000000 14451.00000000
1534489200000 1534496340000 2123.50000000 2114.50000000 2130.00000000 2110.00000000 23815117.50000000 11238.00000000
1534424400000 1534434540000 2103.50000000 2123.50000000 2140.00000000 2102.00000000 94574275.00000000 44550.00000000
1534410000000 1534424340000 2113.00000000 2102.50000000 2119.50000000 2102.50000000 27624651.50000000 13073.00000000
1534402800000 1534409940000 2105.50000000 2114.00000000 2119.00000000 2100.50000000 37846732.50000000 17948.00000000
1534338000000 1534348200000 2120.00000000 2091.00000000 2127.50000000 2061.50000000 342177931.00000000 163487.00000000
1534323660000 1534337940000 2135.50000000 2122.00000000 2135.50000000 2115.00000000 49365211.00000000 23238.00000000
1534316400000 1534323540000 2142.00000000 2135.50000000 2142.00000000 2130.00000000 18812500.50000000 8800.00000000
1534251660000 1534261740000 2175.00000000 2150.00000000 2175.50000000 2111.00000000 399351647.00000000 185936.00000000
1534237200000 1534251480000 2179.00000000 2175.00000000 2181.00000000 2170.00000000 71020102.50000000 32692.00000000
1534230000000 1534237140000 2165.00000000 2179.00000000 2184.00000000 2158.00000000 41038004.00000000 18880.00000000
1534165200000 1534175340000 2149.00000000 2152.50000000 2170.00000000 2141.50000000 83109248.50000000 38583.00000000
1534150800000 1534165140000 2152.50000000 2152.50000000 2168.50000000 2141.50000000 60433643.50000000 28069.00000000
1534143600000 1534150740000 2140.00000000 2155.00000000 2159.50000000 2120.00000000 63014391.50000000 29492.00000000
1533906000000 1533916200000 2110.50000000 2128.00000000 2132.50000000 2080.00000000 164826785.00000000 78261.00000000
1533891600000 1533905940000 2133.50000000 2110.00000000 2145.00000000 2110.00000000 67679176.00000000 31803.00000000
1533884400000 1533891540000 2134.00000000 2133.00000000 2136.00000000 2080.50000000 122595679.50000000 57947.00000000
1533819600000 1533829800000 2164.00000000 2132.00000000 2185.00000000 2122.50000000 292410853.50000000 136499.00000000
1533805200000 1533819540000 2140.00000000 2164.00000000 2164.00000000 2138.00000000 141647042.00000000 65820.00000000
1533798000000 1533805140000 2142.00000000 2140.00000000 2149.00000000 2102.50000000 100191347.00000000 47112.00000000
1533733260000 1533743400000 2251.00000000 2185.00000000 2251.00000000 2156.00000000 268682585.50000000 122712.00000000
1533718800000 1533733140000 2260.50000000 2250.50000000 2266.00000000 2247.00000000 81175241.00000000 35983.00000000
1533711600000 1533718740000 2255.00000000 2260.50000000 2274.50000000 2255.00000000 68680887.50000000 30281.00000000
1533646860000 1533657000000 2252.50000000 2272.50000000 2290.00000000 2240.00000000 148487014.00000000 65424.00000000
1533632460000 1533646680000 2239.00000000 2250.00000000 2257.50000000 2236.50000000 48602803.00000000 21664.00000000
1533625200000 1533632340000 2241.00000000 2237.50000000 2255.00000000 2231.50000000 37269118.50000000 16616.00000000
1533560400000 1533570540000 2263.00000000 2230.50000000 2269.50000000 2225.00000000 87897664.50000000 39163.00000000
1533546000000 1533560340000 2273.50000000 2262.50000000 2274.50000000 2257.50000000 25576500.50000000 11273.00000000
1533538800000 1533545880000 2260.00000000 2274.50000000 2276.00000000 2255.00000000 29654644.00000000 13061.00000000
1533301200000 1533311340000 2259.50000000 2252.50000000 2273.00000000 2241.50000000 65413058.00000000 28983.00000000
1533286860000 1533301140000 2257.50000000 2259.50000000 2272.50000000 2255.50000000 60553676.50000000 26756.00000000
1533279600000 1533286680000 2260.50000000 2258.50000000 2265.00000000 2255.00000000 49625557.50000000 21964.00000000
1533214800000 1533224760000 2254.00000000 2237.00000000 2257.00000000 2210.50000000 138837790.00000000 62284.00000000
1533200400000 1533214740000 2262.00000000 2254.50000000 2264.00000000 2235.00000000 46725888.00000000 20790.00000000
1533193200000 1533200340000 2266.00000000 2262.00000000 2279.50000000 2257.50000000 19980193.00000000 8803.00000000
1533128400000 1533138480000 2284.50000000 2272.00000000 2295.00000000 2255.00000000 152482899.00000000 66946.00000000
1533114000000 1533128340000 2281.00000000 2284.50000000 2293.00000000 2270.00000000 91535671.50000000 40107.00000000
1533106800000 1533113940000 2257.00000000 2283.50000000 2294.00000000 2253.00000000 87259322.00000000 38273.00000000
1533042000000 1533052140000 2257.00000000 2250.00000000 2273.00000000 2230.50000000 132687894.00000000 58927.00000000
1533027660000 1533041940000 2266.50000000 2257.00000000 2281.00000000 2252.00000000 82168458.50000000 36197.00000000
1533020400000 1533027540000 2240.50000000 2265.00000000 2284.00000000 2220.50000000 101557069.00000000 45080.00000000
1532955600000 1532965800000 2338.00000000 2242.50000000 2338.00000000 2232.50000000 397486763.00000000 175348.00000000
1532941200000 1532955540000 2355.00000000 2337.00000000 2359.50000000 2333.00000000 54245148.50000000 23106.00000000
1532934000000 1532941080000 2350.00000000 2355.00000000 2364.50000000 2325.50000000 53660925.00000000 22843.00000000
1532696400000 1532706600000 2392.50000000 2388.00000000 2431.00000000 2378.50000000 136176781.00000000 56786.00000000
1532682000000 1532696340000 2386.00000000 2393.00000000 2398.00000000 2382.50000000 54043593.00000000 22601.00000000
1532674800000 1532681940000 2384.50000000 2386.00000000 2396.00000000 2355.00000000 75466635.00000000 31652.00000000
1532610000000 1532620140000 2483.00000000 2430.00000000 2495.00000000 2348.00000000 511687743.50000000 211885.00000000
1532595600000 1532609940000 2402.50000000 2483.00000000 2499.50000000 2397.00000000 318539932.00000000 129466.00000000
1532588400000 1532595540000 2410.50000000 2402.50000000 2420.50000000 2392.00000000 57479395.50000000 23895.00000000
1532523600000 1532533800000 2377.00000000 2391.50000000 2396.00000000 2353.00000000 105121569.00000000 44266.00000000
1532509260000 1532523540000 2376.00000000 2375.00000000 2380.00000000 2365.00000000 42743962.00000000 18003.00000000
1532502060000 1532509140000 2363.00000000 2372.50000000 2383.00000000 2356.00000000 42913025.50000000 18100.00000000
1532437200000 1532447340000 2367.50000000 2377.00000000 2419.00000000 2367.00000000 118930376.50000000 49725.00000000
1532422800000 1532437080000 2357.00000000 2369.00000000 2369.50000000 2353.00000000 39677248.50000000 16811.00000000
1532415600000 1532422740000 2354.00000000 2358.00000000 2358.00000000 2340.50000000 23313264.50000000 9926.00000000
1532350800000 1532360760000 2343.50000000 2333.00000000 2344.50000000 2306.50000000 76932289.00000000 33085.00000000
1532336400000 1532350560000 2336.50000000 2343.00000000 2344.50000000 2330.50000000 26706080.00000000 11433.00000000
1532329260000 1532336340000 2338.50000000 2338.50000000 2341.00000000 2332.00000000 13040376.50000000 5580.00000000
1532091600000 1532101680000 2324.00000000 2329.50000000 2348.00000000 2300.50000000 87683147.00000000 37803.00000000
1532077200000 1532091540000 2342.50000000 2321.00000000 2344.50000000 2321.00000000 65936291.00000000 28241.00000000
1532070000000 1532077140000 2341.00000000 2342.50000000 2344.50000000 2290.00000000 63121217.50000000 27068.00000000
1532005200000 1532015400000 2396.50000000 2364.50000000 2412.00000000 2364.00000000 113442352.50000000 47455.00000000
1531990860000 1532005020000 2404.50000000 2397.50000000 2411.00000000 2395.00000000 38135551.00000000 15877.00000000
1531983600000 1531990740000 2390.00000000 2405.50000000 2414.00000000 2381.50000000 74085118.00000000 30858.00000000
1531918860000 1531928880000 2405.50000000 2398.50000000 2408.50000000 2370.50000000 145180040.00000000 60748.00000000
1531904400000 1531918740000 2400.00000000 2406.50000000 2409.50000000 2398.50000000 27528710.00000000 11447.00000000
1531897200000 1531904340000 2419.50000000 2399.00000000 2419.50000000 2390.00000000 43347810.00000000 18063.00000000
1531832460000 1531842600000 2322.50000000 2420.00000000 2425.00000000 2319.00000000 143878425.00000000 60476.00000000
1531818000000 1531832340000 2318.50000000 2324.50000000 2329.00000000 2313.00000000 41660304.50000000 17959.00000000
1531810800000 1531817820000 2333.50000000 2318.50000000 2333.50000000 2312.00000000 16751476.00000000 7226.00000000
1531746060000 1531755960000 2364.00000000 2333.00000000 2368.00000000 2310.00000000 94966010.00000000 40634.00000000
1531731600000 1531745880000 2377.50000000 2366.00000000 2377.50000000 2360.00000000 35007799.00000000 14771.00000000
1531724400000 1531731540000 2383.00000000 2377.00000000 2383.00000000 2354.00000000 21631421.50000000 9133.00000000
1531486800000 1531496940000 2391.00000000 2390.00000000 2398.50000000 2353.00000000 126528487.50000000 53188.00000000
1531472400000 1531486740000 2382.50000000 2391.50000000 2399.00000000 2380.00000000 44957392.50000000 18819.00000000
1531465200000 1531472340000 2376.00000000 2384.50000000 2399.00000000 2376.00000000 54739756.00000000 22939.00000000
1531400400000 1531410480000 2285.50000000 2345.00000000 2349.50000000 2281.50000000 104286471.50000000 44975.00000000
1531386000000 1531400340000 2302.50000000 2288.00000000 2304.00000000 2285.00000000 11337241.00000000 4943.00000000
1531378800000 1531385880000 2302.50000000 2300.00000000 2304.50000000 2290.50000000 10478069.00000000 4556.00000000
1531314000000 1531324080000 2275.50000000 2303.00000000 2320.00000000 2259.00000000 78175914.50000000 34102.00000000
1531299600000 1531313940000 2289.50000000 2276.00000000 2291.50000000 2265.50000000 45026158.00000000 19795.00000000
1531292400000 1531299360000 2299.50000000 2286.50000000 2302.50000000 2280.00000000 24562046.50000000 10710.00000000
1531227720000 1531237620000 2338.00000000 2302.50000000 2351.00000000 2300.00000000 94156087.00000000 40450.00000000
1531213200000 1531227540000 2329.00000000 2338.00000000 2349.50000000 2326.00000000 34653487.00000000 14813.00000000
1531206000000 1531213140000 2330.00000000 2328.50000000 2337.50000000 2324.50000000 19043791.50000000 8179.00000000
1531141200000 1531151400000 2333.00000000 2316.50000000 2357.00000000 2315.00000000 84550409.50000000 36226.00000000
1531126860000 1531141140000 2327.00000000 2333.50000000 2334.00000000 2321.50000000 32918135.50000000 14138.00000000
1531119600000 1531126680000 2320.00000000 2324.00000000 2338.50000000 2314.50000000 39301986.00000000 16914.00000000
1530882000000 1530892200000 2265.00000000 2315.00000000 2325.00000000 2265.00000000 136688032.50000000 59346.00000000
1530867600000 1530881820000 2264.50000000 2266.50000000 2269.00000000 2256.00000000 34995299.50000000 15465.00000000
1530860400000 1530867540000 2266.50000000 2265.00000000 2275.00000000 2258.50000000 50787567.00000000 22418.00000000
1530795600000 1530805800000 2253.00000000 2226.00000000 2256.50000000 2210.00000000 116609635.50000000 52303.00000000
1530781260000 1530795540000 2242.00000000 2253.50000000 2255.00000000 2241.00000000 31276122.50000000 13906.00000000
1530774000000 1530781020000 2230.00000000 2242.00000000 2243.50000000 2218.50000000 21030341.50000000 9418.00000000
1530709380000 1530719400000 2237.00000000 2236.00000000 2242.00000000 2231.00000000 11230018.50000000 5024.00000000
1530694800000 1530709080000 2236.00000000 2237.50000000 2245.00000000 2236.00000000 11781102.00000000 5257.00000000
1530687600000 1530694740000 2243.00000000 2238.00000000 2243.00000000 2225.00000000 22680994.00000000 10157.00000000
1530622800000 1530632880000 2286.00000000 2240.50000000 2288.00000000 2240.50000000 54253675.00000000 23971.00000000
1530608400000 1530622680000 2274.50000000 2288.00000000 2290.00000000 2273.00000000 30970211.50000000 13566.00000000
1530601200000 1530608340000 2280.00000000 2275.50000000 2287.00000000 2270.00000000 42554652.00000000 18705.00000000
1530536400000 1530546360000 2264.50000000 2257.50000000 2269.00000000 2223.00000000 77340836.50000000 34428.00000000
1530522000000 1530536340000 2260.00000000 2263.50000000 2271.50000000 2256.50000000 40062951.50000000 17690.00000000
1530514800000 1530521940000 2238.50000000 2260.00000000 2261.50000000 2237.50000000 37849136.00000000 16807.00000000
1530277200000 1530287280000 2220.00000000 2244.00000000 2261.00000000 2201.50000000 154652886.50000000 69019.00000000
1530262800000 1530277140000 2226.00000000 2219.50000000 2233.50000000 2215.50000000 44422105.00000000 19967.00000000
1530255600000 1530262740000 2206.00000000 2228.00000000 2229.50000000 2204.50000000 26990528.00000000 12143.00000000
1530190800000 1530201000000 2183.50000000 2193.50000000 2200.00000000 2165.00000000 85952516.00000000 39360.00000000
1530176400000 1530190740000 2195.50000000 2183.00000000 2204.00000000 2180.00000000 45071274.50000000 20523.00000000
1530169200000 1530176340000 2202.50000000 2195.00000000 2206.00000000 2185.50000000 40555625.00000000 18446.00000000
1530104520000 1530114480000 2218.00000000 2227.50000000 2245.00000000 2210.50000000 76272532.00000000 34267.00000000
1530090000000 1530104280000 2189.50000000 2219.50000000 2221.50000000 2189.00000000 83679986.50000000 37955.00000000
1530082860000 1530089940000 2197.50000000 2189.50000000 2208.50000000 2189.50000000 62176797.50000000 28288.00000000
1530018000000 1530028140000 2170.50000000 2185.00000000 2197.50000000 2150.50000000 112404988.00000000 51557.00000000
1530003840000 1530017940000 2177.50000000 2168.50000000 2179.50000000 2167.50000000 46411992.00000000 21349.00000000
1529996400000 1530003480000 2179.00000000 2178.50000000 2195.50000000 2173.00000000 63858239.50000000 29232.00000000
1529931600000 1529941560000 2225.00000000 2177.00000000 2227.00000000 2165.50000000 133334633.50000000 60651.00000000
1529917200000 1529931480000 2224.50000000 2225.00000000 2229.50000000 2212.50000000 93349635.50000000 42039.00000000
1529910000000 1529917140000 2232.00000000 2225.50000000 2232.00000000 2217.00000000 66839332.50000000 30052.00000000
1529672400000 1529682360000 2253.00000000 2220.00000000 2256.00000000 2190.00000000 133987182.50000000 60521.00000000
1529658000000 1529672340000 2265.00000000 2253.00000000 2267.00000000 2241.00000000 74085439.50000000 32864.00000000
1529650800000 1529657640000 2257.00000000 2265.00000000 2268.50000000 2257.00000000 11304236.00000000 4994.00000000
1529586000000 1529596140000 2301.50000000 2270.50000000 2304.00000000 2246.00000000 73193154.00000000 32241.00000000
1529571600000 1529585940000 2293.00000000 2301.50000000 2301.50000000 2282.50000000 33426528.00000000 14600.00000000
1529564400000 1529571540000 2304.50000000 2293.00000000 2311.00000000 2290.50000000 61324804.00000000 26649.00000000
1529499600000 1529509560000 2314.50000000 2301.50000000 2332.00000000 2286.00000000 103258664.00000000 44728.00000000
1529485200000 1529499480000 2310.50000000 2315.00000000 2319.50000000 2306.50000000 46352190.00000000 20026.00000000
1529478000000 1529485140000 2295.00000000 2310.50000000 2314.50000000 2286.00000000 33754033.50000000 14629.00000000
1529413200000 1529423280000 2302.50000000 2295.00000000 2320.00000000 2265.00000000 108899104.50000000 47516.00000000
1529398800000 1529413140000 2302.00000000 2305.00000000 2309.50000000 2295.50000000 43661238.00000000 18963.00000000
1529391600000 1529398740000 2310.00000000 2302.00000000 2316.50000000 2295.00000000 75869174.50000000 32950.00000000
1529326800000 1529336820000 2250.00000000 2287.00000000 2302.50000000 2240.50000000 93991469.50000000 41314.00000000
1529312400000 1529326740000 2263.00000000 2250.00000000 2274.50000000 2241.00000000 72559181.00000000 32144.00000000
1529305200000 1529312280000 2255.50000000 2262.00000000 2274.00000000 2250.50000000 58144320.50000000 25741.00000000
1529067720000 1529077800000 2286.50000000 2268.00000000 2309.50000000 2256.00000000 101414143.50000000 44440.00000000
1529053200000 1529067480000 2290.00000000 2286.50000000 2291.00000000 2280.50000000 28521995.50000000 12479.00000000
1529046000000 1529052960000 2300.00000000 2288.50000000 2303.00000000 2287.00000000 26010096.50000000 11343.00000000
1528981260000 1528991400000 2270.50000000 2292.00000000 2301.50000000 2263.00000000 102381938.00000000 44884.00000000
1528966800000 1528980960000 2270.50000000 2270.00000000 2277.00000000 2263.00000000 79856588.50000000 35191.00000000
1528959600000 1528966740000 2289.00000000 2270.00000000 2289.00000000 2257.00000000 54893950.50000000 24174.00000000
1528894800000 1528905000000 2275.50000000 2290.50000000 2325.00000000 2263.00000000 260403742.50000000 113432.00000000
1528880400000 1528894740000 2275.50000000 2275.50000000 2289.50000000 2267.50000000 98312917.00000000 43147.00000000
1528873200000 1528880340000 2252.50000000 2274.00000000 2300.00000000 2251.50000000 167480441.50000000 73928.00000000
1528722000000 1528731960000 2200.50000000 2192.50000000 2211.50000000 2179.00000000 67566548.50000000 30770.00000000
1528707660000 1528721940000 2161.00000000 2200.50000000 2205.00000000 2145.00000000 80732899.50000000 36976.00000000
1528700400000 1528707540000 2164.00000000 2160.00000000 2164.00000000 2143.00000000 13811544.50000000 6421.00000000
1528549260000 1528559160000 2159.00000000 2159.00000000 2159.50000000 2146.00000000 8718151.00000000 4046.00000000
1528535040000 1528549140000 2165.00000000 2159.50000000 2166.00000000 2155.50000000 5895278.50000000 2728.00000000
1528527600000 1528534740000 2147.00000000 2166.00000000 2167.50000000 2147.00000000 9911271.50000000 4583.00000000
1528462800000 1528473000000 2132.00000000 2144.00000000 2154.50000000 2123.00000000 77453404.50000000 36222.00000000
1528448400000 1528462740000 2141.00000000 2131.50000000 2144.50000000 2117.00000000 104843219.50000000 49209.00000000
1528441200000 1528448340000 2159.50000000 2141.00000000 2159.50000000 2135.00000000 41608099.50000000 19425.00000000
1528376400000 1528386480000 2225.50000000 2175.00000000 2232.00000000 2160.00000000 132146748.50000000 60395.00000000
1528362000000 1528376220000 2221.50000000 2225.50000000 2226.50000000 2217.50000000 31426671.50000000 14139.00000000
1528354800000 1528361880000 2234.50000000 2221.50000000 2234.50000000 2220.00000000 14128566.00000000 6344.00000000
1528290000000 1528300140000 2219.00000000 2214.00000000 2221.00000000 2193.50000000 58936111.50000000 26709.00000000
1528275600000 1528289940000 2236.50000000 2215.50000000 2237.00000000 2215.50000000 64184408.50000000 28784.00000000
1528268400000 1528275540000 2216.00000000 2234.50000000 2239.00000000 2215.50000000 27443029.00000000 12293.00000000
1528203600000 1528213740000 2184.00000000 2213.00000000 2255.50000000 2182.00000000 272619735.00000000 122581.00000000
1528189200000 1528203480000 2185.00000000 2184.00000000 2188.00000000 2180.00000000 87560165.00000000 40092.00000000
1528182000000 1528189140000 2188.50000000 2183.00000000 2190.00000000 2177.50000000 47027558.00000000 21545.00000000
1528117200000 1528127160000 2145.50000000 2163.50000000 2179.00000000 2129.00000000 138984484.50000000 64576.00000000
1528103040000 1528117140000 2141.50000000 2145.50000000 2149.00000000 2140.00000000 30857322.50000000 14404.00000000
1528095600000 1528102680000 2132.50000000 2142.00000000 2153.50000000 2130.50000000 31791222.00000000 14831.00000000
1527858060000 1527868200000 2110.00000000 2137.00000000 2139.50000000 2090.50000000 136611020.50000000 64329.00000000
1527843720000 1527857940000 2088.50000000 2108.00000000 2122.50000000 2085.50000000 134088143.50000000 63605.00000000
1527836400000 1527843540000 2088.50000000 2088.50000000 2099.00000000 2084.50000000 18692206.00000000 8937.00000000
1527771600000 1527781800000 2080.00000000 2076.50000000 2110.00000000 2070.00000000 87336024.50000000 41780.00000000
1527757200000 1527771540000 2080.00000000 2080.00000000 2089.50000000 2070.50000000 40877261.00000000 19637.00000000
1527750000000 1527757020000 2062.50000000 2080.00000000 2084.00000000 2062.50000000 25090981.00000000 12079.00000000
1527685200000 1527695400000 2056.00000000 2072.00000000 2072.00000000 2025.50000000 135288096.50000000 66056.00000000
1527670920000 1527684960000 2060.50000000 2055.50000000 2065.00000000 2051.50000000 40087454.50000000 19478.00000000
1527663600000 1527670680000 2059.50000000 2060.00000000 2067.00000000 2048.00000000 27845155.00000000 13533.00000000
1527598800000 1527609000000 2095.00000000 2079.00000000 2097.00000000 2059.00000000 105252900.50000000 50790.00000000
1527584400000 1527598680000 2077.00000000 2095.00000000 2129.00000000 2075.00000000 58693460.00000000 27949.00000000
1527577200000 1527584340000 2102.00000000 2076.50000000 2114.50000000 2074.50000000 40588858.50000000 19422.00000000
1527512580000 1527522420000 2097.00000000 2102.50000000 2104.00000000 2095.00000000 25028523.00000000 11928.00000000
1527498060000 1527512100000 2098.00000000 2098.00000000 2099.50000000 2088.50000000 23736261.00000000 11324.00000000
1527490800000 1527497940000 2089.00000000 2097.50000000 2098.00000000 2078.00000000 16764593.00000000 8022.00000000
1527253200000 1527263400000 2080.00000000 2089.00000000 2096.00000000 2070.00000000 61263768.50000000 29402.00000000
1527238800000 1527253020000 2092.00000000 2080.00000000 2094.50000000 2078.50000000 50146661.50000000 24026.00000000
1527231600000 1527238500000 2084.50000000 2091.50000000 2097.00000000 2081.50000000 26705520.00000000 12782.00000000
1527166800000 1527176820000 2098.50000000 2094.00000000 2125.00000000 2086.00000000 155080618.50000000 73664.00000000
1527152400000 1527166740000 2109.00000000 2098.00000000 2110.00000000 2095.50000000 36577712.50000000 17375.00000000
1527145200000 1527152340000 2103.50000000 2109.00000000 2113.50000000 2101.50000000 46951963.00000000 22274.00000000
1527080460000 1527090480000 2106.50000000 2086.50000000 2108.00000000 2075.00000000 103273514.00000000 49405.00000000
1527066000000 1527080220000 2102.00000000 2106.50000000 2113.00000000 2101.00000000 38718371.50000000 18378.00000000
1527058800000 1527065940000 2100.00000000 2101.00000000 2114.50000000 2096.00000000 38919813.00000000 18496.00000000
1526994000000 1527004140000 2130.50000000 2122.50000000 2136.00000000 2110.50000000 56981320.50000000 26909.00000000
1526979600000 1526993880000 2135.00000000 2130.00000000 2135.50000000 2121.50000000 21470541.50000000 10092.00000000
1526972400000 1526979060000 2149.00000000 2130.50000000 2149.00000000 2125.50000000 18665447.00000000 8740.00000000
1526907600000 1526917740000 2139.00000000 2142.00000000 2163.50000000 2130.50000000 184041631.50000000 85727.00000000
1526893320000 1526907540000 2136.00000000 2139.50000000 2144.50000000 2135.00000000 33466060.00000000 15650.00000000
1526886060000 1526893080000 2123.00000000 2135.50000000 2137.00000000 2123.00000000 17983200.50000000 8429.00000000
1526648400000 1526658360000 2110.50000000 2119.50000000 2129.00000000 2109.50000000 53081964.50000000 25041.00000000
1526634000000 1526648340000 2110.00000000 2112.50000000 2123.50000000 2108.00000000 30274522.00000000 14321.00000000
1526626800000 1526633940000 2120.00000000 2110.00000000 2127.50000000 2107.50000000 29081724.00000000 13769.00000000
1526562120000 1526572200000 2116.00000000 2131.00000000 2135.00000000 2102.00000000 76884048.00000000 36198.00000000
1526547600000 1526561940000 2121.00000000 2115.00000000 2124.50000000 2111.00000000 32935772.50000000 15546.00000000
1526540400000 1526547480000 2123.00000000 2120.00000000 2123.00000000 2112.50000000 13055239.50000000 6159.00000000
1526475600000 1526485620000 2113.00000000 2114.00000000 2147.50000000 2109.00000000 122665949.50000000 57588.00000000
1526461200000 1526475540000 2115.00000000 2113.00000000 2116.50000000 2102.00000000 34639591.50000000 16413.00000000
1526454000000 1526461140000 2126.00000000 2115.00000000 2126.00000000 2101.00000000 33788965.00000000 16027.00000000
1526389200000 1526399400000 2164.50000000 2118.50000000 2166.00000000 2105.50000000 179971948.00000000 84732.00000000
1526374800000 1526389140000 2170.50000000 2164.50000000 2174.50000000 2156.00000000 27986114.50000000 12914.00000000
1526367600000 1526374680000 2172.50000000 2170.50000000 2178.50000000 2151.00000000 39590820.50000000 18270.00000000
1526302800000 1526312940000 2191.00000000 2186.00000000 2204.00000000 2155.00000000 165764053.00000000 75744.00000000
1526288400000 1526302620000 2183.00000000 2192.50000000 2194.00000000 2176.50000000 24645653.00000000 11278.00000000
1526281200000 1526288340000 2196.00000000 2184.00000000 2197.50000000 2180.50000000 26583803.00000000 12152.00000000
1526043900000 1526053800000 2184.50000000 2201.00000000 2211.00000000 2174.50000000 196031441.50000000 89328.00000000
1526029200000 1526043540000 2192.50000000 2184.50000000 2194.50000000 2180.00000000 24652526.00000000 11267.00000000
1526022000000 1526029020000 2181.00000000 2192.00000000 2195.00000000 2170.50000000 32195989.00000000 14719.00000000
1525957200000 1525967220000 2142.50000000 2190.00000000 2200.00000000 2142.00000000 192925749.00000000 88270.00000000
1525942800000 1525957140000 2146.50000000 2143.00000000 2161.00000000 2137.00000000 55861270.00000000 25977.00000000
1525935600000 1525942740000 2140.50000000 2146.00000000 2156.00000000 2140.50000000 23096546.00000000 10745.00000000
1525784400000 1525794480000 2156.50000000 2127.50000000 2172.50000000 2111.00000000 83881873.50000000 39191.00000000
1525770000000 1525784220000 2135.00000000 2158.00000000 2164.00000000 2133.00000000 57080731.00000000 26529.00000000
1525762800000 1525769880000 2152.50000000 2134.00000000 2152.50000000 2130.50000000 25664452.00000000 11996.00000000
1525698120000 1525708140000 2118.50000000 2152.50000000 2166.50000000 2107.50000000 140360171.50000000 65367.00000000
1525683600000 1525697940000 2120.00000000 2119.00000000 2128.00000000 2116.00000000 25242362.00000000 11905.00000000
1525676400000 1525683540000 2115.50000000 2120.00000000 2139.50000000 2110.00000000 27850857.00000000 13118.00000000
1525438800000 1525449000000 2133.50000000 2107.00000000 2134.50000000 2082.00000000 134606011.00000000 64021.00000000
1525424460000 1525438680000 2137.00000000 2133.50000000 2138.50000000 2128.00000000 14652303.50000000 6866.00000000
1525417200000 1525424340000 2149.00000000 2135.00000000 2149.50000000 2135.00000000 19373899.50000000 9034.00000000
1525352400000 1525362480000 2171.00000000 2128.00000000 2199.00000000 2114.00000000 208828418.00000000 97263.00000000
1525338120000 1525352340000 2178.00000000 2171.00000000 2184.00000000 2167.50000000 34776593.00000000 15984.00000000
1525330800000 1525337880000 2203.50000000 2178.00000000 2203.50000000 2172.50000000 62031663.00000000 28382.00000000
1525266000000 1525276200000 2111.50000000 2215.00000000 2220.00000000 2110.00000000 448552436.50000000 206150.00000000
1525251600000 1525265880000 2100.00000000 2111.00000000 2115.00000000 2097.50000000 48453594.00000000 23016.00000000
1525244400000 1525251540000 2106.50000000 2100.00000000 2108.00000000 2070.50000000 65503607.50000000 31323.00000000
1525093200000 1525103400000 2039.50000000 2097.50000000 2110.00000000 2034.00000000 187691867.00000000 90081.00000000
1525078800000 1525092960000 2026.00000000 2040.00000000 2044.00000000 2025.00000000 27345741.00000000 13443.00000000
1525071600000 1525078740000 2035.50000000 2025.00000000 2043.00000000 2020.00000000 16267313.50000000 8015.00000000
1524920460000 1524930540000 2027.00000000 2030.00000000 2033.00000000 2025.50000000 19174381.50000000 9449.00000000
1524906060000 1524920340000 2028.50000000 2027.00000000 2033.50000000 2025.50000000 19761552.50000000 9734.00000000
1524898800000 1524905880000 2035.00000000 2028.00000000 2040.00000000 2021.00000000 33101160.00000000 16276.00000000
1524834000000 1524844200000 2085.00000000 2015.50000000 2088.00000000 1994.00000000 489048984.00000000 242106.00000000
1524819600000 1524833940000 2059.00000000 2085.00000000 2085.00000000 2058.00000000 66527225.50000000 32116.00000000
1524812400000 1524819480000 2075.00000000 2059.50000000 2075.00000000 2045.00000000 34327863.50000000 16678.00000000
1524747600000 1524757740000 2073.00000000 2061.00000000 2093.00000000 2043.50000000 161011844.00000000 77997.00000000
1524733200000 1524747540000 2046.00000000 2075.00000000 2094.50000000 2044.50000000 130360842.50000000 62781.00000000
1524732480000 1524733140000 2050.00000000 2047.00000000 2050.00000000 2041.50000000 2138359.00000000 1045.00000000
1524726000000 1524732420000 2051.00000000 2050.00000000 2063.50000000 2041.00000000 76722081.50000000 37273.00000000
1524661200000 1524671400000 2112.50000000 2025.00000000 2140.00000000 1982.00000000 797806018.50000000 390262.00000000
1524646800000 1524661080000 2119.00000000 2109.00000000 2140.00000000 2082.00000000 155839609.50000000 73579.00000000
1524639600000 1524646740000 2090.50000000 2119.00000000 2124.50000000 2085.00000000 37226210.00000000 17634.00000000
1524574800000 1524584760000 2140.50000000 2105.50000000 2152.00000000 2094.50000000 276015626.50000000 130545.00000000
1524560460000 1524574620000 2158.00000000 2142.50000000 2160.00000000 2140.00000000 46418455.50000000 21599.00000000
1524553200000 1524560340000 2142.00000000 2158.00000000 2160.00000000 2136.50000000 38234623.50000000 17778.00000000
1524488400000 1524498540000 2131.50000000 2140.50000000 2192.00000000 2120.00000000 145222056.00000000 67552.00000000
1524474000000 1524488340000 2128.00000000 2129.50000000 2134.50000000 2097.50000000 121873780.00000000 57546.00000000
1524466800000 1524473880000 2095.00000000 2128.00000000 2132.00000000 2086.00000000 54035782.50000000 25542.00000000
1524229260000 1524239400000 2119.00000000 2084.50000000 2120.00000000 2068.00000000 97818458.50000000 46751.00000000
1524214800000 1524229140000 2121.50000000 2118.50000000 2126.00000000 2103.00000000 32433607.00000000 15330.00000000
1524207600000 1524214680000 2111.00000000 2121.00000000 2137.50000000 2097.50000000 36388764.00000000 17134.00000000
1524142800000 1524153000000 2162.50000000 2096.50000000 2196.00000000 2089.00000000 187427915.00000000 88091.00000000
1524128400000 1524142740000 2169.00000000 2162.50000000 2216.00000000 2162.50000000 260267075.50000000 118951.00000000
1524121200000 1524128340000 2160.00000000 2169.00000000 2190.00000000 2151.50000000 94252574.50000000 43384.00000000
1524056400000 1524066360000 2105.50000000 2142.00000000 2167.00000000 2091.50000000 223991013.50000000 105131.00000000
1524042000000 1524056340000 2116.00000000 2105.00000000 2136.00000000 2100.50000000 157655426.50000000 74525.00000000
1524034800000 1524041940000 2080.00000000 2115.00000000 2135.00000000 2075.00000000 102621329.00000000 48766.00000000
1523970000000 1523980200000 2101.50000000 2103.50000000 2113.00000000 2083.00000000 118552958.00000000 56443.00000000
1523955600000 1523969940000 2110.00000000 2100.50000000 2114.50000000 2092.00000000 66345339.00000000 31534.00000000
1523948400000 1523955540000 2148.50000000 2112.50000000 2222.50000000 2067.50000000 86620758.50000000 40898.00000000
1523883600000 1523893800000 2052.50000000 2020.50000000 2057.50000000 1995.00000000 285845746.00000000 141418.00000000
1523869200000 1523883540000 2101.00000000 2055.50000000 2105.00000000 2052.50000000 57636974.50000000 27745.00000000
1523862000000 1523869140000 2051.00000000 2102.50000000 2110.00000000 2051.00000000 45573553.00000000 21800.00000000
1523624400000 1523634600000 2105.50000000 2083.50000000 2121.50000000 2060.50000000 241843858.00000000 116346.00000000
1523610060000 1523624340000 2154.00000000 2108.50000000 2155.50000000 2101.50000000 106623541.00000000 50163.00000000
1523602800000 1523609940000 2139.50000000 2150.00000000 2250.00000000 2122.50000000 199441529.50000000 92090.00000000
1523538000000 1523548200000 2265.00000000 2161.50000000 2268.00000000 2130.00000000 364116802.00000000 167528.00000000
1523523780000 1523537880000 2237.50000000 2265.00000000 2349.50000000 2216.00000000 254714484.00000000 112468.00000000
1523516400000 1523523540000 2211.00000000 2238.50000000 2269.00000000 2200.50000000 59343263.50000000 26485.00000000
1523451600000 1523461620000 2147.00000000 2240.00000000 2244.50000000 2140.50000000 107849928.50000000 48824.00000000
1523437200000 1523451540000 2213.50000000 2147.50000000 2221.00000000 2145.50000000 107562387.50000000 49309.00000000
1523430000000 1523437140000 2168.50000000 2215.00000000 2217.00000000 2156.50000000 44730228.50000000 20391.00000000
1523365200000 1523375340000 2186.00000000 2169.00000000 2205.00000000 2144.00000000 107181834.00000000 49305.00000000
1523350800000 1523365140000 2130.50000000 2185.00000000 2186.50000000 2122.00000000 147166343.00000000 68186.00000000
1523343600000 1523350740000 2090.50000000 2129.50000000 2189.50000000 2048.00000000 111802934.50000000 52281.00000000
1523278800000 1523288760000 2196.00000000 2124.00000000 2221.00000000 2077.00000000 136291100.50000000 63374.00000000
1523264400000 1523278740000 2263.50000000 2200.00000000 2275.00000000 2125.50000000 210509190.50000000 95149.00000000
1523257200000 1523264340000 2310.00000000 2261.50000000 2313.00000000 2250.00000000 76816038.00000000 33593.00000000
1523019660000 1523029620000 2297.00000000 2312.00000000 2318.00000000 2292.00000000 56991396.00000000 24698.00000000
1523005200000 1523019540000 2296.00000000 2298.00000000 2302.00000000 2292.00000000 13105961.00000000 5711.00000000
1522998000000 1523005140000 2313.00000000 2296.00000000 2313.00000000 2295.00000000 14014664.00000000 6096.00000000
1522933200000 1522943280000 2309.00000000 2315.00000000 2318.00000000 2296.00000000 47156310.00000000 20431.00000000
1522918800000 1522933140000 2292.00000000 2309.00000000 2311.00000000 2285.00000000 41576678.50000000 18062.00000000
1522911600000 1522918740000 2264.50000000 2294.00000000 2299.00000000 2264.50000000 41005558.00000000 17924.00000000
1522846800000 1522856820000 2227.00000000 2249.50000000 2253.00000000 2202.00000000 73963385.00000000 33128.00000000
1522832460000 1522846740000 2238.00000000 2229.50000000 2246.50000000 2225.00000000 33565131.50000000 15005.00000000
1522825200000 1522832280000 2255.00000000 2238.00000000 2255.00000000 2235.00000000 47271693.50000000 21069.00000000
1522760400000 1522770360000 2270.50000000 2263.00000000 2294.00000000 2240.00000000 69945047.50000000 30889.00000000
1522746000000 1522760220000 2257.50000000 2272.50000000 2279.50000000 2255.00000000 25564314.50000000 11273.00000000
1522738800000 1522745940000 2250.00000000 2256.00000000 2271.00000000 2246.50000000 20644707.00000000 9137.00000000
1522674000000 1522684200000 2273.50000000 2253.00000000 2286.50000000 2244.00000000 70130480.00000000 31022.00000000
1522659600000 1522673640000 2285.50000000 2273.50000000 2288.50000000 2263.00000000 27438143.50000000 12042.00000000
1522652460000 1522659480000 2290.00000000 2285.50000000 2290.00000000 2273.00000000 11777491.50000000 5159.00000000
1522414860000 1522424940000 2288.50000000 2287.00000000 2290.00000000 2285.00000000 14374524.50000000 6282.00000000
1522400400000 1522414620000 2278.50000000 2289.50000000 2294.00000000 2278.00000000 23049214.50000000 10087.00000000
1522393200000 1522400340000 2288.50000000 2279.50000000 2307.50000000 2260.00000000 32277266.00000000 14126.00000000
1522328400000 1522338420000 2308.00000000 2314.00000000 2328.50000000 2286.50000000 102336980.50000000 44246.00000000
1522314000000 1522328340000 2301.00000000 2308.00000000 2310.00000000 2290.00000000 34905654.50000000 15174.00000000
1522306800000 1522313940000 2279.00000000 2301.00000000 2310.00000000 2271.00000000 47971891.50000000 20891.00000000
1522242060000 1522252140000 2302.50000000 2265.00000000 2307.00000000 2234.00000000 135731143.50000000 59910.00000000
1522227660000 1522241880000 2310.00000000 2303.00000000 2312.00000000 2283.00000000 25178312.50000000 10945.00000000
1522220400000 1522227540000 2339.50000000 2311.00000000 2339.50000000 2290.50000000 54254903.50000000 23474.00000000
1522155600000 1522165680000 2392.50000000 2364.00000000 2393.50000000 2351.50000000 42146273.50000000 17793.00000000
1522141200000 1522155540000 2379.50000000 2391.00000000 2393.50000000 2376.00000000 14788535.00000000 6204.00000000
1522134000000 1522141020000 2360.50000000 2380.00000000 2385.00000000 2360.50000000 34574556.50000000 14563.00000000
1522069200000 1522079280000 2387.50000000 2344.00000000 2398.00000000 2314.00000000 138190424.00000000 58563.00000000
1522054920000 1522069080000 2373.50000000 2387.00000000 2405.00000000 2372.00000000 26577310.00000000 11118.00000000
1522047600000 1522054740000 2377.00000000 2375.50000000 2386.50000000 2365.50000000 28770563.50000000 12106.00000000
1521810000000 1521820200000 2402.00000000 2385.50000000 2405.00000000 2372.00000000 54171643.00000000 22702.00000000
1521795660000 1521809940000 2392.50000000 2401.50000000 2418.00000000 2384.00000000 31683152.50000000 13216.00000000
1521788400000 1521795540000 2390.00000000 2392.00000000 2425.00000000 2379.50000000 58809573.00000000 24524.00000000
1521723600000 1521733800000 2445.00000000 2385.00000000 2458.50000000 2375.50000000 101081839.50000000 41830.00000000
1521709200000 1521723540000 2461.00000000 2444.00000000 2462.50000000 2440.00000000 28529081.50000000 11638.00000000
1521702000000 1521709140000 2487.50000000 2464.50000000 2487.50000000 2448.00000000 36217695.00000000 14704.00000000
1521637260000 1521647280000 2465.50000000 2497.50000000 2497.50000000 2450.00000000 50559722.50000000 20415.00000000
1521622920000 1521637140000 2459.50000000 2465.50000000 2477.00000000 2455.00000000 17177432.00000000 6958.00000000
1521615600000 1521622620000 2465.00000000 2457.00000000 2478.50000000 2451.00000000 15426957.00000000 6268.00000000
1521550800000 1521560820000 2449.50000000 2463.00000000 2485.50000000 2437.00000000 65385142.00000000 26557.00000000
1521536460000 1521550740000 2433.00000000 2449.50000000 2452.50000000 2433.00000000 19496931.50000000 7976.00000000
1521529200000 1521536340000 2427.50000000 2432.50000000 2443.50000000 2427.00000000 6118309.50000000 2514.00000000
1521464400000 1521474480000 2424.50000000 2426.00000000 2452.00000000 2418.00000000 31873348.50000000 13079.00000000
1521450000000 1521464280000 2412.00000000 2428.50000000 2428.50000000 2407.50000000 19149885.50000000 7929.00000000
1521442860000 1521449940000 2435.00000000 2413.00000000 2435.00000000 2406.50000000 18119080.50000000 7477.00000000
1521205200000 1521215340000 2427.00000000 2436.00000000 2450.00000000 2421.50000000 30405387.00000000 12481.00000000
1521190860000 1521205140000 2439.50000000 2427.50000000 2444.50000000 2426.00000000 18488288.50000000 7588.00000000
1521183600000 1521190620000 2441.00000000 2436.50000000 2443.00000000 2418.00000000 12497420.00000000 5142.00000000
1521118800000 1521128760000 2421.50000000 2446.00000000 2455.50000000 2415.50000000 79667988.00000000 32705.00000000
1521104400000 1521118740000 2455.50000000 2421.50000000 2469.00000000 2420.00000000 95572714.50000000 39064.00000000
1521097200000 1521104280000 2442.50000000 2456.00000000 2464.00000000 2442.50000000 24038524.50000000 9798.00000000
1521032460000 1521042480000 2403.50000000 2430.50000000 2439.50000000 2400.50000000 45190047.00000000 18618.00000000
1521018000000 1521032340000 2424.00000000 2402.00000000 2424.50000000 2400.50000000 21763800.00000000 9019.00000000
1521010800000 1521017940000 2425.00000000 2423.50000000 2425.00000000 2394.00000000 40345895.00000000 16763.00000000
1520946060000 1520956080000 2456.00000000 2415.00000000 2464.50000000 2385.00000000 100866435.50000000 41648.00000000
1520931660000 1520945940000 2461.00000000 2459.50000000 2476.00000000 2453.00000000 48745308.00000000 19750.00000000
1520924400000 1520931540000 2449.00000000 2460.00000000 2471.00000000 2443.00000000 14621755.50000000 5941.00000000
1520859600000 1520869560000 2480.50000000 2450.00000000 2483.50000000 2439.50000000 62230905.50000000 25336.00000000
1520845200000 1520859540000 2455.50000000 2483.00000000 2486.00000000 2455.00000000 52574179.50000000 21253.00000000
1520838000000 1520845140000 2465.00000000 2456.00000000 2469.00000000 2445.00000000 26905810.50000000 10960.00000000
1520600400000 1520610600000 2479.50000000 2469.00000000 2519.00000000 2465.50000000 62417782.50000000 25082.00000000
1520586000000 1520600280000 2476.50000000 2479.50000000 2490.00000000 2475.00000000 22986531.00000000 9269.00000000
1520578800000 1520585940000 2474.00000000 2477.00000000 2484.00000000 2451.00000000 27118749.50000000 10974.00000000
1520427600000 1520437560000 2383.50000000 2427.50000000 2439.50000000 2373.00000000 83017324.50000000 34374.00000000
1520413200000 1520427540000 2380.50000000 2383.50000000 2394.50000000 2371.50000000 79088338.50000000 33228.00000000
1520406000000 1520413080000 2399.00000000 2380.00000000 2399.00000000 2368.00000000 26182997.50000000 11009.00000000
1520341440000 1520351400000 2359.00000000 2389.50000000 2395.00000000 2355.00000000 75270325.00000000 31613.00000000
1520326800000 1520341140000 2371.50000000 2360.50000000 2373.50000000 2353.00000000 70663190.00000000 29943.00000000
1520319600000 1520326740000 2377.50000000 2371.50000000 2377.50000000 2351.00000000 26034450.00000000 10982.00000000
1520254800000 1520264760000 2353.00000000 2347.50000000 2372.00000000 2335.00000000 33168533.00000000 14114.00000000
1520240400000 1520254740000 2354.50000000 2354.50000000 2370.00000000 2345.50000000 38420321.00000000 16296.00000000
1520233200000 1520240340000 2313.50000000 2354.50000000 2355.00000000 2313.50000000 38030053.00000000 16238.00000000
1519995600000 1520005560000 2275.00000000 2280.50000000 2310.00000000 2269.00000000 126491306.00000000 55296.00000000
1519981200000 1519995480000 2285.00000000 2275.00000000 2290.50000000 2241.00000000 58478594.00000000 25777.00000000
1519974000000 1519981140000 2309.00000000 2285.50000000 2309.00000000 2280.50000000 22447285.50000000 9792.00000000
1519909380000 1519919400000 2316.50000000 2310.00000000 2333.00000000 2301.00000000 44367200.00000000 19174.00000000
1519894860000 1519909020000 2326.50000000 2319.50000000 2338.00000000 2300.50000000 43487133.50000000 18805.00000000
1519887600000 1519894680000 2329.50000000 2324.00000000 2344.50000000 2316.00000000 26451536.00000000 11345.00000000
1519822860000 1519833000000 2365.50000000 2343.50000000 2371.00000000 2327.00000000 40890017.00000000 17446.00000000
1519808400000 1519822740000 2383.00000000 2364.00000000 2385.00000000 2345.50000000 29851941.50000000 12637.00000000
1519801200000 1519808340000 2381.50000000 2383.00000000 2384.50000000 2360.50000000 11044603.50000000 4653.00000000
1519736400000 1519746480000 2371.00000000 2386.00000000 2391.00000000 2336.00000000 56601359.00000000 23910.00000000
1519722060000 1519736340000 2354.50000000 2371.50000000 2372.00000000 2348.00000000 35807466.50000000 15203.00000000
1519714800000 1519721820000 2363.00000000 2352.50000000 2367.50000000 2320.50000000 68720075.50000000 29382.00000000
1519650120000 1519660080000 2428.50000000 2383.00000000 2446.00000000 2362.00000000 104269282.50000000 43329.00000000
1519635600000 1519649940000 2424.00000000 2428.50000000 2439.50000000 2411.50000000 31868463.00000000 13123.00000000
1519628400000 1519635540000 2450.00000000 2418.00000000 2450.00000000 2400.50000000 59988429.00000000 24698.00000000
1519304460000 1519314600000 2471.50000000 2435.50000000 2489.50000000 2410.50000000 85738012.50000000 35036.00000000
1519290000000 1519304160000 2482.50000000 2470.00000000 2483.00000000 2460.50000000 57519463.00000000 23283.00000000
1519282800000 1519289940000 2469.00000000 2482.50000000 2494.00000000 2469.00000000 36847285.00000000 14819.00000000
1519218000000 1519228200000 2455.00000000 2473.50000000 2474.50000000 2452.00000000 81373263.50000000 33039.00000000
1519203600000 1519217940000 2440.00000000 2454.00000000 2469.50000000 2430.50000000 72167625.00000000 29484.00000000
1519196400000 1519203480000 2424.50000000 2439.00000000 2445.00000000 2418.00000000 57304707.50000000 23530.00000000
1519131600000 1519141680000 2393.00000000 2413.00000000 2423.50000000 2376.50000000 59793638.50000000 24920.00000000
1519117200000 1519131540000 2418.00000000 2390.00000000 2418.00000000 2381.00000000 49272565.50000000 20604.00000000
1519110000000 1519117080000 2420.00000000 2418.00000000 2439.00000000 2418.00000000 22443305.50000000 9237.00000000
1519045200000 1519055340000 2389.50000000 2416.50000000 2425.50000000 2387.50000000 45225272.50000000 18766.00000000
1519030800000 1519045140000 2398.50000000 2389.50000000 2398.50000000 2380.50000000 18586968.50000000 7792.00000000
1519023600000 1519030740000 2371.00000000 2396.00000000 2430.00000000 2361.00000000 50515476.00000000 21044.00000000
1518786000000 1518796140000 2330.50000000 2371.50000000 2374.00000000 2291.50000000 199241296.00000000 85101.00000000
1518771600000 1518785940000 2348.00000000 2330.50000000 2358.00000000 2330.00000000 46409645.50000000 19787.00000000
1518764400000 1518771540000 2341.50000000 2348.00000000 2360.00000000 2330.00000000 68747071.50000000 29267.00000000
1518699600000 1518709740000 2385.00000000 2283.50000000 2420.00000000 2280.00000000 517407656.50000000 219450.00000000
1518685200000 1518699540000 2250.00000000 2385.00000000 2386.00000000 2230.00000000 280843931.50000000 121117.00000000
1518678000000 1518685140000 2250.00000000 2250.00000000 2257.00000000 2211.00000000 90554697.00000000 40507.00000000
1518613200000 1518623340000 2178.50000000 2200.00000000 2220.50000000 2144.00000000 145708004.00000000 66811.00000000
1518598800000 1518613080000 2173.50000000 2178.50000000 2179.50000000 2160.00000000 34416852.00000000 15849.00000000
1518598080000 1518598560000 2170.50000000 2173.00000000 2173.00000000 2169.50000000 284474.00000000 131.00000000
1518591600000 1518597960000 2155.00000000 2170.50000000 2175.00000000 2148.00000000 26549060.50000000 12271.00000000
1518526800000 1518536880000 2122.50000000 2135.00000000 2141.50000000 2111.00000000 99072662.50000000 46579.00000000
1518512400000 1518526740000 2119.50000000 2122.50000000 2129.50000000 2112.50000000 33109881.50000000 15614.00000000
1518505200000 1518512160000 2124.00000000 2122.50000000 2124.00000000 2111.00000000 17771044.00000000 8395.00000000
1518440460000 1518450600000 2120.50000000 2127.00000000 2135.00000000 2110.00000000 56938669.00000000 26845.00000000
1518426000000 1518440340000 2116.50000000 2121.00000000 2124.50000000 2105.00000000 22716196.00000000 10734.00000000
1518418800000 1518425880000 2101.50000000 2114.50000000 2120.00000000 2101.50000000 20621039.50000000 9770.00000000
1518181200000 1518191400000 2077.00000000 2086.50000000 2107.00000000 2072.00000000 68279687.50000000 32675.00000000
1518166980000 1518181140000 2090.00000000 2076.50000000 2098.00000000 2070.50000000 37525109.50000000 17971.00000000
1518159600000 1518166740000 2090.50000000 2087.00000000 2100.00000000 2062.00000000 63190533.50000000 30251.00000000
1518094800000 1518104820000 2164.50000000 2159.00000000 2187.00000000 2150.50000000 86451477.50000000 39890.00000000
1518080400000 1518094740000 2144.50000000 2164.50000000 2170.00000000 2143.50000000 31911848.00000000 14790.00000000
1518073200000 1518080340000 2137.00000000 2148.50000000 2159.50000000 2125.50000000 13286332.50000000 6204.00000000
1518008400000 1518018480000 2125.50000000 2140.50000000 2174.00000000 2121.50000000 68908984.00000000 32078.00000000
1517994000000 1518008280000 2122.50000000 2123.50000000 2139.00000000 2113.50000000 16006273.50000000 7524.00000000
1517986800000 1517993940000 2106.00000000 2125.00000000 2128.50000000 2100.50000000 18537644.50000000 8769.00000000
1517922000000 1517931960000 2074.00000000 2054.50000000 2128.00000000 2053.00000000 99524512.50000000 47629.00000000
1517907600000 1517921940000 2085.00000000 2072.50000000 2088.50000000 2048.50000000 78657185.50000000 38080.00000000
1517900400000 1517907480000 2073.00000000 2084.50000000 2130.00000000 2050.50000000 58127253.50000000 27922.00000000
1517835660000 1517845560000 2141.00000000 2150.00000000 2172.00000000 2113.50000000 55139808.50000000 25707.00000000
1517821200000 1517835540000 2154.00000000 2141.00000000 2164.50000000 2130.50000000 20731034.00000000 9647.00000000
1517814000000 1517821140000 2145.50000000 2154.00000000 2157.50000000 2136.50000000 10331291.00000000 4810.00000000
1517576400000 1517586540000 2190.00000000 2150.00000000 2199.00000000 2115.50000000 67827498.50000000 31435.00000000
1517562060000 1517576280000 2205.50000000 2190.00000000 2211.50000000 2185.50000000 23394598.50000000 10653.00000000
1517554800000 1517561880000 2190.50000000 2210.00000000 2224.50000000 2190.50000000 17541418.50000000 7932.00000000
1517490120000 1517499960000 2188.00000000 2202.00000000 2229.00000000 2168.00000000 122624390.50000000 55917.00000000
1517476020000 1517489940000 2196.50000000 2188.00000000 2200.00000000 2188.00000000 13304750.00000000 6057.00000000
1517468400000 1517475480000 2183.00000000 2197.00000000 2200.00000000 2172.00000000 12976248.00000000 5927.00000000
1517403600000 1517413560000 2152.50000000 2179.00000000 2196.50000000 2145.50000000 34080759.50000000 15713.00000000
1517389260000 1517403300000 2145.50000000 2152.00000000 2156.50000000 2140.50000000 14724239.50000000 6856.00000000
1517382000000 1517389140000 2160.50000000 2148.00000000 2160.50000000 2133.50000000 14126694.00000000 6596.00000000
1517317200000 1517326800000 2140.00000000 2150.00000000 2175.00000000 2120.00000000 195903142.00000000 90929.00000000
1517302800000 1517317140000 2165.00000000 2138.50000000 2165.00000000 2135.50000000 46515404.50000000 21660.00000000
1517295600000 1517302680000 2176.50000000 2164.50000000 2176.50000000 2136.00000000 52496572.00000000 24287.00000000
1517230800000 1517240760000 2203.50000000 2197.50000000 2209.50000000 2178.50000000 26024364.00000000 11840.00000000
1517216400000 1517230620000 2206.00000000 2203.50000000 2214.00000000 2196.00000000 19383815.50000000 8785.00000000
1517209200000 1517216340000 2191.50000000 2206.00000000 2214.50000000 2185.00000000 19669088.50000000 8958.00000000
1516971960000 1516981740000 2138.00000000 2176.00000000 2179.50000000 2137.00000000 70722034.50000000 32730.00000000
1516957260000 1516971480000 2150.50000000 2140.50000000 2158.50000000 2138.50000000 17898685.00000000 8350.00000000
1516950000000 1516957080000 2135.00000000 2151.00000000 2160.00000000 2134.00000000 13138693.00000000 6105.00000000
1516885320000 1516895220000 2144.00000000 2134.00000000 2155.00000000 2105.00000000 57388033.50000000 26915.00000000
1516870800000 1516885080000 2136.00000000 2142.50000000 2153.00000000 2133.00000000 20543150.00000000 9576.00000000
1516863600000 1516870740000 2138.50000000 2136.00000000 2149.50000000 2114.50000000 16124930.50000000 7564.00000000
1516798800000 1516808760000 2143.00000000 2138.00000000 2158.00000000 2135.00000000 20260989.00000000 9442.00000000
1516784400000 1516798680000 2146.00000000 2143.00000000 2148.50000000 2140.00000000 7637184.00000000 3563.00000000
1516777200000 1516784340000 2159.50000000 2143.00000000 2159.50000000 2129.50000000 13046392.50000000 6098.00000000
1516712400000 1516722360000 2118.00000000 2145.00000000 2145.00000000 2111.50000000 66851199.50000000 31411.00000000
1516698000000 1516712340000 2125.50000000 2120.00000000 2138.00000000 2112.00000000 40966044.00000000 19294.00000000
1516690800000 1516697940000 2131.50000000 2126.00000000 2145.00000000 2126.00000000 18939695.00000000 8861.00000000
1516626060000 1516636200000 2098.00000000 2118.50000000 2120.00000000 2080.50000000 49169759.50000000 23363.00000000
1516611600000 1516625820000 2104.00000000 2096.00000000 2106.00000000 2093.50000000 15248308.00000000 7261.00000000
1516604400000 1516611540000 2095.50000000 2104.50000000 2122.50000000 2095.50000000 16499095.00000000 7812.00000000
1516366800000 1516376820000 2102.50000000 2098.50000000 2119.50000000 2090.50000000 36097449.50000000 17163.00000000
1516352400000 1516366740000 2118.00000000 2102.50000000 2118.00000000 2097.00000000 28088204.50000000 13341.00000000
1516345200000 1516352340000 2112.00000000 2118.00000000 2134.00000000 2108.00000000 37144006.00000000 17522.00000000
1516280400000 1516290600000 2067.50000000 2099.00000000 2100.00000000 2055.00000000 92293283.00000000 44258.00000000
1516266000000 1516280220000 2063.00000000 2067.50000000 2071.00000000 2055.50000000 39921756.00000000 19327.00000000
1516258800000 1516265880000 2050.00000000 2064.00000000 2077.00000000 2045.00000000 41974199.50000000 20323.00000000
1516194000000 1516204140000 1994.50000000 2035.00000000 2046.50000000 1992.00000000 69292971.00000000 34192.00000000
1516179900000 1516193940000 1988.50000000 1995.00000000 1995.50000000 1981.00000000 13474046.00000000 6778.00000000
1516172460000 1516179420000 1993.00000000 1992.00000000 1997.50000000 1981.00000000 8891065.00000000 4472.00000000
1516107600000 1516117680000 1965.50000000 1992.50000000 2044.00000000 1955.00000000 161184313.50000000 80574.00000000
1516093200000 1516107360000 1953.50000000 1962.50000000 1969.50000000 1940.50000000 55257761.00000000 28302.00000000
1516086060000 1516093140000 1964.00000000 1955.50000000 1965.00000000 1951.00000000 18911478.50000000 9658.00000000
1516021260000 1516031160000 1970.50000000 1970.00000000 1976.00000000 1966.50000000 6650382.50000000 3371.00000000
1516007340000 1516021080000 1970.50000000 1971.50000000 1979.00000000 1969.00000000 10056629.50000000 5095.00000000
1515999600000 1516006560000 1958.00000000 1969.00000000 1974.00000000 1954.50000000 12191236.50000000 6207.00000000
1515762120000 1515772020000 1959.50000000 1955.00000000 1968.00000000 1946.00000000 14852491.00000000 7587.00000000
1515748020000 1515761940000 1958.00000000 1958.00000000 1965.00000000 1955.00000000 8403799.50000000 4289.00000000
1515740460000 1515747540000 1955.00000000 1956.00000000 1966.00000000 1945.50000000 11286873.50000000 5771.00000000
1515676320000 1515685200000 1969.00000000 1963.00000000 1985.00000000 1959.50000000 62737229.50000000 31822.00000000
1515661260000 1515675540000 1972.00000000 1968.50000000 1974.50000000 1960.00000000 10075728.50000000 5121.00000000
1515654060000 1515661140000 1963.50000000 1970.00000000 1973.50000000 1955.00000000 6938335.00000000 3534.00000000
1515589440000 1515599220000 1936.00000000 1972.00000000 1980.00000000 1935.00000000 49404578.50000000 25106.00000000
1515574860000 1515588960000 1948.00000000 1936.00000000 1953.50000000 1931.50000000 19503256.00000000 10052.00000000
1515567600000 1515574740000 1963.00000000 1947.00000000 1969.00000000 1940.50000000 17934458.50000000 9219.00000000
1515502800000 1515512760000 1955.00000000 1963.00000000 1982.00000000 1954.50000000 53234694.50000000 27029.00000000
1515488400000 1515502740000 1966.00000000 1955.00000000 1976.00000000 1954.00000000 20405734.00000000 10388.00000000
1515481200000 1515488340000 1957.50000000 1965.50000000 1970.00000000 1957.50000000 10695844.00000000 5444.00000000
1515157200000 1515167220000 1939.00000000 1942.50000000 1958.50000000 1935.00000000 15477285.50000000 7944.00000000
1515142800000 1515157140000 1948.50000000 1939.00000000 1949.00000000 1921.00000000 16182419.50000000 8369.00000000
1515135600000 1515142680000 1966.00000000 1948.50000000 1966.00000000 1942.00000000 13476751.50000000 6910.00000000
1515070800000 1515080940000 1972.50000000 1978.00000000 1985.00000000 1956.00000000 45741325.00000000 23208.00000000
1515056460000 1515070740000 1956.50000000 1972.50000000 1973.00000000 1951.00000000 20275658.50000000 10321.00000000
1515049200000 1515056340000 1943.00000000 1955.50000000 1960.00000000 1943.00000000 9081813.50000000 4652.00000000
1514984460000 1514994540000 1926.00000000 1943.50000000 1949.50000000 1919.00000000 38422914.50000000 19831.00000000
1514970060000 1514984340000 1920.00000000 1923.50000000 1927.00000000 1918.50000000 13223168.50000000 6876.00000000
1514969880000 1514969880000 1921.00000000 1921.00000000 1921.00000000 1921.00000000 9605.00000000 5.00000000
1514962800000 1514969760000 1919.00000000 1921.50000000 1927.00000000 1915.00000000 12627343.00000000 6574.00000000
1514552400000 1514562420000 1878.00000000 1894.00000000 1911.50000000 1876.00000000 23456546.50000000 12359.00000000
1514538000000 1514552280000 1868.00000000 1878.00000000 1878.00000000 1865.00000000 4997767.50000000 2670.00000000
1514530800000 1514537940000 1880.00000000 1865.00000000 1880.00000000 1860.50000000 10373303.00000000 5557.00000000
1514466360000 1514476140000 1869.50000000 1883.50000000 1885.00000000 1859.00000000 38004820.50000000 20285.00000000
1514451720000 1514465940000 1866.50000000 1870.50000000 1873.00000000 1866.50000000 3784981.50000000 2024.00000000
1514444460000 1514451420000 1867.50000000 1866.50000000 1873.50000000 1860.00000000 8391286.50000000 4496.00000000
1514379600000 1514389740000 1852.00000000 1865.00000000 1874.50000000 1851.00000000 29515265.50000000 15867.00000000
1514365320000 1514379420000 1850.50000000 1854.00000000 1864.50000000 1846.00000000 9391644.50000000 5058.00000000
1514358000000 1514364960000 1845.00000000 1848.50000000 1858.00000000 1845.00000000 7399967.50000000 3997.00000000
1514293200000 1514303400000 1862.50000000 1840.00000000 1863.50000000 1820.00000000 94772888.00000000 51451.00000000
1514278800000 1514293140000 1847.50000000 1861.00000000 1863.00000000 1845.00000000 17219126.50000000 9307.00000000
1514271600000 1514278740000 1852.00000000 1847.50000000 1852.00000000 1841.00000000 4984704.00000000 2699.00000000
1514206800000 1514216760000 1848.00000000 1847.00000000 1849.50000000 1847.00000000 19645231.50000000 10630.00000000
1514192400000 1514206740000 1846.00000000 1848.00000000 1849.50000000 1840.00000000 7582778.50000000 4108.00000000
1514185200000 1514192280000 1832.50000000 1844.00000000 1852.50000000 1832.50000000 6447656.00000000 3493.00000000
1513947600000 1513957560000 1855.00000000 1832.00000000 1855.50000000 1832.00000000 78138943.00000000 42378.00000000
1513933200000 1513947540000 1854.50000000 1853.00000000 1858.50000000 1850.00000000 18365093.00000000 9906.00000000
1513926000000 1513933140000 1865.00000000 1857.00000000 1865.00000000 1852.50000000 12687338.00000000 6832.00000000
1513861200000 1513871400000 1851.50000000 1884.00000000 1895.00000000 1851.50000000 50648979.50000000 27003.00000000
1513846800000 1513861140000 1863.50000000 1851.50000000 1874.50000000 1851.50000000 29516818.00000000 15855.00000000
1513839660000 1513846740000 1885.50000000 1863.50000000 1886.00000000 1861.00000000 13213675.50000000 7058.00000000
1513774860000 1513784760000 1875.50000000 1873.50000000 1895.50000000 1868.00000000 170644752.00000000 90874.00000000
1513760400000 1513774680000 1877.00000000 1877.50000000 1882.50000000 1865.50000000 41052747.50000000 21920.00000000
1513753200000 1513760340000 1898.00000000 1876.00000000 1906.50000000 1876.00000000 17593179.50000000 9303.00000000
1513688520000 1513698540000 1884.00000000 1902.00000000 1905.00000000 1872.00000000 35340066.00000000 18684.00000000
1513674420000 1513688340000 1890.00000000 1884.00000000 1891.00000000 1875.00000000 17940503.50000000 9539.00000000
1513666800000 1513673940000 1892.00000000 1886.50000000 1903.00000000 1882.00000000 10348481.50000000 5465.00000000
1513602000000 1513611960000 1892.00000000 1892.00000000 1910.00000000 1886.00000000 29644319.50000000 15619.00000000
1513587600000 1513601940000 1900.00000000 1892.00000000 1900.00000000 1889.00000000 17844534.50000000 9418.00000000
1513580400000 1513587540000 1895.00000000 1900.00000000 1900.00000000 1880.00000000 20848280.50000000 10985.00000000
1513342800000 1513353000000 1906.50000000 1895.00000000 1910.00000000 1875.50000000 80130951.50000000 42356.00000000
1513328460000 1513342680000 1902.00000000 1906.50000000 1907.50000000 1900.50000000 13034577.00000000 6848.00000000
1513321200000 1513328340000 1915.00000000 1904.00000000 1915.00000000 1895.00000000 29246918.50000000 15337.00000000
1513256460000 1513266420000 1933.50000000 1919.00000000 1950.00000000 1909.00000000 51946115.00000000 26937.00000000
1513242060000 1513256160000 1940.00000000 1936.00000000 1945.00000000 1930.00000000 24917140.50000000 12862.00000000
1513234800000 1513241940000 1935.00000000 1940.50000000 1947.00000000 1930.50000000 20330552.50000000 10477.00000000
1513170000000 1513180080000 1965.50000000 1938.00000000 1965.50000000 1932.50000000 63604132.00000000 32715.00000000
1513155600000 1513169700000 1971.00000000 1965.50000000 1971.00000000 1955.00000000 10572378.00000000 5380.00000000
1513148400000 1513155480000 1935.00000000 1971.00000000 1975.00000000 1930.00000000 31488281.50000000 16093.00000000
1513083600000 1513093560000 1981.50000000 1954.00000000 1982.00000000 1944.00000000 33000816.00000000 16819.00000000
1513069200000 1513083420000 1984.50000000 1981.00000000 1984.50000000 1976.00000000 17432371.50000000 8799.00000000
1513062000000 1513068960000 1996.00000000 1984.00000000 1996.00000000 1971.50000000 15957865.00000000 8041.00000000
1512997200000 1513007280000 1974.50000000 1997.50000000 1999.00000000 1968.00000000 53789807.50000000 27129.00000000
1512982920000 1512997140000 1974.50000000 1974.50000000 1980.00000000 1968.50000000 34064369.00000000 17259.00000000
1512975600000 1512982740000 1960.00000000 1974.50000000 1979.00000000 1958.50000000 14190725.00000000 7202.00000000
1512738000000 1512748080000 1958.00000000 1957.00000000 1970.50000000 1952.50000000 28310052.00000000 14444.00000000
1512723600000 1512737940000 1967.00000000 1959.50000000 1970.50000000 1950.50000000 25971475.50000000 13268.00000000
1512716400000 1512723540000 1949.50000000 1968.50000000 1979.50000000 1949.50000000 11867406.00000000 6034.00000000
1512651600000 1512661680000 1915.00000000 1949.50000000 1949.50000000 1910.00000000 64748801.50000000 33609.00000000
1512637260000 1512651480000 1914.00000000 1915.00000000 1921.00000000 1908.00000000 53199694.50000000 27797.00000000
1512630000000 1512637140000 1920.00000000 1914.00000000 1928.00000000 1911.50000000 44925731.00000000 23433.00000000
1512565200000 1512575280000 1925.50000000 1900.00000000 1931.50000000 1891.50000000 57739734.00000000 30325.00000000
1512550800000 1512564960000 1909.00000000 1928.00000000 1936.50000000 1907.50000000 29294852.00000000 15229.00000000
1512543600000 1512550740000 1899.50000000 1909.00000000 1909.50000000 1889.00000000 8408337.00000000 4424.00000000
1512478920000 1512488820000 1899.00000000 1899.00000000 1912.50000000 1867.00000000 59071805.00000000 31256.00000000
1512464400000 1512478740000 1881.50000000 1899.00000000 1899.50000000 1876.00000000 28464990.50000000 15087.00000000
1512457200000 1512464340000 1900.00000000 1879.50000000 1900.50000000 1875.50000000 21882805.00000000 11611.00000000
1512392580000 1512402540000 1927.50000000 1907.00000000 1939.00000000 1901.00000000 71106362.00000000 36999.00000000
1512378000000 1512392340000 1918.00000000 1927.50000000 1934.00000000 1915.00000000 22152013.50000000 11496.00000000
1512370800000 1512377940000 1932.00000000 1918.00000000 1936.50000000 1910.50000000 18761293.50000000 9783.00000000
1512133200000 1512143400000 1937.50000000 1931.50000000 1938.00000000 1916.50000000 26039462.50000000 13474.00000000
1512118800000 1512133080000 1946.50000000 1938.00000000 1948.00000000 1934.00000000 19491517.00000000 10052.00000000
1512111600000 1512118740000 1935.00000000 1949.50000000 1949.50000000 1925.00000000 9386111.50000000 4834.00000000
1512046860000 1512056940000 1938.50000000 1940.50000000 1945.00000000 1912.00000000 23979950.00000000 12421.00000000
1512032400000 1512046740000 1935.00000000 1938.50000000 1947.50000000 1933.00000000 15653399.00000000 8064.00000000
1512025200000 1512032280000 1949.50000000 1935.00000000 1949.50000000 1881.00000000 19876384.50000000 10316.00000000
1511960760000 1511970600000 2002.50000000 1957.00000000 2030.00000000 1933.00000000 139988206.50000000 70837.00000000
1511946000000 1511960340000 2006.50000000 2001.00000000 2012.50000000 1995.50000000 16414314.50000000 8190.00000000
1511938800000 1511945880000 2002.50000000 2006.00000000 2014.00000000 2000.50000000 14753038.00000000 7352.00000000
1511874060000 1511883960000 2009.50000000 1991.50000000 2029.50000000 1988.00000000 73784158.00000000 36844.00000000
1511859660000 1511873940000 2013.50000000 2009.50000000 2019.50000000 2000.00000000 29775062.00000000 14836.00000000
1511852400000 1511859300000 2019.00000000 2016.00000000 2026.00000000 1996.50000000 23484853.00000000 11678.00000000
1511787600000 1511797560000 2036.00000000 2017.00000000 2055.00000000 2015.00000000 87405754.00000000 42987.00000000
1511773200000 1511787540000 2031.50000000 2036.50000000 2049.00000000 2030.50000000 20274969.50000000 9917.00000000
1511766000000 1511773140000 2033.00000000 2035.50000000 2049.00000000 2028.00000000 16323676.00000000 7996.00000000
1511528400000 1511538480000 2052.50000000 2025.00000000 2075.00000000 2025.00000000 97264134.00000000 47515.00000000
1511514000000 1511528340000 2032.50000000 2052.00000000 2079.50000000 2020.00000000 93363090.50000000 45469.00000000
1511506800000 1511513940000 1981.50000000 2033.00000000 2057.00000000 1981.50000000 52293820.00000000 25961.00000000
1511442000000 1511452140000 1986.00000000 1987.50000000 1998.00000000 1984.00000000 11044179.50000000 5548.00000000
1511427600000 1511441880000 1996.00000000 1986.00000000 1996.00000000 1982.00000000 11779233.00000000 5926.00000000
1511420400000 1511427420000 1980.50000000 1994.00000000 1998.50000000 1980.00000000 23406440.50000000 11763.00000000
1511355660000 1511365620000 2020.00000000 1975.00000000 2033.50000000 1957.50000000 102746075.50000000 51751.00000000
1511341320000 1511355480000 2030.50000000 2020.00000000 2032.50000000 2015.50000000 17727037.00000000 8767.00000000
1511334000000 1511341080000 2030.00000000 2031.50000000 2039.50000000 2021.50000000 11369176.00000000 5596.00000000
1511269380000 1511279160000 2009.50000000 2038.00000000 2060.00000000 1999.00000000 118902697.00000000 58473.00000000
1511254800000 1511269140000 1996.00000000 2008.00000000 2018.00000000 1995.00000000 36649596.00000000 18262.00000000
1511254560000 1511254680000 1998.00000000 1998.00000000 1998.00000000 1998.00000000 17982.00000000 9.00000000
1511247600000 1511254500000 2001.00000000 1996.00000000 2002.50000000 1990.00000000 15214092.50000000 7625.00000000
1511182800000 1511192940000 1960.50000000 2002.50000000 2008.00000000 1959.50000000 96346696.00000000 48490.00000000
1511168400000 1511182740000 1953.50000000 1963.00000000 1963.50000000 1951.00000000 16457406.50000000 8411.00000000
1511161200000 1511168340000 1965.00000000 1953.50000000 1965.00000000 1950.50000000 8253702.50000000 4216.00000000
1510923600000 1510933740000 1929.50000000 1949.50000000 1967.50000000 1921.50000000 71771581.00000000 36811.00000000
1510909200000 1510923540000 1921.00000000 1929.50000000 1933.00000000 1919.00000000 10252838.50000000 5320.00000000
1510902000000 1510909080000 1926.50000000 1918.00000000 1943.00000000 1915.00000000 22225088.50000000 11566.00000000
1510837200000 1510847220000 1876.50000000 1925.50000000 1926.00000000 1868.00000000 55526682.50000000 29181.00000000
1510823100000 1510837140000 1877.00000000 1879.00000000 1896.50000000 1875.50000000 18188545.50000000 9657.00000000
1510815660000 1510822740000 1889.00000000 1880.00000000 1889.00000000 1872.00000000 8295592.00000000 4419.00000000
1510750800000 1510760940000 1880.50000000 1873.00000000 1884.50000000 1857.00000000 23386799.00000000 12493.00000000
1510736520000 1510750740000 1876.00000000 1880.50000000 1886.00000000 1875.50000000 20638925.50000000 10974.00000000
1510729200000 1510736280000 1890.00000000 1880.00000000 1894.00000000 1869.50000000 13083668.00000000 6963.00000000
1510664400000 1510674540000 1890.00000000 1890.00000000 1890.00000000 1862.00000000 109528638.50000000 58374.00000000
1510650180000 1510664280000 1910.50000000 1890.00000000 1913.00000000 1883.00000000 34541757.50000000 18212.00000000
1510642800000 1510649940000 1874.50000000 1914.00000000 1929.50000000 1869.50000000 30321653.50000000 15943.00000000
1510578120000 1510587960000 1845.50000000 1860.00000000 1866.50000000 1841.50000000 44483954.50000000 23973.00000000
1510563600000 1510577940000 1866.50000000 1845.50000000 1868.50000000 1840.50000000 33743811.50000000 18185.00000000
1510556400000 1510563540000 1856.00000000 1866.50000000 1875.00000000 1842.00000000 37595347.50000000 20263.00000000
1510318860000 1510329000000 1888.50000000 1856.50000000 1910.00000000 1855.50000000 59681298.50000000 31772.00000000
1510304400000 1510318680000 1891.50000000 1888.50000000 1898.50000000 1885.00000000 18367364.00000000 9705.00000000
1510297200000 1510304340000 1890.00000000 1891.50000000 1899.50000000 1875.50000000 29712959.00000000 15704.00000000
1510232520000 1510242420000 1939.00000000 1890.00000000 1939.00000000 1883.00000000 107530073.00000000 56578.00000000
1510218000000 1510232340000 1933.00000000 1939.00000000 1943.50000000 1932.00000000 16439634.00000000 8485.00000000
1510210800000 1510217880000 1933.50000000 1930.50000000 1949.00000000 1930.50000000 9813492.50000000 5065.00000000
1510146000000 1510155960000 1966.00000000 1935.50000000 1966.00000000 1925.00000000 55361065.50000000 28528.00000000
1510131720000 1510145940000 1949.00000000 1964.00000000 1969.50000000 1936.50000000 40241201.50000000 20606.00000000
1510124400000 1510131540000 1944.00000000 1949.00000000 1951.00000000 1920.50000000 17712791.00000000 9122.00000000
1510059600000 1510069680000 1987.50000000 1950.50000000 1991.00000000 1943.50000000 68376271.00000000 34858.00000000
1510045380000 1510059480000 1984.00000000 1987.00000000 1991.50000000 1967.50000000 31358472.00000000 15839.00000000
1510038060000 1510045140000 1966.00000000 1983.50000000 1993.50000000 1966.00000000 22821766.00000000 11506.00000000
1509714060000 1509724140000 1964.00000000 1965.00000000 1977.00000000 1930.00000000 55557075.00000000 28415.00000000
1509699600000 1509713520000 1963.00000000 1962.00000000 1972.50000000 1957.00000000 28436374.50000000 14473.00000000
1509692400000 1509699540000 1932.50000000 1963.00000000 1965.00000000 1932.50000000 6785442.00000000 3464.00000000
1509627600000 1509637740000 1964.50000000 1932.00000000 1966.50000000 1927.00000000 79811550.00000000 41026.00000000
1509613200000 1509627540000 1964.00000000 1964.00000000 1984.50000000 1955.50000000 48950501.00000000 24880.00000000
1509606000000 1509613140000 1980.00000000 1965.00000000 1984.50000000 1950.50000000 47450559.50000000 24176.00000000
1509541200000 1509551280000 1971.00000000 1991.50000000 2023.50000000 1969.00000000 113888846.00000000 56919.00000000
1509526800000 1509541140000 1978.00000000 1971.00000000 1984.00000000 1960.50000000 54568075.50000000 27618.00000000
1509519600000 1509526740000 1950.00000000 1976.50000000 1978.50000000 1950.00000000 37343349.00000000 18959.00000000
1509454800000 1509464880000 1894.00000000 1950.00000000 1971.00000000 1890.50000000 128375224.50000000 65958.00000000
1509440580000 1509454620000 1899.50000000 1894.00000000 1900.00000000 1881.50000000 38423994.50000000 20294.00000000
1509433200000 1509440340000 1900.50000000 1896.50000000 1914.50000000 1896.50000000 52446706.50000000 27506.00000000
1509368400000 1509378600000 1892.50000000 1898.00000000 1902.50000000 1878.00000000 44187939.00000000 23371.00000000
1509354000000 1509368340000 1887.00000000 1892.50000000 1896.00000000 1885.00000000 15977896.00000000 8458.00000000
1509346800000 1509353880000 1919.00000000 1887.00000000 1919.00000000 1881.00000000 29584101.00000000 15630.00000000
1509109200000 1509118800000 1914.00000000 1921.00000000 1955.00000000 1899.00000000 157842607.00000000 81931.00000000
1509094860000 1509109140000 1898.00000000 1914.50000000 1915.00000000 1893.00000000 25935331.00000000 13637.00000000
1509087660000 1509094740000 1908.00000000 1899.50000000 1920.00000000 1890.50000000 17919771.50000000 9425.00000000
1509022800000 1509032760000 1845.50000000 1896.00000000 1915.00000000 1843.00000000 129338842.50000000 68711.00000000
1509008400000 1509022680000 1841.50000000 1845.50000000 1856.50000000 1841.00000000 12757124.00000000 6901.00000000
1509001200000 1509008340000 1859.50000000 1841.50000000 1859.50000000 1840.00000000 19126948.50000000 10349.00000000
1508936460000 1508946600000 1882.00000000 1855.00000000 1895.50000000 1836.50000000 61258699.00000000 32893.00000000
1508922120000 1508936280000 1875.00000000 1882.00000000 1894.50000000 1875.00000000 13209747.50000000 7017.00000000
1508914800000 1508921940000 1899.50000000 1875.50000000 1908.00000000 1870.50000000 28865555.00000000 15280.00000000
1508850000000 1508860140000 1824.00000000 1889.00000000 1950.00000000 1821.00000000 470343119.00000000 250255.00000000
1508835660000 1508849940000 1780.00000000 1823.00000000 1848.00000000 1743.00000000 168174380.00000000 94543.00000000
1508828400000 1508835300000 1787.00000000 1779.50000000 1796.00000000 1761.50000000 18312742.50000000 10293.00000000
1508763600000 1508773560000 1786.50000000 1799.00000000 1808.50000000 1783.00000000 44283078.50000000 24673.00000000
1508749200000 1508763540000 1786.50000000 1787.00000000 1798.00000000 1782.00000000 20884162.50000000 11666.00000000
1508742000000 1508749140000 1796.00000000 1788.50000000 1812.00000000 1785.50000000 14540677.00000000 8060.00000000
1508504460000 1508514480000 1833.50000000 1796.00000000 1834.00000000 1790.00000000 90631643.00000000 50196.00000000
1508490000000 1508504340000 1829.50000000 1833.50000000 1838.00000000 1826.50000000 13104694.00000000 7150.00000000
1508482800000 1508489940000 1825.00000000 1829.50000000 1839.50000000 1820.00000000 6312142.50000000 3448.00000000
1508418060000 1508428200000 1837.00000000 1839.50000000 1848.50000000 1830.00000000 50729899.50000000 27645.00000000
1508403600000 1508417940000 1832.50000000 1840.00000000 1841.00000000 1830.00000000 25663313.00000000 13989.00000000
1508396400000 1508403540000 1859.00000000 1831.50000000 1860.00000000 1830.50000000 15254567.00000000 8284.00000000
1508331600000 1508341800000 1837.00000000 1852.00000000 1857.00000000 1816.00000000 81976995.50000000 44517.00000000
1508317320000 1508331120000 1835.00000000 1838.00000000 1840.00000000 1830.00000000 6789993.50000000 3695.00000000
1508310000000 1508316960000 1833.00000000 1835.00000000 1840.00000000 1826.50000000 8235471.00000000 4489.00000000
1508245200000 1508255160000 1830.00000000 1833.00000000 1837.00000000 1815.50000000 63004250.00000000 34504.00000000
1508230980000 1508245080000 1840.00000000 1829.50000000 1840.50000000 1825.50000000 9382717.50000000 5119.00000000
1508223600000 1508230500000 1832.00000000 1840.00000000 1852.50000000 1831.00000000 11399824.00000000 6197.00000000
1508158800000 1508169000000 1865.00000000 1832.00000000 1867.50000000 1825.00000000 88862115.50000000 48344.00000000
1508144460000 1508158740000 1860.00000000 1868.00000000 1868.50000000 1852.00000000 8368759.00000000 4499.00000000
1508137200000 1508144220000 1850.00000000 1860.00000000 1869.50000000 1845.50000000 8734791.50000000 4699.00000000
1507899660000 1507909680000 1863.00000000 1858.00000000 1874.50000000 1847.50000000 99022375.00000000 53315.00000000
1507885260000 1507899540000 1858.00000000 1863.50000000 1871.00000000 1857.50000000 14085906.50000000 7559.00000000
1507878120000 1507885140000 1864.00000000 1857.50000000 1865.00000000 1855.00000000 24103272.50000000 12961.00000000
1507813260000 1507823280000 1843.50000000 1863.00000000 1878.00000000 1837.50000000 55915155.50000000 30069.00000000
1507798920000 1507813140000 1847.00000000 1843.00000000 1850.00000000 1842.50000000 9968534.50000000 5400.00000000
1507791600000 1507798680000 1855.00000000 1846.50000000 1855.00000000 1833.50000000 18845998.50000000 10203.00000000
1507726800000 1507736760000 1850.00000000 1855.50000000 1859.00000000 1830.00000000 63990032.00000000 34692.00000000
1507712400000 1507726740000 1852.50000000 1850.00000000 1856.50000000 1843.00000000 29324643.50000000 15835.00000000
1507705200000 1507712340000 1854.50000000 1852.50000000 1864.00000000 1842.50000000 23031531.50000000 12400.00000000
1507640520000 1507650600000 1902.00000000 1840.00000000 1904.00000000 1838.00000000 235505519.50000000 126807.00000000
1507626000000 1507640160000 1901.50000000 1904.00000000 1907.50000000 1899.00000000 6650622.50000000 3495.00000000
1507618800000 1507625760000 1910.00000000 1905.00000000 1910.00000000 1898.00000000 10781473.50000000 5664.00000000
1507554000000 1507564020000 1907.00000000 1920.00000000 1924.00000000 1895.00000000 35778990.50000000 18740.00000000
1507539600000 1507553820000 1902.50000000 1907.00000000 1909.00000000 1890.50000000 9083176.00000000 4781.00000000
1507532400000 1507539480000 1907.50000000 1902.50000000 1916.50000000 1890.00000000 22222246.00000000 11692.00000000
1507294800000 1507304760000 1944.00000000 1893.00000000 1951.00000000 1890.50000000 87461249.50000000 45852.00000000
1507280400000 1507294680000 1948.00000000 1946.00000000 1957.50000000 1939.50000000 16996975.50000000 8721.00000000
1507273200000 1507280340000 1939.00000000 1948.00000000 1960.00000000 1939.00000000 12693479.50000000 6503.00000000
1507208400000 1507218420000 1949.00000000 1925.00000000 1954.00000000 1911.00000000 65360536.50000000 33905.00000000
1507194000000 1507208340000 1950.50000000 1952.50000000 1972.00000000 1948.00000000 29047734.00000000 14836.00000000
1507186800000 1507193880000 1934.50000000 1951.00000000 1955.00000000 1934.50000000 12013908.00000000 6164.00000000
1507122000000 1507131960000 1986.00000000 1942.50000000 1989.50000000 1933.00000000 44839575.00000000 22916.00000000
1507107660000 1507121940000 1974.00000000 1986.00000000 1989.00000000 1970.50000000 18845357.50000000 9514.00000000
1507100460000 1507107480000 1951.00000000 1972.00000000 1992.50000000 1951.00000000 24271497.00000000 12254.00000000
1507035660000 1507045740000 1924.50000000 1961.00000000 1974.50000000 1916.50000000 111812215.50000000 57287.00000000
1507021200000 1507035540000 1923.50000000 1925.00000000 1934.00000000 1908.50000000 23804841.00000000 12366.00000000
1507014000000 1507021080000 1914.50000000 1923.50000000 1930.00000000 1901.00000000 19126602.00000000 9931.00000000
1506949200000 1506959280000 1899.50000000 1906.50000000 1940.00000000 1898.00000000 101833243.00000000 53001.00000000
1506934800000 1506949140000 1896.50000000 1902.00000000 1904.00000000 1891.00000000 29744591.50000000 15662.00000000
1506927600000 1506934680000 1880.50000000 1894.50000000 1897.00000000 1880.50000000 21017894.50000000 11109.00000000
1506690060000 1506699960000 1867.00000000 1873.00000000 1877.00000000 1850.00000000 45711041.00000000 24473.00000000
1506675600000 1506689820000 1867.50000000 1870.00000000 1873.50000000 1865.00000000 5012566.00000000 2682.00000000
1506668400000 1506675540000 1865.50000000 1867.00000000 1874.00000000 1860.50000000 8868921.50000000 4743.00000000
1506603720000 1506613200000 1884.00000000 1856.50000000 1887.50000000 1846.50000000 87913651.50000000 47241.00000000
1506589200000 1506603360000 1892.50000000 1884.50000000 1897.00000000 1881.50000000 7855649.50000000 4159.00000000
1506582000000 1506589140000 1876.00000000 1894.00000000 1901.50000000 1875.00000000 33726882.50000000 17845.00000000
1506517200000 1506527160000 1860.00000000 1867.00000000 1880.00000000 1856.50000000 64197891.50000000 34339.00000000
1506502860000 1506517140000 1846.00000000 1860.00000000 1860.00000000 1841.00000000 6843652.50000000 3694.00000000
1506495600000 1506502740000 1857.50000000 1847.00000000 1864.00000000 1845.00000000 13567731.50000000 7325.00000000
1506430920000 1506440940000 1863.00000000 1848.00000000 1885.00000000 1831.50000000 79621935.50000000 42840.00000000
1506416400000 1506430740000 1858.50000000 1863.00000000 1875.50000000 1856.00000000 33365780.50000000 17882.00000000
1506409200000 1506416340000 1864.50000000 1858.50000000 1870.00000000 1845.50000000 32918360.00000000 17728.00000000
1506344520000 1506354600000 1929.50000000 1853.00000000 1932.00000000 1846.00000000 271306120.50000000 144754.00000000
1506330000000 1506344340000 1927.00000000 1932.00000000 1933.00000000 1925.00000000 18818058.00000000 9760.00000000
1506322800000 1506329940000 1900.50000000 1926.50000000 1936.00000000 1900.50000000 29592240.00000000 15367.00000000
1506085260000 1506095400000 1870.00000000 1922.00000000 1930.00000000 1870.00000000 117566072.00000000 61658.00000000
1506070800000 1506085140000 1879.00000000 1870.00000000 1881.00000000 1867.00000000 10911379.50000000 5830.00000000
1506063600000 1506070740000 1875.00000000 1879.00000000 1883.00000000 1871.00000000 6949920.00000000 3702.00000000
1505998800000 1506009000000 1880.00000000 1872.00000000 1887.50000000 1860.00000000 66868969.00000000 35712.00000000
1505984400000 1505998740000 1885.50000000 1880.00000000 1892.50000000 1871.00000000 39462826.50000000 20939.00000000
1505977200000 1505984280000 1884.50000000 1887.50000000 1894.50000000 1877.00000000 22071804.50000000 11697.00000000
1505912460000 1505922540000 1877.50000000 1872.00000000 1891.00000000 1863.50000000 30503177.50000000 16273.00000000
1505898060000 1505912220000 1880.00000000 1876.50000000 1880.00000000 1873.50000000 6224687.50000000 3314.00000000
1505890800000 1505897940000 1880.00000000 1880.00000000 1880.00000000 1865.50000000 16403606.50000000 8761.00000000
1505826120000 1505835600000 1871.50000000 1872.50000000 1883.00000000 1840.00000000 85190127.50000000 45753.00000000
1505811780000 1505825700000 1889.00000000 1872.00000000 1894.00000000 1867.00000000 16115806.50000000 8588.00000000
1505804400000 1505811360000 1892.50000000 1890.00000000 1892.50000000 1874.50000000 4187774.50000000 2225.00000000
1505739600000 1505749200000 1887.50000000 1893.50000000 1897.50000000 1863.00000000 45397425.00000000 24153.00000000
1505725200000 1505739420000 1903.50000000 1890.50000000 1908.00000000 1886.00000000 10715145.50000000 5654.00000000
1505718000000 1505725080000 1890.00000000 1905.00000000 1907.50000000 1881.50000000 8177114.50000000 4303.00000000
1505480400000 1505490420000 1868.00000000 1895.00000000 1913.50000000 1865.50000000 87944422.00000000 46500.00000000
1505466000000 1505480100000 1870.50000000 1868.50000000 1882.50000000 1850.50000000 19344826.00000000 10346.00000000
1505458800000 1505465880000 1869.00000000 1871.00000000 1875.50000000 1861.50000000 11382788.50000000 6084.00000000
1505394000000 1505403960000 1879.00000000 1858.00000000 1882.00000000 1841.00000000 117247466.50000000 63120.00000000
1505379780000 1505393940000 1875.00000000 1879.50000000 1880.00000000 1865.50000000 17777764.00000000 9490.00000000
1505372400000 1505379540000 1871.50000000 1875.00000000 1881.50000000 1870.50000000 10767714.50000000 5733.00000000
1505307660000 1505317560000 1905.50000000 1876.00000000 1905.50000000 1874.00000000 153517790.00000000 81438.00000000
1505293260000 1505307540000 1915.00000000 1903.50000000 1915.00000000 1903.50000000 6125357.50000000 3211.00000000
1505286000000 1505293140000 1903.00000000 1915.00000000 1925.00000000 1903.00000000 13058620.00000000 6811.00000000
1505221200000 1505231340000 1901.00000000 1903.50000000 1938.00000000 1890.00000000 84041518.00000000 43941.00000000
1505206800000 1505221140000 1886.00000000 1901.00000000 1903.00000000 1884.50000000 28008320.00000000 14803.00000000
1505199600000 1505206560000 1867.00000000 1889.00000000 1893.50000000 1867.00000000 8602820.50000000 4559.00000000
1505134800000 1505144940000 1857.00000000 1867.00000000 1881.50000000 1845.00000000 69256840.50000000 37208.00000000
1505120400000 1505134740000 1855.00000000 1856.50000000 1864.50000000 1845.50000000 21859978.00000000 11778.00000000
1505113200000 1505120340000 1859.50000000 1857.50000000 1863.00000000 1835.50000000 55214217.00000000 29772.00000000
1504875600000 1504885680000 1878.00000000 1865.50000000 1897.00000000 1852.00000000 64462293.00000000 34272.00000000
1504861200000 1504875540000 1862.00000000 1878.00000000 1879.50000000 1857.50000000 20646094.50000000 11039.00000000
1504854000000 1504861080000 1855.50000000 1859.50000000 1875.00000000 1851.50000000 22962907.50000000 12331.00000000
1504789200000 1504799160000 1839.00000000 1820.00000000 1841.00000000 1798.00000000 46337690.00000000 25497.00000000
1504774980000 1504789080000 1848.00000000 1839.50000000 1849.00000000 1833.00000000 10289297.50000000 5593.00000000
1504767660000 1504774740000 1849.00000000 1847.50000000 1854.00000000 1839.00000000 6852688.50000000 3711.00000000
1504702860000 1504713000000 1875.50000000 1843.00000000 1885.00000000 1832.50000000 63055669.00000000 33929.00000000
1504688400000 1504702680000 1857.00000000 1876.00000000 1879.50000000 1846.50000000 13355444.50000000 7153.00000000
1504681200000 1504688340000 1861.50000000 1857.00000000 1863.50000000 1821.00000000 17998121.00000000 9739.00000000
1504616400000 1504626000000 1856.50000000 1863.00000000 1886.00000000 1849.00000000 122484142.00000000 65479.00000000
1504602000000 1504616340000 1830.00000000 1857.00000000 1879.00000000 1827.00000000 34458120.00000000 18583.00000000
1504594860000 1504601940000 1831.50000000 1828.00000000 1837.00000000 1821.00000000 7593737.00000000 4145.00000000
1504530000000 1504540200000 1826.50000000 1833.00000000 1837.50000000 1820.00000000 13023185.50000000 7122.00000000
1504515660000 1504529820000 1835.00000000 1828.50000000 1835.00000000 1824.00000000 9552814.50000000 5228.00000000
1504508400000 1504515540000 1817.00000000 1835.00000000 1836.50000000 1817.00000000 15064573.00000000 8237.00000000
1504271100000 1504281000000 1753.00000000 1820.00000000 1867.50000000 1740.00000000 186088484.00000000 102810.00000000
1504256580000 1504270620000 1759.50000000 1753.00000000 1759.50000000 1752.50000000 4921051.50000000 2801.00000000
1504249200000 1504256340000 1746.50000000 1759.50000000 1763.50000000 1740.50000000 13100073.50000000 7469.00000000
1504184400000 1504194360000 1758.00000000 1752.00000000 1775.50000000 1743.50000000 44462139.50000000 25314.00000000
1504170060000 1504184160000 1762.00000000 1758.50000000 1765.00000000 1753.00000000 22582722.50000000 12831.00000000
1504162800000 1504169940000 1737.00000000 1762.50000000 1764.50000000 1734.50000000 22554111.00000000 12896.00000000
1504098000000 1504108200000 1744.00000000 1728.50000000 1746.00000000 1720.50000000 60579497.00000000 35048.00000000
1504083660000 1504097940000 1750.00000000 1744.00000000 1754.00000000 1744.00000000 14765167.50000000 8443.00000000
1504076460000 1504083480000 1746.50000000 1749.00000000 1753.00000000 1737.50000000 13654328.00000000 7814.00000000
1504011600000 1504021560000 1738.00000000 1743.00000000 1746.50000000 1710.50000000 34832626.50000000 20155.00000000
1503997200000 1504011540000 1731.50000000 1739.50000000 1740.00000000 1728.00000000 12567652.50000000 7228.00000000
1503990000000 1503997080000 1730.00000000 1730.00000000 1741.50000000 1725.50000000 8191939.50000000 4719.00000000
1503925260000 1503935220000 1766.00000000 1725.50000000 1766.00000000 1722.50000000 130949620.00000000 75312.00000000
1503910800000 1503925140000 1752.50000000 1767.00000000 1767.50000000 1752.00000000 13833019.00000000 7857.00000000
1503903600000 1503910740000 1759.50000000 1752.00000000 1769.50000000 1750.50000000 11124999.00000000 6332.00000000
1503666120000 1503676200000 1787.00000000 1757.00000000 1800.00000000 1745.00000000 99950675.50000000 56334.00000000
1503651600000 1503665880000 1787.00000000 1786.00000000 1795.00000000 1782.50000000 33622240.50000000 18783.00000000
1503644400000 1503651480000 1767.50000000 1788.50000000 1794.00000000 1767.50000000 20409134.00000000 11417.00000000
1503579660000 1503589560000 1782.50000000 1768.00000000 1789.50000000 1761.50000000 30502081.50000000 17232.00000000
1503565200000 1503579360000 1761.50000000 1781.50000000 1791.50000000 1760.00000000 36120088.00000000 20290.00000000
1503558000000 1503564900000 1771.00000000 1764.00000000 1774.00000000 1758.00000000 4209516.50000000 2384.00000000
1503493200000 1503503280000 1769.50000000 1765.00000000 1771.00000000 1752.00000000 33318161.50000000 18945.00000000
1503478920000 1503493080000 1773.50000000 1770.00000000 1779.50000000 1766.00000000 4261196.50000000 2405.00000000
1503471600000 1503478740000 1770.00000000 1772.00000000 1783.00000000 1765.00000000 13038069.00000000 7343.00000000
1503406800000 1503416760000 1773.50000000 1756.00000000 1773.50000000 1745.50000000 42876657.00000000 24341.00000000
1503392400000 1503406740000 1774.00000000 1773.50000000 1776.00000000 1769.00000000 8103068.50000000 4568.00000000
1503385200000 1503392340000 1779.50000000 1774.00000000 1779.50000000 1769.00000000 4541059.50000000 2561.00000000
1503320460000 1503330540000 1774.50000000 1769.00000000 1787.50000000 1751.00000000 49341747.00000000 27960.00000000
1503306180000 1503320340000 1776.00000000 1772.00000000 1781.50000000 1765.00000000 10349873.50000000 5836.00000000
1503298800000 1503305940000 1780.00000000 1775.50000000 1780.00000000 1765.00000000 10007105.00000000 5643.00000000
1503061200000 1503071400000 1815.00000000 1785.00000000 1817.00000000 1761.00000000 88038422.00000000 49445.00000000
1503046920000 1503060240000 1809.50000000 1815.50000000 1817.00000000 1806.50000000 4173670.50000000 2303.00000000
1503039600000 1503046020000 1820.00000000 1808.00000000 1820.00000000 1792.50000000 14702798.00000000 8125.00000000
1502975160000 1502984760000 1831.00000000 1832.00000000 1864.50000000 1821.00000000 30667772.50000000 16673.00000000
1502960400000 1502974560000 1838.00000000 1830.00000000 1847.50000000 1826.00000000 8793275.00000000 4790.00000000
1502953260000 1502960220000 1821.50000000 1842.00000000 1842.50000000 1820.00000000 12128980.50000000 6615.00000000
1502888400000 1502898600000 1803.00000000 1818.00000000 1840.00000000 1801.00000000 31459413.00000000 17269.00000000
1502874000000 1502888340000 1817.00000000 1803.00000000 1824.50000000 1801.00000000 9428449.50000000 5196.00000000
1502866800000 1502873880000 1805.00000000 1817.00000000 1820.00000000 1805.00000000 10615691.50000000 5847.00000000
1502802000000 1502812080000 1786.50000000 1798.00000000 1808.00000000 1779.00000000 26937599.50000000 15002.00000000
1502787720000 1502801880000 1787.00000000 1789.00000000 1791.00000000 1781.00000000 3210338.50000000 1795.00000000
1502780400000 1502787540000 1792.00000000 1790.50000000 1794.50000000 1770.50000000 7601704.00000000 4258.00000000
1502715720000 1502725560000 1755.50000000 1765.50000000 1783.50000000 1752.50000000 40330265.50000000 22755.00000000
1502701260000 1502715540000 1769.00000000 1760.00000000 1774.00000000 1755.50000000 11343544.50000000 6413.00000000
1502694000000 1502701080000 1742.00000000 1769.00000000 1770.00000000 1742.00000000 12965582.50000000 7354.00000000
1502456400000 1502466360000 1764.50000000 1731.50000000 1766.00000000 1731.50000000 61383739.00000000 35169.00000000
1502442000000 1502456160000 1753.50000000 1766.50000000 1769.50000000 1752.00000000 13575841.50000000 7716.00000000
1502434800000 1502441880000 1774.00000000 1753.50000000 1785.50000000 1750.50000000 22181774.00000000 12574.00000000
1502370000000 1502380200000 1849.00000000 1786.00000000 1849.00000000 1780.50000000 90113875.50000000 49798.00000000
1502355600000 1502369940000 1850.00000000 1846.00000000 1856.50000000 1840.50000000 10008665.50000000 5412.00000000
1502348400000 1502355540000 1864.00000000 1850.00000000 1872.50000000 1840.50000000 30234071.50000000 16237.00000000
1502283600000 1502293560000 1850.00000000 1835.50000000 1879.00000000 1831.50000000 148685593.00000000 80378.00000000
1502269200000 1502283540000 1876.50000000 1850.00000000 1915.00000000 1845.00000000 124983845.50000000 66304.00000000
1502262000000 1502269140000 1794.50000000 1875.50000000 1883.50000000 1760.00000000 133352505.00000000 72042.00000000
1502197200000 1502207160000 1810.50000000 1792.50000000 1811.50000000 1765.50000000 37425474.00000000 20980.00000000
1502182800000 1502197140000 1803.50000000 1811.50000000 1818.00000000 1802.00000000 21830454.50000000 12047.00000000
1502175600000 1502182560000 1817.00000000 1803.50000000 1817.00000000 1793.00000000 13130690.00000000 7277.00000000
1502110800000 1502121000000 1802.00000000 1795.50000000 1811.50000000 1786.50000000 47462265.50000000 26367.00000000
1502096400000 1502110740000 1782.50000000 1800.00000000 1805.50000000 1780.00000000 37855443.50000000 21088.00000000
1502089200000 1502096040000 1770.50000000 1784.00000000 1789.00000000 1770.50000000 9181833.50000000 5157.00000000
1501851660000 1501861560000 1769.50000000 1770.50000000 1779.00000000 1755.00000000 32786267.50000000 18539.00000000
1501837260000 1501851480000 1764.50000000 1769.00000000 1779.50000000 1759.00000000 23412071.50000000 13219.00000000
1501830000000 1501837140000 1751.00000000 1769.50000000 1772.50000000 1732.50000000 18083917.50000000 10312.00000000
1501765260000 1501775280000 1739.00000000 1744.00000000 1757.00000000 1724.50000000 44504787.00000000 25585.00000000
1501750860000 1501765140000 1735.00000000 1735.50000000 1740.00000000 1721.00000000 12700654.00000000 7330.00000000
1501743600000 1501750680000 1710.00000000 1731.00000000 1740.00000000 1710.00000000 13963472.50000000 8058.00000000
1501678800000 1501688760000 1756.50000000 1719.00000000 1766.00000000 1708.00000000 57196018.00000000 33054.00000000
1501664400000 1501678560000 1764.00000000 1759.50000000 1765.00000000 1753.50000000 5064041.50000000 2879.00000000
1501657320000 1501664220000 1756.00000000 1764.50000000 1767.00000000 1750.00000000 3549419.50000000 2016.00000000
1501592400000 1501602000000 1750.50000000 1746.50000000 1773.00000000 1739.50000000 35052563.00000000 19972.00000000
1501578000000 1501592220000 1756.00000000 1752.00000000 1761.00000000 1750.00000000 11395364.50000000 6490.00000000
1501570860000 1501577820000 1758.00000000 1755.50000000 1785.00000000 1742.50000000 17178197.50000000 9772.00000000
1501506000000 1501515960000 1779.00000000 1743.00000000 1786.50000000 1743.00000000 23018899.00000000 13087.00000000
1501491600000 1501505880000 1770.50000000 1781.00000000 1787.00000000 1767.50000000 8830185.50000000 4962.00000000
1501484400000 1501491540000 1764.00000000 1772.50000000 1787.00000000 1760.00000000 17211920.00000000 9707.00000000
1501246800000 1501256880000 1778.00000000 1754.50000000 1801.50000000 1735.00000000 162662805.00000000 92240.00000000
1501232400000 1501246740000 1830.00000000 1778.50000000 1833.50000000 1765.00000000 114597526.50000000 63825.00000000
1501225200000 1501232340000 1837.50000000 1830.00000000 1850.00000000 1825.00000000 38263480.00000000 20841.00000000
1501160460000 1501170540000 1902.50000000 1888.50000000 1923.50000000 1879.50000000 31053771.50000000 16356.00000000
1501146000000 1501160340000 1899.50000000 1902.50000000 1913.00000000 1891.00000000 16963308.00000000 8905.00000000
1501138800000 1501145820000 1900.00000000 1899.50000000 1909.00000000 1888.50000000 7861731.00000000 4152.00000000
1501074060000 1501084080000 1900.00000000 1899.50000000 1914.50000000 1893.00000000 27716201.00000000 14562.00000000
1501059600000 1501073940000 1900.00000000 1900.50000000 1903.50000000 1894.50000000 3626222.50000000 1910.00000000
1501052400000 1501059120000 1903.00000000 1901.00000000 1916.00000000 1891.50000000 9090129.50000000 4762.00000000
1500987600000 1500997740000 1898.00000000 1906.00000000 1915.50000000 1881.00000000 41033305.00000000 21618.00000000
1500973380000 1500987540000 1915.50000000 1898.00000000 1919.00000000 1896.00000000 15540507.50000000 8140.00000000
1500966000000 1500972600000 1925.00000000 1911.50000000 1927.00000000 1910.50000000 12947308.00000000 6747.00000000
1500901200000 1500911220000 1869.00000000 1916.00000000 1928.50000000 1861.50000000 73074447.00000000 38371.00000000
1500886920000 1500901020000 1859.00000000 1869.00000000 1880.00000000 1857.00000000 9398000.50000000 5021.00000000
1500879600000 1500886680000 1856.00000000 1859.00000000 1869.50000000 1856.00000000 5594415.00000000 3000.00000000
1500642840000 1500651600000 1850.00000000 1856.00000000 1862.50000000 1835.00000000 28844798.00000000 15548.00000000
1500627600000 1500641940000 1846.00000000 1850.50000000 1869.50000000 1843.00000000 19001475.00000000 10213.00000000
1500620400000 1500627420000 1840.00000000 1849.50000000 1849.50000000 1839.00000000 4466111.50000000 2418.00000000
1500556140000 1500565740000 1824.00000000 1845.00000000 1859.50000000 1821.00000000 36103559.50000000 19547.00000000
1500541200000 1500555180000 1823.50000000 1823.50000000 1842.00000000 1815.00000000 10543152.00000000 5772.00000000
1500534000000 1500541140000 1850.00000000 1825.50000000 1850.00000000 1822.00000000 9759461.00000000 5309.00000000
1500469320000 1500479280000 1873.00000000 1849.00000000 1902.00000000 1835.00000000 92660814.00000000 49911.00000000
1500454800000 1500469080000 1874.00000000 1876.50000000 1883.50000000 1858.00000000 26010227.00000000 13904.00000000
1500447600000 1500454740000 1879.00000000 1874.00000000 1879.00000000 1855.50000000 6738169.00000000 3605.00000000
1500382800000 1500392880000 1858.50000000 1867.00000000 1910.00000000 1851.00000000 68861888.50000000 36525.00000000
1500368460000 1500382740000 1879.00000000 1862.00000000 1885.50000000 1851.00000000 29143493.50000000 15598.00000000
1500361200000 1500368340000 1865.50000000 1880.00000000 1895.00000000 1865.50000000 23648235.00000000 12596.00000000
1500296400000 1500306360000 1847.00000000 1866.00000000 1889.50000000 1846.00000000 76270120.50000000 40740.00000000
1500282060000 1500296160000 1878.00000000 1846.00000000 1879.50000000 1846.00000000 18878170.00000000 10171.00000000
1500274800000 1500281940000 1865.00000000 1878.00000000 1889.50000000 1861.00000000 18363916.00000000 9786.00000000
1500037260000 1500047220000 1870.00000000 1867.00000000 1883.50000000 1842.00000000 112269681.50000000 60113.00000000
1500022800000 1500036960000 1866.50000000 1869.00000000 1885.00000000 1865.00000000 20956809.00000000 11178.00000000
1500015600000 1500022740000 1909.50000000 1865.50000000 1909.50000000 1865.50000000 37723227.50000000 20018.00000000
1499950800000 1499961000000 1944.00000000 1898.50000000 1965.00000000 1853.00000000 434682537.00000000 228728.00000000
1499936460000 1499950740000 1659.50000000 1942.50000000 2039.50000000 1650.50000000 776320049.00000000 400590.00000000
1499929200000 1499936220000 1640.00000000 1659.50000000 1660.00000000 1640.00000000 9676343.00000000 5840.00000000
1499864400000 1499874480000 1624.00000000 1632.00000000 1681.50000000 1615.00000000 31837655.50000000 19334.00000000
1499850060000 1499864280000 1615.00000000 1624.50000000 1630.00000000 1608.00000000 16102889.00000000 9946.00000000
1499842800000 1499849940000 1613.00000000 1613.00000000 1617.50000000 1601.00000000 3965457.50000000 2462.00000000
1499778000000 1499788200000 1596.00000000 1612.00000000 1612.00000000 1588.50000000 17783496.50000000 11082.00000000
1499763720000 1499777940000 1583.00000000 1596.00000000 1596.00000000 1579.50000000 4155018.00000000 2615.00000000
1499756460000 1499763420000 1604.00000000 1581.00000000 1616.00000000 1579.00000000 19086806.50000000 12027.00000000
1499691840000 1499701200000 1584.00000000 1594.00000000 1604.00000000 1580.00000000 23252823.50000000 14553.00000000
1499677260000 1499691420000 1598.50000000 1580.50000000 1598.50000000 1575.50000000 7024624.50000000 4430.00000000
1499670000000 1499677140000 1597.00000000 1598.50000000 1598.50000000 1568.00000000 10927622.50000000 6901.00000000
1499432460000 1499442000000 1584.50000000 1578.50000000 1592.00000000 1571.50000000 18542949.00000000 11715.00000000
1499418060000 1499432340000 1570.00000000 1584.50000000 1584.50000000 1564.00000000 7490709.50000000 4758.00000000
1499410860000 1499417700000 1574.50000000 1567.50000000 1574.50000000 1555.00000000 5236435.50000000 3347.00000000
1499346000000 1499355600000 1566.00000000 1564.00000000 1581.50000000 1559.50000000 29108374.50000000 18538.00000000
1499332440000 1499345940000 1559.50000000 1564.50000000 1571.50000000 1553.50000000 8379247.50000000 5359.00000000
1499324460000 1499331540000 1569.50000000 1560.50000000 1578.00000000 1550.50000000 9384929.50000000 6011.00000000
1499259840000 1499269560000 1568.00000000 1558.50000000 1578.00000000 1545.00000000 14431765.00000000 9267.00000000
1499245620000 1499259540000 1556.00000000 1568.50000000 1569.50000000 1555.50000000 3293258.00000000 2104.00000000
1499238180000 1499244960000 1570.50000000 1559.00000000 1578.50000000 1551.50000000 5815874.00000000 3724.00000000
1499173200000 1499182800000 1554.50000000 1566.50000000 1579.00000000 1554.50000000 8169468.50000000 5215.00000000
1499158920000 1499172180000 1552.00000000 1557.50000000 1557.50000000 1544.00000000 5216244.00000000 3363.00000000
1499151600000 1499158680000 1549.00000000 1545.00000000 1559.50000000 1543.50000000 2839334.00000000 1831.00000000
1499086860000 1499096400000 1552.50000000 1560.00000000 1570.00000000 1546.50000000 17025759.00000000 10906.00000000
1499072460000 1499086680000 1558.50000000 1554.50000000 1558.50000000 1538.50000000 8158935.50000000 5274.00000000
1499065260000 1499072220000 1553.00000000 1555.50000000 1564.50000000 1546.00000000 8551127.00000000 5488.00000000
1498827780000 1498837800000 1586.00000000 1536.00000000 1599.50000000 1532.50000000 62717961.00000000 40313.00000000
1498813500000 1498827000000 1589.00000000 1586.00000000 1604.50000000 1580.50000000 6288443.00000000 3952.00000000
1498806060000 1498813020000 1588.00000000 1590.50000000 1592.50000000 1575.00000000 4304434.50000000 2715.00000000
1498741200000 1498751340000 1629.00000000 1588.00000000 1630.50000000 1585.00000000 17491430.00000000 10822.00000000
1498726800000 1498741080000 1631.50000000 1629.00000000 1634.50000000 1620.00000000 2178244.00000000 1339.00000000
1498719600000 1498726740000 1630.50000000 1633.00000000 1639.50000000 1630.00000000 15481161.00000000 9473.00000000
1498654800000 1498664760000 1603.00000000 1612.00000000 1633.00000000 1570.00000000 35698970.50000000 22251.00000000
1498640700000 1498654740000 1587.00000000 1603.00000000 1605.00000000 1585.50000000 7635681.00000000 4789.00000000
1498633260000 1498640280000 1582.50000000 1585.50000000 1589.50000000 1552.00000000 23039409.50000000 14570.00000000
1498568400000 1498578360000 1610.00000000 1582.50000000 1613.50000000 1580.50000000 29008249.50000000 18222.00000000
1498554120000 1498568220000 1598.50000000 1605.00000000 1614.50000000 1598.50000000 11921060.50000000 7422.00000000
1498546860000 1498552980000 1614.00000000 1598.00000000 1614.00000000 1593.50000000 4437863.50000000 2765.00000000
1498482000000 1498491960000 1635.50000000 1608.00000000 1642.00000000 1595.50000000 22244687.50000000 13747.00000000
1498467780000 1498481940000 1634.50000000 1635.00000000 1643.00000000 1630.50000000 4845548.00000000 2964.00000000
1498460460000 1498467420000 1629.50000000 1634.50000000 1641.50000000 1627.50000000 7258011.00000000 4443.00000000
1498223040000 1498232820000 1621.00000000 1616.50000000 1628.50000000 1575.00000000 35299787.00000000 21946.00000000
1498208640000 1498222500000 1620.50000000 1627.00000000 1629.50000000 1614.00000000 7750393.00000000 4781.00000000
1498201260000 1498208160000 1611.50000000 1624.00000000 1624.50000000 1601.00000000 6769528.50000000 4212.00000000
1498136400000 1498146360000 1634.50000000 1618.00000000 1639.50000000 1600.00000000 50817466.00000000 31318.00000000
1498122060000 1498136280000 1606.00000000 1634.50000000 1640.50000000 1600.00000000 40396086.00000000 24912.00000000
1498114860000 1498121940000 1595.00000000 1607.50000000 1611.00000000 1595.00000000 11717832.00000000 7306.00000000
1498050060000 1498059600000 1565.50000000 1585.00000000 1605.00000000 1563.50000000 24452677.00000000 15388.00000000
1498035600000 1498049940000 1558.00000000 1566.00000000 1569.50000000 1555.50000000 3270374.00000000 2094.00000000
1498028460000 1498035120000 1554.00000000 1563.50000000 1568.50000000 1548.50000000 5914378.50000000 3804.00000000
1497963660000 1497973740000 1559.00000000 1554.00000000 1571.50000000 1544.50000000 10877822.50000000 6994.00000000
1497949380000 1497963480000 1561.50000000 1555.50000000 1574.00000000 1546.00000000 13091227.50000000 8408.00000000
1497942000000 1497948780000 1548.50000000 1559.00000000 1580.00000000 1548.50000000 9016811.50000000 5767.00000000
1497877260000 1497887340000 1475.50000000 1541.00000000 1549.50000000 1475.50000000 51921838.50000000 34011.00000000
1497862860000 1497877140000 1489.00000000 1475.50000000 1497.00000000 1475.50000000 9953389.50000000 6714.00000000
1497855600000 1497862560000 1475.00000000 1489.00000000 1489.00000000 1466.50000000 5173872.00000000 3507.00000000
1497618060000 1497628080000 1488.00000000 1464.50000000 1493.00000000 1460.50000000 19411623.50000000 13174.00000000
1497603660000 1497617820000 1506.50000000 1485.00000000 1506.50000000 1484.00000000 10359280.50000000 6929.00000000
1497596640000 1497603180000 1503.00000000 1504.50000000 1508.50000000 1495.50000000 4785679.50000000 3179.00000000
1497531600000 1497541560000 1457.50000000 1495.50000000 1502.00000000 1441.00000000 65298617.00000000 44477.00000000
1497517200000 1497531540000 1454.50000000 1460.00000000 1465.00000000 1430.00000000 240486700.00000000 165924.00000000
1497510060000 1497517020000 1461.50000000 1455.00000000 1477.50000000 1451.00000000 8930813.50000000 6111.00000000
1497445260000 1497455160000 1488.00000000 1482.50000000 1510.50000000 1474.00000000 41588343.00000000 27858.00000000
1497430920000 1497445140000 1489.50000000 1488.00000000 1490.00000000 1485.50000000 6897650.00000000 4638.00000000
1497423660000 1497430740000 1490.50000000 1490.00000000 1499.00000000 1487.00000000 8079609.00000000 5418.00000000
1497358920000 1497368940000 1491.50000000 1480.00000000 1494.50000000 1467.00000000 59775838.50000000 40391.00000000
1497344700000 1497358620000 1498.50000000 1491.50000000 1498.50000000 1488.00000000 5063037.50000000 3396.00000000
1497337200000 1497344340000 1491.00000000 1498.50000000 1506.00000000 1475.50000000 11723604.00000000 7879.00000000
1497013200000 1497022800000 1532.00000000 1541.50000000 1548.00000000 1528.50000000 15321410.00000000 9987.00000000
1496998860000 1497013140000 1529.50000000 1532.00000000 1535.00000000 1522.00000000 6041276.50000000 3951.00000000
1496991900000 1496998560000 1523.50000000 1529.00000000 1535.00000000 1520.50000000 2127797.50000000 1393.00000000
1496926920000 1496936400000 1520.50000000 1521.50000000 1529.50000000 1513.00000000 28414156.50000000 18737.00000000
1496912400000 1496926500000 1522.50000000 1521.00000000 1534.50000000 1520.50000000 2330901.00000000 1525.00000000
1496905260000 1496912220000 1526.00000000 1522.50000000 1535.50000000 1516.00000000 2320841.00000000 1520.00000000
1496840820000 1496850000000 1524.00000000 1526.00000000 1540.00000000 1519.50000000 20372596.50000000 13323.00000000
1496826240000 1496840160000 1529.50000000 1527.00000000 1530.00000000 1516.00000000 3043797.50000000 1998.00000000
1496818860000 1496825760000 1539.50000000 1529.00000000 1539.50000000 1525.50000000 4488382.00000000 2926.00000000
1496754420000 1496764020000 1539.50000000 1524.50000000 1540.00000000 1522.50000000 18093965.50000000 11832.00000000
1496739600000 1496753880000 1542.00000000 1539.50000000 1545.00000000 1537.00000000 3904888.50000000 2531.00000000
1496732460000 1496739300000 1538.50000000 1544.50000000 1555.00000000 1527.50000000 9833031.50000000 6367.00000000
1496667660000 1496677200000 1500.00000000 1525.00000000 1535.00000000 1498.50000000 35753108.00000000 23505.00000000
1496653380000 1496667360000 1493.50000000 1500.50000000 1509.50000000 1490.50000000 34346399.00000000 22868.00000000
1496646000000 1496652900000 1494.00000000 1493.50000000 1495.00000000 1482.50000000 18476617.50000000 12397.00000000
1496408460000 1496418600000 1523.50000000 1478.00000000 1529.50000000 1474.50000000 69766776.50000000 46544.00000000
1496394240000 1496407800000 1529.00000000 1523.50000000 1531.00000000 1510.50000000 19872066.00000000 13055.00000000
1496386860000 1496393820000 1507.50000000 1529.00000000 1529.00000000 1500.50000000 4512847.50000000 2989.00000000
1496322000000 1496331600000 1492.50000000 1520.50000000 1527.50000000 1482.00000000 18537299.00000000 12306.00000000
1496307660000 1496321280000 1493.00000000 1491.50000000 1508.50000000 1490.50000000 5597040.00000000 3737.00000000
1496300400000 1496307540000 1485.50000000 1493.00000000 1519.50000000 1485.50000000 4405412.00000000 2926.00000000
1496235780000 1496245560000 1530.00000000 1505.00000000 1535.00000000 1497.50000000 48653451.50000000 32181.00000000
1496221200000 1496235240000 1530.00000000 1530.00000000 1534.50000000 1521.50000000 23895511.00000000 15634.00000000
1496214000000 1496221020000 1568.00000000 1527.50000000 1568.00000000 1525.00000000 17692908.50000000 11532.00000000
1496149200000 1496159160000 1558.50000000 1552.00000000 1576.50000000 1547.00000000 24272982.00000000 15580.00000000
1496134920000 1496149140000 1551.50000000 1558.50000000 1560.00000000 1551.00000000 6042985.00000000 3884.00000000
1496127660000 1496134740000 1565.00000000 1551.50000000 1565.00000000 1550.00000000 7285240.50000000 4689.00000000
1496062800000 1496072760000 1568.00000000 1573.50000000 1573.50000000 1567.00000000 5625165.00000000 3584.00000000
1496048940000 1496062500000 1566.50000000 1567.00000000 1574.00000000 1566.00000000 6526778.00000000 4161.00000000
1496041200000 1496048280000 1565.00000000 1566.00000000 1583.50000000 1565.00000000 3213255.00000000 2044.00000000
1495803600000 1495813560000 1585.00000000 1568.00000000 1589.00000000 1565.50000000 13062709.50000000 8270.00000000
1495789320000 1495803540000 1576.00000000 1585.00000000 1585.00000000 1571.50000000 4019154.50000000 2547.00000000
1495782000000 1495789020000 1590.00000000 1577.50000000 1590.00000000 1567.00000000 4239724.50000000 2696.00000000
1495717320000 1495727160000 1619.00000000 1584.00000000 1619.50000000 1575.50000000 17191853.00000000 10772.00000000
1495702860000 1495717080000 1613.00000000 1619.50000000 1620.00000000 1605.50000000 4167902.50000000 2581.00000000
1495695600000 1495702680000 1600.50000000 1609.00000000 1620.50000000 1600.50000000 10533382.00000000 6534.00000000
1495631220000 1495640760000 1602.00000000 1611.00000000 1617.50000000 1601.00000000 10948190.50000000 6812.00000000
1495616400000 1495629720000 1607.50000000 1602.50000000 1607.50000000 1595.50000000 2968076.00000000 1854.00000000
1495609260000 1495616280000 1618.50000000 1605.00000000 1619.50000000 1600.50000000 3158083.00000000 1958.00000000
1495544640000 1495554360000 1622.00000000 1611.50000000 1630.00000000 1593.00000000 57741298.50000000 35793.00000000
1495530240000 1495544220000 1615.50000000 1625.50000000 1629.50000000 1610.50000000 12055867.00000000 7436.00000000
1495522800000 1495529700000 1618.00000000 1610.50000000 1618.00000000 1603.00000000 4491659.50000000 2786.00000000
1495458060000 1495468140000 1605.50000000 1608.00000000 1624.00000000 1595.50000000 39807946.00000000 24757.00000000
1495443600000 1495457820000 1609.50000000 1605.50000000 1614.00000000 1601.00000000 2254470.00000000 1404.00000000
1495436460000 1495443420000 1618.00000000 1614.50000000 1618.00000000 1600.00000000 10257788.00000000 6395.00000000
1495199040000 1495208400000 1579.50000000 1614.50000000 1634.00000000 1579.50000000 68686682.50000000 42637.00000000
1495184400000 1495198560000 1594.00000000 1581.00000000 1594.00000000 1565.00000000 23049059.50000000 14580.00000000
1495177200000 1495184160000 1581.00000000 1594.50000000 1594.50000000 1570.50000000 16231850.50000000 10261.00000000
1495112700000 1495122360000 1581.50000000 1565.00000000 1582.00000000 1550.00000000 73226587.00000000 46684.00000000
1495098000000 1495112280000 1588.00000000 1581.00000000 1590.00000000 1573.50000000 35684447.00000000 22569.00000000
1495090800000 1495097940000 1589.50000000 1588.50000000 1599.50000000 1580.50000000 23366634.50000000 14697.00000000
1495026180000 1495036020000 1623.50000000 1608.00000000 1633.00000000 1601.50000000 40043717.00000000 24773.00000000
1495011600000 1495025820000 1618.00000000 1620.50000000 1625.00000000 1615.00000000 10790083.50000000 6669.00000000
1495004400000 1495011300000 1625.00000000 1615.50000000 1625.00000000 1613.00000000 10982509.50000000 6787.00000000
1494939600000 1494949560000 1588.50000000 1611.00000000 1629.00000000 1587.50000000 50718339.00000000 31490.00000000
1494925200000 1494939300000 1618.00000000 1593.50000000 1618.50000000 1565.50000000 58250842.50000000 36643.00000000
1494918120000 1494925140000 1619.00000000 1618.50000000 1648.00000000 1618.50000000 24580587.50000000 15113.00000000
1494854340000 1494863220000 1596.00000000 1619.00000000 1639.50000000 1595.50000000 75952035.50000000 46924.00000000
1494838800000 1494852780000 1606.00000000 1598.50000000 1614.50000000 1595.50000000 21759282.00000000 13591.00000000
1494831600000 1494838500000 1601.00000000 1608.00000000 1640.50000000 1596.00000000 23291663.50000000 14523.00000000
1494594000000 1494604140000 1564.00000000 1592.00000000 1592.00000000 1560.00000000 93633016.00000000 59416.00000000
1494579600000 1494593880000 1563.00000000 1564.00000000 1565.00000000 1551.00000000 21006039.50000000 13507.00000000
1494572520000 1494579540000 1575.00000000 1563.00000000 1595.00000000 1563.00000000 13415361.50000000 8471.00000000
1494507600000 1494517560000 1608.00000000 1562.50000000 1612.50000000 1554.00000000 57584412.00000000 36501.00000000
1494493200000 1494507540000 1630.00000000 1607.00000000 1630.50000000 1601.50000000 11295447.00000000 6987.00000000
1494486000000 1494493140000 1589.50000000 1624.00000000 1667.50000000 1582.50000000 69956499.00000000 42969.00000000
1494421260000 1494431340000 1593.50000000 1590.00000000 1601.00000000 1586.50000000 34080963.50000000 21368.00000000
1494406860000 1494421140000 1587.00000000 1593.50000000 1594.50000000 1582.00000000 7886434.00000000 4967.00000000
1494399660000 1494406560000 1577.00000000 1587.00000000 1599.00000000 1576.50000000 10664726.50000000 6712.00000000
1493989200000 1493999340000 1560.50000000 1570.00000000 1589.00000000 1559.50000000 23212406.50000000 14730.00000000
1493974800000 1493989080000 1567.00000000 1562.00000000 1569.50000000 1551.50000000 8205901.00000000 5259.00000000
1493967660000 1493974740000 1553.00000000 1566.50000000 1579.00000000 1553.00000000 3563976.00000000 2276.00000000
1493902800000 1493912940000 1556.00000000 1581.00000000 1589.00000000 1545.50000000 74252183.00000000 47309.00000000
1493888520000 1493902200000 1562.50000000 1556.50000000 1565.00000000 1548.00000000 23605980.50000000 15195.00000000
1493881260000 1493888220000 1548.50000000 1562.50000000 1564.00000000 1538.00000000 33437228.00000000 21594.00000000
1493816460000 1493826360000 1513.50000000 1528.00000000 1558.50000000 1513.50000000 88745090.00000000 57748.00000000
1493802000000 1493816340000 1515.50000000 1513.50000000 1524.00000000 1506.00000000 15520037.50000000 10260.00000000
1493794800000 1493801880000 1549.00000000 1515.50000000 1557.50000000 1500.50000000 27746624.50000000 18259.00000000
1493730000000 1493740020000 1579.50000000 1549.00000000 1580.50000000 1545.00000000 25691663.50000000 16475.00000000
1493715660000 1493729880000 1574.50000000 1576.50000000 1590.00000000 1574.50000000 11148974.00000000 7041.00000000
1493708400000 1493715540000 1552.50000000 1575.00000000 1582.00000000 1552.50000000 34830750.50000000 22163.00000000
1493384580000 1493394360000 1554.00000000 1534.50000000 1554.00000000 1502.00000000 43952649.50000000 28646.00000000
1493370060000 1493384340000 1548.50000000 1554.00000000 1558.00000000 1540.50000000 24901595.50000000 16101.00000000
1493362800000 1493369940000 1530.50000000 1548.00000000 1569.00000000 1530.50000000 35841918.50000000 23096.00000000
1493298000000 1493308080000 1479.00000000 1520.00000000 1537.00000000 1443.00000000 231075569.00000000 153828.00000000
1493283720000 1493297940000 1411.50000000 1479.00000000 1495.50000000 1410.00000000 176675433.50000000 120989.00000000
1493276460000 1493283540000 1410.00000000 1411.50000000 1418.00000000 1405.50000000 22080024.50000000 15629.00000000
1493211600000 1493221620000 1366.50000000 1404.00000000 1423.00000000 1364.00000000 99830261.00000000 71295.00000000
1493197560000 1493211540000 1348.00000000 1367.50000000 1373.00000000 1346.50000000 40085886.50000000 29505.00000000
1493190000000 1493196720000 1344.00000000 1346.50000000 1361.50000000 1337.50000000 25415231.00000000 18770.00000000
1493125440000 1493135160000 1325.00000000 1338.00000000 1338.50000000 1310.50000000 29814573.50000000 22465.00000000
1493110860000 1493125140000 1315.50000000 1323.50000000 1328.00000000 1313.50000000 3823149.00000000 2893.00000000
1493103960000 1493110740000 1315.00000000 1313.50000000 1323.00000000 1305.50000000 3662315.00000000 2794.00000000
1493039160000 1493048760000 1321.50000000 1317.00000000 1325.50000000 1307.00000000 39314074.00000000 29886.00000000
1493024640000 1493038740000 1331.50000000 1320.00000000 1332.00000000 1314.00000000 16178296.00000000 12233.00000000
1493017200000 1493024280000 1315.50000000 1331.00000000 1335.00000000 1315.50000000 17470625.50000000 13153.00000000
1492779660000 1492789560000 1329.00000000 1310.00000000 1329.00000000 1307.00000000 16174591.00000000 12288.00000000
1492765200000 1492779180000 1334.00000000 1332.50000000 1334.50000000 1322.00000000 5337515.00000000 4013.00000000
1492758060000 1492765140000 1328.00000000 1334.00000000 1335.00000000 1310.50000000 11123014.00000000 8391.00000000
1492693200000 1492703160000 1329.00000000 1328.00000000 1340.00000000 1316.00000000 9845027.00000000 7408.00000000
1492678800000 1492693020000 1319.00000000 1326.00000000 1329.50000000 1312.00000000 10939342.00000000 8301.00000000
1492671600000 1492678560000 1321.50000000 1319.50000000 1326.50000000 1310.00000000 2187026.50000000 1659.00000000
1492606860000 1492616400000 1344.50000000 1329.50000000 1355.00000000 1326.00000000 11084587.00000000 8282.00000000
1492592400000 1492605300000 1349.50000000 1341.50000000 1350.00000000 1340.50000000 3778517.00000000 2805.00000000
1492585260000 1492592160000 1337.50000000 1347.00000000 1350.00000000 1326.00000000 7268474.50000000 5432.00000000
1492520460000 1492530540000 1340.50000000 1336.50000000 1354.00000000 1333.00000000 10657705.00000000 7945.00000000
1492506000000 1492520340000 1350.00000000 1344.00000000 1352.50000000 1331.00000000 9272000.50000000 6916.00000000
1492498800000 1492505820000 1370.00000000 1350.50000000 1370.00000000 1340.50000000 10020039.00000000 7412.00000000
1492434120000 1492444200000 1289.50000000 1367.50000000 1368.00000000 1283.50000000 62789773.50000000 46748.00000000
1492419600000 1492433700000 1279.50000000 1289.50000000 1295.00000000 1266.50000000 13265063.50000000 10307.00000000
1492412460000 1492419480000 1266.50000000 1279.50000000 1279.50000000 1256.00000000 2752025.00000000 2167.00000000
1492175100000 1492184760000 1272.50000000 1268.50000000 1276.00000000 1266.00000000 2533516.50000000 1999.00000000
1492160460000 1492174500000 1279.50000000 1276.50000000 1285.50000000 1272.00000000 1457582.00000000 1143.00000000
1492153260000 1492160280000 1270.50000000 1280.00000000 1291.50000000 1270.00000000 1825130.00000000 1428.00000000
1492088400000 1492098540000 1276.50000000 1289.00000000 1291.50000000 1271.00000000 10258088.00000000 7984.00000000
1492074000000 1492088280000 1276.00000000 1274.50000000 1294.50000000 1274.50000000 14588333.00000000 11360.00000000
1492066800000 1492073880000 1298.00000000 1276.50000000 1298.00000000 1265.00000000 10520101.00000000 8244.00000000
1492002060000 1492012140000 1262.50000000 1284.00000000 1293.00000000 1255.00000000 36344605.50000000 28410.00000000
1491987720000 1492001760000 1265.00000000 1260.50000000 1267.00000000 1256.50000000 4902061.00000000 3887.00000000
1491980400000 1491987420000 1257.00000000 1263.00000000 1277.00000000 1253.50000000 7810928.50000000 6191.00000000
1491915720000 1491925200000 1248.50000000 1251.00000000 1254.00000000 1238.00000000 19190664.00000000 15398.00000000
1491901200000 1491915420000 1243.50000000 1248.00000000 1257.00000000 1243.50000000 9568019.50000000 7640.00000000
1491894000000 1491901080000 1230.00000000 1246.00000000 1249.50000000 1230.00000000 9389455.50000000 7539.00000000
1491829200000 1491839280000 1230.50000000 1249.50000000 1250.00000000 1225.50000000 16326754.00000000 13140.00000000
1491814800000 1491828600000 1232.00000000 1231.00000000 1235.50000000 1225.00000000 7311279.00000000 5950.00000000
1491807660000 1491814740000 1260.00000000 1231.00000000 1260.00000000 1230.50000000 11246928.00000000 9057.00000000
1491570000000 1491580140000 1283.50000000 1260.00000000 1284.00000000 1240.50000000 44046484.50000000 35003.00000000
1491555900000 1491569880000 1274.00000000 1284.00000000 1284.00000000 1262.00000000 12098797.50000000 9526.00000000
1491548400000 1491555480000 1286.00000000 1274.00000000 1290.00000000 1268.00000000 7333778.50000000 5749.00000000
1491483660000 1491493800000 1284.50000000 1289.00000000 1304.50000000 1279.50000000 22825869.00000000 17683.00000000
1491469200000 1491483360000 1288.00000000 1284.50000000 1288.00000000 1280.50000000 2469356.50000000 1924.00000000
1491462000000 1491469080000 1281.00000000 1288.00000000 1299.50000000 1279.00000000 7843328.50000000 6104.00000000
1491397260000 1491407160000 1260.00000000 1298.00000000 1298.00000000 1250.50000000 57885026.00000000 45245.00000000
1491382800000 1491397080000 1247.50000000 1260.50000000 1264.50000000 1244.00000000 23130915.50000000 18438.00000000
1491375660000 1491382740000 1237.50000000 1246.00000000 1246.50000000 1236.50000000 4228639.00000000 3401.00000000
1491310800000 1491320940000 1247.50000000 1239.00000000 1247.50000000 1234.00000000 10121227.00000000 8170.00000000
1491296520000 1491310680000 1242.50000000 1246.00000000 1258.00000000 1242.00000000 5368093.50000000 4300.00000000
1491289200000 1491295740000 1240.00000000 1244.00000000 1249.00000000 1237.50000000 1279565.50000000 1029.00000000
1491224400000 1491234600000 1243.00000000 1242.00000000 1259.50000000 1234.50000000 28801633.00000000 23068.00000000
1491210000000 1491224100000 1242.00000000 1243.00000000 1245.00000000 1237.00000000 2193086.00000000 1767.00000000
1491202860000 1491209820000 1232.00000000 1242.00000000 1247.50000000 1225.50000000 9398210.00000000 7606.00000000
1490965380000 1490975340000 1238.00000000 1245.50000000 1248.00000000 1233.50000000 6517856.00000000 5245.00000000
1490950920000 1490964960000 1233.00000000 1238.00000000 1248.00000000 1232.50000000 5811333.50000000 4688.00000000
1490943720000 1490950500000 1244.50000000 1233.00000000 1250.00000000 1231.00000000 5672873.00000000 4574.00000000
1490878920000 1490888880000 1256.50000000 1247.50000000 1277.50000000 1242.00000000 24135521.50000000 19281.00000000
1490864700000 1490878320000 1256.00000000 1257.00000000 1261.00000000 1250.50000000 7064900.50000000 5630.00000000
1490857260000 1490864340000 1262.50000000 1255.50000000 1271.50000000 1255.00000000 1875627.50000000 1488.00000000
1490792580000 1490802360000 1279.50000000 1262.00000000 1285.50000000 1255.50000000 13233022.50000000 10435.00000000
1490778060000 1490792340000 1292.00000000 1279.50000000 1295.00000000 1279.50000000 8574689.00000000 6644.00000000
1490770860000 1490777700000 1278.00000000 1290.00000000 1294.50000000 1278.00000000 12894266.00000000 9997.00000000
1490706000000 1490715600000 1274.00000000 1275.00000000 1280.00000000 1262.00000000 10056773.00000000 7897.00000000
1490691600000 1490705760000 1264.00000000 1273.50000000 1274.50000000 1264.00000000 4661245.50000000 3669.00000000
1490684460000 1490691300000 1262.00000000 1264.00000000 1272.50000000 1260.00000000 4171264.00000000 3297.00000000
1490619780000 1490629560000 1258.50000000 1261.00000000 1267.00000000 1238.00000000 17123375.50000000 13660.00000000
1490605440000 1490619540000 1263.00000000 1259.50000000 1264.50000000 1246.50000000 11276843.50000000 8994.00000000
1490598000000 1490605140000 1270.00000000 1263.00000000 1285.00000000 1252.50000000 13105872.50000000 10384.00000000
1490360580000 1490370000000 1283.00000000 1280.00000000 1287.00000000 1271.00000000 10630917.50000000 8293.00000000
1490346060000 1490359320000 1282.50000000 1283.00000000 1288.00000000 1281.50000000 2510390.00000000 1954.00000000
1490338860000 1490345580000 1290.00000000 1285.00000000 1294.00000000 1280.00000000 2896367.50000000 2245.00000000
1490274000000 1490284080000 1298.50000000 1288.00000000 1299.50000000 1278.50000000 10435109.00000000 8112.00000000
1490270820000 1490273520000 1300.50000000 1299.50000000 1302.00000000 1294.00000000 1104669.00000000 851.00000000
1490259840000 1490270700000 1295.00000000 1300.50000000 1303.00000000 1292.00000000 6302191.50000000 4856.00000000
1490252460000 1490259420000 1292.00000000 1292.50000000 1309.50000000 1292.00000000 5158765.00000000 3968.00000000
1490187600000 1490197740000 1292.50000000 1291.00000000 1297.00000000 1280.50000000 38233189.00000000 29678.00000000
1490173200000 1490187360000 1286.00000000 1291.00000000 1296.50000000 1285.50000000 28178994.00000000 21820.00000000
1490166000000 1490173080000 1294.00000000 1286.00000000 1295.00000000 1279.00000000 29299647.00000000 22767.00000000
1490101200000 1490111160000 1352.50000000 1311.00000000 1355.50000000 1309.00000000 33779758.50000000 25369.00000000
1490086800000 1490100480000 1354.50000000 1353.00000000 1359.50000000 1346.00000000 9315868.00000000 6881.00000000
1490079660000 1490086740000 1342.00000000 1357.50000000 1359.50000000 1341.00000000 12843506.00000000 9509.00000000
1490014980000 1490024400000 1346.50000000 1347.00000000 1357.00000000 1343.50000000 7043734.50000000 5220.00000000
1490000520000 1490014740000 1356.50000000 1344.00000000 1359.00000000 1340.00000000 4502237.50000000 3340.00000000
1489993200000 1490000220000 1359.50000000 1355.00000000 1360.00000000 1346.50000000 7279944.50000000 5365.00000000
1489755600000 1489765740000 1383.00000000 1354.00000000 1385.00000000 1351.50000000 14776680.50000000 10802.00000000
1489741260000 1489755480000 1375.50000000 1383.00000000 1396.50000000 1370.00000000 21328840.00000000 15406.00000000
1489734120000 1489741080000 1377.50000000 1378.00000000 1383.50000000 1366.50000000 6686813.50000000 4851.00000000
1489669200000 1489679340000 1340.00000000 1375.00000000 1390.00000000 1336.50000000 39499250.50000000 28738.00000000
1489655580000 1489669140000 1344.50000000 1340.00000000 1360.00000000 1327.00000000 41154665.50000000 30751.00000000
1489647660000 1489654140000 1351.50000000 1343.00000000 1364.00000000 1340.50000000 7219363.00000000 5334.00000000
1489582800000 1489593000000 1357.00000000 1341.00000000 1359.50000000 1329.00000000 22624958.00000000 16849.00000000
1489568460000 1489582740000 1370.00000000 1357.00000000 1374.50000000 1357.00000000 6049538.00000000 4431.00000000
1489561260000 1489568040000 1369.00000000 1370.00000000 1374.50000000 1357.50000000 11223896.00000000 8194.00000000
1489496400000 1489506540000 1362.00000000 1357.00000000 1374.50000000 1354.00000000 21453718.00000000 15780.00000000
1489482060000 1489496160000 1377.50000000 1364.50000000 1377.50000000 1355.50000000 16705345.00000000 12229.00000000
1489474860000 1489481760000 1378.50000000 1377.50000000 1379.50000000 1369.50000000 8065939.50000000 5866.00000000
1489410000000 1489419960000 1372.00000000 1366.50000000 1377.50000000 1352.50000000 10986095.50000000 8022.00000000
1489395600000 1489409940000 1358.50000000 1372.00000000 1372.00000000 1356.50000000 5074028.50000000 3718.00000000
1489388400000 1489395480000 1350.50000000 1358.00000000 1364.50000000 1350.50000000 4171892.50000000 3067.00000000
1489151040000 1489160940000 1352.50000000 1360.00000000 1365.00000000 1338.00000000 13908090.50000000 10264.00000000
1489136400000 1489150500000 1345.50000000 1351.50000000 1355.00000000 1335.50000000 14227419.00000000 10588.00000000
1489129200000 1489136340000 1361.00000000 1347.00000000 1361.00000000 1337.50000000 7647952.50000000 5672.00000000
1489064460000 1489074540000 1362.00000000 1359.50000000 1373.00000000 1352.00000000 18710193.50000000 13682.00000000
1489050060000 1489064340000 1380.50000000 1362.00000000 1382.00000000 1357.00000000 29987922.00000000 21911.00000000
1489042800000 1489049880000 1370.50000000 1382.50000000 1389.00000000 1364.50000000 17522794.00000000 12740.00000000
1488891600000 1488901560000 1365.50000000 1364.00000000 1369.00000000 1349.00000000 6366662.00000000 4688.00000000
1488877200000 1488891540000 1363.00000000 1365.50000000 1369.00000000 1355.00000000 7903075.00000000 5795.00000000
1488870000000 1488877140000 1372.00000000 1361.00000000 1372.00000000 1360.50000000 4030107.00000000 2956.00000000
1488805260000 1488815340000 1362.00000000 1359.00000000 1370.00000000 1341.00000000 13998640.50000000 10352.00000000
1488790800000 1488804900000 1354.00000000 1362.50000000 1373.00000000 1350.50000000 12250799.50000000 9000.00000000
1488783600000 1488790560000 1370.00000000 1356.50000000 1374.50000000 1352.50000000 10737249.00000000 7895.00000000
1488546000000 1488555960000 1364.50000000 1370.00000000 1373.00000000 1359.50000000 12454951.00000000 9118.00000000
1488531600000 1488545940000 1358.00000000 1364.50000000 1365.00000000 1352.00000000 4327815.50000000 3185.00000000
1488524400000 1488531480000 1358.50000000 1360.00000000 1365.00000000 1351.50000000 6089000.50000000 4484.00000000
1488459840000 1488469800000 1345.50000000 1358.50000000 1369.50000000 1345.00000000 37565735.00000000 27634.00000000
1488445260000 1488459540000 1358.00000000 1341.00000000 1360.00000000 1335.50000000 21482019.50000000 15951.00000000
1488438000000 1488445080000 1358.50000000 1355.50000000 1365.00000000 1351.00000000 15046457.50000000 11099.00000000
1488373380000 1488383220000 1335.00000000 1334.00000000 1354.00000000 1313.00000000 55070112.50000000 41296.00000000
1488358800000 1488372960000 1328.00000000 1337.00000000 1339.50000000 1324.50000000 8337473.50000000 6255.00000000
1488351600000 1488358740000 1325.00000000 1330.00000000 1344.50000000 1303.50000000 18984049.00000000 14285.00000000
1488286800000 1488296760000 1334.50000000 1330.00000000 1345.00000000 1309.00000000 19321834.00000000 14501.00000000
1488272400000 1488286740000 1340.50000000 1334.50000000 1344.50000000 1334.50000000 6448725.50000000 4814.00000000
1488265320000 1488272340000 1343.50000000 1340.00000000 1354.00000000 1325.00000000 11018421.00000000 8238.00000000
1488200400000 1488210600000 1370.00000000 1354.00000000 1374.50000000 1334.50000000 16859514.50000000 12469.00000000
1488186000000 1488199920000 1372.50000000 1370.00000000 1379.50000000 1363.50000000 6597616.00000000 4806.00000000
1488178860000 1488185940000 1371.00000000 1372.50000000 1375.00000000 1363.00000000 5647700.50000000 4124.00000000
1487941560000 1487951280000 1369.50000000 1368.50000000 1378.00000000 1362.50000000 9505604.50000000 6924.00000000
1487926800000 1487941140000 1375.00000000 1364.00000000 1375.00000000 1356.00000000 5748366.50000000 4209.00000000
1487919600000 1487926740000 1380.00000000 1376.00000000 1381.00000000 1376.00000000 8475353.50000000 6144.00000000
1487768580000 1487778000000 1388.50000000 1399.00000000 1404.50000000 1380.50000000 46650478.00000000 33489.00000000
1487754120000 1487767980000 1393.00000000 1388.50000000 1394.00000000 1380.00000000 15128733.50000000 10920.00000000
1487746800000 1487753580000 1397.00000000 1392.50000000 1401.00000000 1390.50000000 7934439.00000000 5685.00000000
1487682120000 1487692200000 1419.50000000 1395.00000000 1428.50000000 1392.00000000 13417153.00000000 9521.00000000
1487667600000 1487681940000 1417.00000000 1419.00000000 1429.50000000 1415.50000000 10089492.50000000 7096.00000000
1487660460000 1487667480000 1423.00000000 1417.00000000 1424.50000000 1411.00000000 12806473.50000000 9047.00000000
1487595600000 1487605800000 1427.00000000 1425.00000000 1430.00000000 1420.00000000 10601655.00000000 7437.00000000
1487581260000 1487594940000 1429.50000000 1428.00000000 1432.50000000 1420.50000000 10280196.00000000 7219.00000000
1487574000000 1487581080000 1427.00000000 1429.50000000 1437.50000000 1420.00000000 10417767.00000000 7311.00000000
1487336400000 1487346600000 1404.50000000 1425.00000000 1436.50000000 1386.50000000 225094822.50000000 160199.00000000
1487322000000 1487336280000 1395.00000000 1404.50000000 1404.50000000 1387.50000000 45838185.50000000 32778.00000000
1487314860000 1487321940000 1400.00000000 1396.00000000 1411.00000000 1385.50000000 35300742.00000000 25212.00000000
1487250000000 1487260200000 1319.00000000 1401.00000000 1412.00000000 1317.00000000 121434747.50000000 88556.00000000
1487235600000 1487249880000 1337.00000000 1319.50000000 1346.00000000 1312.00000000 19345745.50000000 14493.00000000
1487228400000 1487235540000 1335.50000000 1337.00000000 1344.00000000 1319.00000000 12700846.50000000 9541.00000000
1487163600000 1487173560000 1332.50000000 1316.00000000 1334.50000000 1310.50000000 13425426.50000000 10175.00000000
1487149200000 1487163540000 1295.00000000 1331.50000000 1336.00000000 1295.00000000 22141493.50000000 16822.00000000
1487142000000 1487149140000 1316.50000000 1296.00000000 1316.50000000 1263.00000000 20045566.50000000 15534.00000000
1487077200000 1487087160000 1334.50000000 1312.00000000 1335.50000000 1304.00000000 37156717.00000000 28223.00000000
1487063460000 1487076780000 1334.00000000 1332.50000000 1336.00000000 1330.00000000 6589894.50000000 4947.00000000
1487055600000 1487062680000 1334.00000000 1336.50000000 1344.00000000 1330.00000000 4057470.00000000 3039.00000000
1486990800000 1487001000000 1355.50000000 1335.00000000 1355.50000000 1335.00000000 23197720.50000000 17312.00000000
1486976460000 1486990680000 1349.00000000 1355.50000000 1359.50000000 1341.00000000 12444456.50000000 9219.00000000
1486969260000 1486976340000 1357.00000000 1349.00000000 1358.50000000 1340.50000000 3640658.50000000 2700.00000000
1486731600000 1486741680000 1360.50000000 1345.00000000 1364.50000000 1332.00000000 15192094.50000000 11290.00000000
1486717260000 1486731480000 1350.00000000 1360.50000000 1362.50000000 1347.00000000 2471260.50000000 1823.00000000
1486710000000 1486716900000 1360.00000000 1347.50000000 1369.00000000 1345.50000000 4817021.50000000 3556.00000000
1486645260000 1486655340000 1351.50000000 1356.50000000 1364.00000000 1335.00000000 16651112.50000000 12275.00000000
1486630800000 1486645080000 1332.00000000 1355.00000000 1359.00000000 1332.00000000 19387546.50000000 14424.00000000
1486623600000 1486630740000 1363.00000000 1332.00000000 1365.00000000 1326.50000000 20592741.50000000 15274.00000000
1486558800000 1486568820000 1370.50000000 1350.00000000 1373.50000000 1345.00000000 29534124.00000000 21825.00000000
1486544580000 1486558620000 1370.50000000 1371.50000000 1380.50000000 1365.00000000 16099647.50000000 11746.00000000
1486537260000 1486544280000 1367.50000000 1366.50000000 1380.50000000 1366.50000000 3287643.00000000 2399.00000000
1486472580000 1486482420000 1381.50000000 1382.00000000 1383.50000000 1370.50000000 6758408.00000000 4908.00000000
1486458000000 1486472220000 1374.00000000 1382.50000000 1383.50000000 1365.50000000 6200613.00000000 4518.00000000
1486450800000 1486457940000 1358.00000000 1374.50000000 1388.00000000 1358.00000000 13669082.00000000 9914.00000000
1486386000000 1486396200000 1365.50000000 1357.50000000 1367.00000000 1346.50000000 14420863.50000000 10635.00000000
1486371960000 1486385880000 1368.00000000 1365.50000000 1371.00000000 1365.00000000 4491154.00000000 3286.00000000
1486364400000 1486371540000 1394.00000000 1366.50000000 1394.00000000 1365.50000000 9893355.50000000 7198.00000000
1486126980000 1486136760000 1393.50000000 1387.00000000 1399.00000000 1380.00000000 14346151.50000000 10305.00000000
1486112400000 1486126740000 1391.00000000 1393.00000000 1394.00000000 1390.00000000 5249027.50000000 3775.00000000
1486105200000 1486112220000 1370.50000000 1390.00000000 1395.00000000 1370.50000000 7426212.50000000 5342.00000000
1486040460000 1486050600000 1393.00000000 1370.00000000 1394.50000000 1365.50000000 31636911.50000000 22964.00000000
1486026120000 1486040160000 1387.00000000 1393.50000000 1407.50000000 1386.50000000 9866263.50000000 7084.00000000
1486018860000 1486025760000 1391.00000000 1389.00000000 1396.50000000 1385.50000000 4227765.00000000 3041.00000000
1485954000000 1485964020000 1392.50000000 1384.00000000 1407.50000000 1373.00000000 18385077.00000000 13218.00000000
1485939600000 1485953760000 1384.00000000 1393.00000000 1398.50000000 1383.50000000 9119603.50000000 6562.00000000
1485932400000 1485939540000 1380.00000000 1386.00000000 1394.50000000 1380.00000000 4087363.50000000 2953.00000000
1485867660000 1485877560000 1380.50000000 1379.00000000 1395.00000000 1376.50000000 8310961.00000000 5999.00000000
1485853200000 1485867540000 1384.00000000 1382.50000000 1387.50000000 1376.50000000 6470094.00000000 4690.00000000
1485846180000 1485853140000 1375.00000000 1384.50000000 1389.00000000 1375.00000000 5804024.50000000 4193.00000000
1485781440000 1485791400000 1415.00000000 1370.00000000 1416.00000000 1362.50000000 59561124.50000000 43245.00000000
1485766920000 1485780480000 1411.50000000 1414.00000000 1416.50000000 1405.00000000 4921590.00000000 3485.00000000
1485759660000 1485766080000 1408.50000000 1410.50000000 1417.00000000 1400.00000000 7421631.50000000 5269.00000000
1485522060000 1485532080000 1407.50000000 1418.50000000 1425.00000000 1401.50000000 30537096.50000000 21588.00000000
1485507600000 1485521880000 1399.50000000 1407.00000000 1415.00000000 1392.50000000 17981856.50000000 12779.00000000
1485500460000 1485507540000 1411.50000000 1396.50000000 1416.00000000 1391.00000000 13318248.00000000 9524.00000000
1485435600000 1485445560000 1422.00000000 1411.00000000 1424.50000000 1386.00000000 52103850.50000000 37092.00000000
1485421200000 1485435540000 1408.50000000 1422.00000000 1422.00000000 1406.00000000 38925038.50000000 27486.00000000
1485414000000 1485421140000 1394.00000000 1408.50000000 1410.00000000 1394.00000000 14555871.00000000 10374.00000000
1485349200000 1485359400000 1362.00000000 1381.00000000 1393.50000000 1362.00000000 67761421.50000000 49072.00000000
1485334860000 1485349080000 1362.50000000 1365.50000000 1370.00000000 1361.00000000 21932912.00000000 16047.00000000
1485327600000 1485334740000 1350.00000000 1361.00000000 1371.00000000 1350.00000000 20083672.00000000 14734.00000000
1485262800000 1485272880000 1312.00000000 1349.00000000 1350.00000000 1312.00000000 86681696.00000000 64792.00000000
1485248400000 1485262740000 1313.00000000 1312.00000000 1313.50000000 1308.50000000 3745849.50000000 2857.00000000
1485241200000 1485248280000 1301.50000000 1313.00000000 1314.00000000 1301.50000000 4401846.50000000 3366.00000000
1485177060000 1485186420000 1305.00000000 1295.00000000 1306.50000000 1288.00000000 15562859.00000000 12004.00000000
1485162060000 1485175800000 1306.50000000 1306.00000000 1310.00000000 1301.50000000 8010810.50000000 6131.00000000
1485154800000 1485161940000 1310.50000000 1306.50000000 1315.50000000 1302.50000000 4575129.00000000 3504.00000000
1484917440000 1484927400000 1318.00000000 1315.00000000 1320.00000000 1303.50000000 16781879.00000000 12766.00000000
1484902860000 1484917140000 1305.00000000 1317.50000000 1319.00000000 1303.00000000 9483617.00000000 7223.00000000
1484895600000 1484902620000 1315.00000000 1305.00000000 1317.00000000 1299.00000000 8304801.00000000 6364.00000000
1484830980000 1484841000000 1302.00000000 1307.00000000 1310.00000000 1301.00000000 8219903.00000000 6296.00000000
1484816400000 1484830680000 1304.00000000 1302.50000000 1312.00000000 1300.00000000 10717479.00000000 8201.00000000
1484809260000 1484816340000 1304.50000000 1304.50000000 1305.00000000 1293.50000000 5845129.50000000 4485.00000000
1484744700000 1484754540000 1301.00000000 1299.00000000 1310.00000000 1292.50000000 15089447.00000000 11607.00000000
1484730000000 1484744040000 1309.50000000 1303.00000000 1310.00000000 1298.00000000 6877629.50000000 5279.00000000
1484722800000 1484729760000 1296.00000000 1310.00000000 1312.00000000 1296.00000000 9495684.50000000 7258.00000000
1484658060000 1484668140000 1290.00000000 1303.00000000 1306.00000000 1285.00000000 14245274.00000000 10984.00000000
1484643600000 1484657820000 1291.50000000 1285.00000000 1299.50000000 1280.50000000 12174361.00000000 9455.00000000
1484636400000 1484643540000 1291.50000000 1292.00000000 1307.00000000 1288.50000000 9311400.50000000 7170.00000000
1484571720000 1484581740000 1296.50000000 1305.00000000 1310.00000000 1291.00000000 9228458.50000000 7070.00000000
1484557200000 1484571540000 1293.00000000 1297.50000000 1310.00000000 1290.50000000 9385045.00000000 7210.00000000
1484550060000 1484557080000 1284.50000000 1292.00000000 1293.50000000 1277.50000000 4292237.50000000 3341.00000000
1484312460000 1484322480000 1264.00000000 1286.50000000 1287.00000000 1259.00000000 12296587.50000000 9668.00000000
1484298060000 1484312220000 1278.00000000 1264.50000000 1279.50000000 1260.00000000 16242531.00000000 12826.00000000
1484290860000 1484297940000 1272.00000000 1279.50000000 1288.00000000 1261.00000000 12781589.50000000 10022.00000000
1484226240000 1484236200000 1285.00000000 1271.50000000 1285.00000000 1266.00000000 22274147.50000000 17486.00000000
1484211720000 1484225940000 1283.50000000 1285.00000000 1298.00000000 1282.00000000 29228383.00000000 22695.00000000
1484204400000 1484211540000 1293.50000000 1281.50000000 1293.50000000 1281.00000000 22214872.50000000 17219.00000000
1484139600000 1484149620000 1301.00000000 1299.00000000 1302.50000000 1290.50000000 19699187.50000000 15186.00000000
1484125200000 1484139540000 1298.50000000 1299.00000000 1307.50000000 1296.00000000 17980768.00000000 13820.00000000
1484118000000 1484125020000 1309.00000000 1297.50000000 1309.00000000 1292.00000000 27148125.50000000 20834.00000000
1484053260000 1484063400000 1326.50000000 1319.50000000 1328.50000000 1310.00000000 23171238.50000000 17591.00000000
1484038800000 1484053140000 1328.50000000 1327.50000000 1332.00000000 1311.50000000 18542007.50000000 14016.00000000
1484031600000 1484038740000 1321.50000000 1329.00000000 1330.00000000 1305.50000000 16033773.00000000 12142.00000000
1483966800000 1483976760000 1300.00000000 1317.00000000 1322.00000000 1294.50000000 45485065.00000000 34735.00000000
1483952400000 1483966440000 1302.00000000 1297.50000000 1303.00000000 1293.00000000 8949977.00000000 6894.00000000
1483945200000 1483952340000 1295.00000000 1302.00000000 1302.50000000 1288.50000000 32730251.50000000 25281.00000000
1483707660000 1483717560000 1276.50000000 1291.00000000 1295.00000000 1275.00000000 35493708.00000000 27574.00000000
1483693200000 1483707480000 1276.50000000 1276.00000000 1283.00000000 1266.00000000 14603987.50000000 11462.00000000
1483686000000 1483693140000 1290.00000000 1277.50000000 1295.00000000 1260.00000000 58738800.50000000 46104.00000000
1483621500000 1483631160000 1233.00000000 1252.00000000 1254.50000000 1212.00000000 63903342.50000000 51690.00000000
1483606800000 1483621020000 1244.50000000 1231.00000000 1247.50000000 1228.00000000 26446592.00000000 21386.00000000
1483599720000 1483606740000 1246.50000000 1245.00000000 1248.50000000 1239.00000000 4898860.00000000 3940.00000000
1483534860000 1483544400000 1240.00000000 1239.00000000 1256.50000000 1238.50000000 20059904.50000000 16059.00000000
1483520520000 1483534680000 1247.50000000 1240.50000000 1247.50000000 1235.50000000 12426240.50000000 10022.00000000
1483513200000 1483520040000 1247.50000000 1245.50000000 1250.00000000 1233.50000000 15327253.50000000 12306.00000000
1483448520000 1483458540000 1262.50000000 1241.00000000 1265.00000000 1235.00000000 70862976.50000000 56960.00000000
1483434000000 1483448280000 1259.00000000 1263.50000000 1269.50000000 1248.00000000 21105875.00000000 16738.00000000
1483426800000 1483433940000 1256.00000000 1258.00000000 1259.00000000 1246.00000000 3657517.00000000 2916.00000000
1483102980000 1483112940000 1250.50000000 1247.50000000 1252.50000000 1243.00000000 14446494.50000000 11575.00000000
1483088460000 1483102740000 1246.00000000 1252.00000000 1252.00000000 1243.00000000 7415374.00000000 5944.00000000
1483081260000 1483088220000 1240.00000000 1245.50000000 1247.50000000 1239.50000000 4737578.50000000 3806.00000000
1483016520000 1483026360000 1233.50000000 1241.00000000 1243.00000000 1231.00000000 13735091.50000000 11092.00000000
1483002000000 1483016280000 1220.00000000 1233.50000000 1234.00000000 1218.50000000 13952834.50000000 11368.00000000
1482994860000 1483001940000 1239.00000000 1221.00000000 1239.50000000 1216.50000000 6327828.50000000 5160.00000000
1482930060000 1482940020000 1241.50000000 1228.00000000 1247.00000000 1228.00000000 17701579.50000000 14316.00000000
1482915600000 1482929940000 1246.00000000 1241.50000000 1250.00000000 1238.00000000 15413294.50000000 12400.00000000
1482908400000 1482915540000 1237.00000000 1246.00000000 1248.00000000 1237.00000000 7863437.00000000 6330.00000000
1482843600000 1482853560000 1257.50000000 1237.00000000 1258.50000000 1235.50000000 31084082.00000000 25006.00000000
1482829320000 1482843480000 1250.00000000 1258.00000000 1258.50000000 1248.00000000 10965956.50000000 8749.00000000
1482822120000 1482829020000 1251.00000000 1250.00000000 1255.00000000 1245.50000000 3754669.50000000 3001.00000000
1482757560000 1482767160000 1249.00000000 1245.00000000 1251.00000000 1244.50000000 2916303.00000000 2338.00000000
1482742860000 1482757140000 1253.00000000 1249.00000000 1257.50000000 1247.00000000 18123747.50000000 14474.00000000
1482735660000 1482742440000 1252.00000000 1251.50000000 1255.00000000 1245.00000000 4884477.50000000 3907.00000000
1482498060000 1482507600000 1241.50000000 1252.00000000 1258.00000000 1236.50000000 29254603.00000000 23463.00000000
1482483720000 1482497760000 1254.00000000 1242.00000000 1254.00000000 1236.50000000 15923210.00000000 12810.00000000
1482476400000 1482483180000 1242.50000000 1253.00000000 1262.00000000 1242.50000000 1783406.00000000 1421.00000000
1482411720000 1482421200000 1246.00000000 1246.00000000 1253.00000000 1236.50000000 43518013.50000000 34981.00000000
1482397200000 1482411540000 1248.50000000 1245.50000000 1259.50000000 1243.50000000 41350896.50000000 33043.00000000
1482390060000 1482397140000 1246.00000000 1248.00000000 1254.00000000 1240.50000000 16054667.00000000 12877.00000000
1482325260000 1482335280000 1274.00000000 1245.00000000 1276.50000000 1244.00000000 21011447.50000000 16697.00000000
1482310800000 1482325020000 1273.50000000 1273.50000000 1281.00000000 1269.00000000 10797182.50000000 8467.00000000
1482303600000 1482310680000 1271.00000000 1273.00000000 1285.00000000 1270.50000000 37153073.50000000 29121.00000000
1482239040000 1482248940000 1243.00000000 1267.00000000 1267.00000000 1235.50000000 50401242.50000000 40249.00000000
1482224400000 1482238680000 1245.00000000 1243.00000000 1247.00000000 1239.50000000 20747878.00000000 16666.00000000
1482217320000 1482224340000 1259.50000000 1245.00000000 1262.50000000 1245.00000000 14315864.00000000 11480.00000000
1482152700000 1482162360000 1254.00000000 1255.00000000 1267.50000000 1245.00000000 50481243.50000000 40233.00000000
1482138000000 1482151860000 1257.00000000 1254.50000000 1260.00000000 1251.00000000 22973160.00000000 18308.00000000
1482130800000 1482137940000 1271.00000000 1257.00000000 1273.50000000 1252.00000000 12094862.50000000 9618.00000000
1481893320000 1481903340000 1296.50000000 1263.00000000 1298.00000000 1252.00000000 146201162.50000000 115745.00000000
1481878800000 1481892900000 1306.00000000 1295.00000000 1311.00000000 1281.50000000 25134252.50000000 19351.00000000
1481871600000 1481878740000 1274.50000000 1309.50000000 1309.50000000 1270.50000000 44345335.50000000 34398.00000000
1481806800000 1481816940000 1309.50000000 1292.00000000 1309.50000000 1285.00000000 38810516.00000000 29942.00000000
1481792400000 1481806740000 1285.50000000 1310.00000000 1310.00000000 1275.00000000 106361844.50000000 82413.00000000
1481785200000 1481792340000 1285.00000000 1285.50000000 1286.00000000 1266.50000000 22299757.00000000 17468.00000000
1481720400000 1481730360000 1260.00000000 1282.50000000 1287.50000000 1242.00000000 101712462.50000000 80124.00000000
1481706000000 1481720340000 1275.00000000 1260.00000000 1275.00000000 1253.00000000 24984820.00000000 19813.00000000
1481698800000 1481705880000 1279.00000000 1272.50000000 1290.00000000 1264.50000000 17776394.50000000 13914.00000000
1481634240000 1481643960000 1250.00000000 1277.00000000 1285.00000000 1246.00000000 75481222.00000000 59726.00000000
1481619600000 1481633820000 1248.50000000 1251.00000000 1252.50000000 1243.50000000 7725112.50000000 6186.00000000
1481612400000 1481619480000 1240.00000000 1248.50000000 1249.50000000 1235.50000000 4796837.00000000 3855.00000000
1481547600000 1481557200000 1240.00000000 1239.00000000 1253.00000000 1220.00000000 66115387.00000000 53557.00000000
1481533200000 1481547540000 1253.50000000 1240.00000000 1257.50000000 1230.50000000 57756297.50000000 46446.00000000
1481526060000 1481532840000 1245.50000000 1251.00000000 1260.00000000 1242.00000000 30775878.00000000 24597.00000000
1481288400000 1481298480000 1260.00000000 1248.00000000 1263.00000000 1241.00000000 16339025.50000000 13042.00000000
1481274000000 1481288100000 1262.50000000 1260.00000000 1266.50000000 1252.50000000 12872842.00000000 10219.00000000
1481266860000 1481273940000 1262.00000000 1263.00000000 1277.50000000 1253.00000000 9107203.00000000 7202.00000000
1481202060000 1481212080000 1248.50000000 1252.00000000 1261.50000000 1245.00000000 41442460.00000000 33067.00000000
1481187600000 1481201940000 1249.50000000 1249.00000000 1249.50000000 1242.50000000 18145238.00000000 14555.00000000
1481180400000 1481187540000 1249.00000000 1249.50000000 1254.00000000 1241.50000000 14789439.50000000 11854.00000000
1481115600000 1481125620000 1231.00000000 1243.00000000 1250.00000000 1216.50000000 24403635.00000000 19723.00000000
1481101200000 1481115540000 1234.00000000 1231.50000000 1243.50000000 1231.50000000 17095577.50000000 13811.00000000
1481094060000 1481100720000 1234.50000000 1235.00000000 1240.00000000 1225.50000000 9652324.50000000 7829.00000000
1481029320000 1481039280000 1213.00000000 1231.00000000 1241.00000000 1209.00000000 111597767.50000000 91224.00000000
1481014800000 1481028900000 1217.00000000 1214.00000000 1219.00000000 1211.00000000 47529075.00000000 39108.00000000
1481007600000 1481014740000 1215.00000000 1217.00000000 1219.00000000 1209.50000000 33664354.00000000 27701.00000000
1480942860000 1480952820000 1193.50000000 1199.00000000 1202.00000000 1186.00000000 79219804.00000000 66436.00000000
1480928400000 1480942680000 1193.50000000 1193.50000000 1195.50000000 1190.50000000 19948384.50000000 16722.00000000
1480921200000 1480928340000 1184.50000000 1194.00000000 1194.50000000 1182.50000000 48903295.00000000 41216.00000000
1480683600000 1480693800000 1202.50000000 1197.50000000 1213.00000000 1191.50000000 31905696.00000000 26531.00000000
1480669200000 1480683540000 1198.00000000 1200.00000000 1207.50000000 1195.00000000 38343989.00000000 31883.00000000
1480662000000 1480669020000 1195.50000000 1198.00000000 1198.50000000 1181.50000000 18148432.00000000 15195.00000000
1480597200000 1480607160000 1207.00000000 1217.00000000 1239.50000000 1206.50000000 101314238.00000000 82807.00000000
1480582800000 1480597020000 1209.00000000 1207.00000000 1214.50000000 1204.00000000 18247316.00000000 15107.00000000
1480575600000 1480582740000 1210.50000000 1209.00000000 1217.50000000 1209.00000000 13889540.50000000 11456.00000000
1480511100000 1480520760000 1203.00000000 1201.50000000 1211.00000000 1190.00000000 50946917.50000000 42409.00000000
1480496400000 1480510320000 1200.00000000 1201.50000000 1203.00000000 1195.50000000 22431649.00000000 18698.00000000
1480489260000 1480496340000 1216.00000000 1200.50000000 1219.50000000 1197.00000000 10848667.00000000 9009.00000000
1480424520000 1480434540000 1201.50000000 1215.00000000 1215.00000000 1195.00000000 26246119.00000000 21815.00000000
1480410060000 1480424280000 1210.50000000 1201.00000000 1213.00000000 1201.00000000 24333990.00000000 20204.00000000
1480402860000 1480409940000 1204.50000000 1211.00000000 1214.00000000 1200.50000000 8008519.00000000 6622.00000000
1480338000000 1480348200000 1214.00000000 1213.00000000 1214.50000000 1204.00000000 14856778.00000000 12283.00000000
1480323600000 1480337760000 1223.00000000 1214.00000000 1224.00000000 1205.50000000 33830941.50000000 27748.00000000
1480316400000 1480323540000 1222.50000000 1222.50000000 1233.50000000 1221.50000000 40747605.00000000 33310.00000000
1480078920000 1480089000000 1238.50000000 1221.50000000 1241.00000000 1221.00000000 25321786.00000000 20633.00000000
1480064460000 1480078500000 1229.00000000 1238.50000000 1238.50000000 1228.50000000 4198924.00000000 3405.00000000
1480057200000 1480064220000 1223.00000000 1228.50000000 1248.50000000 1223.00000000 31072705.00000000 24985.00000000
1479992460000 1480002420000 1230.00000000 1228.50000000 1234.00000000 1225.50000000 15477381.50000000 12613.00000000
1479978000000 1479992280000 1230.00000000 1230.00000000 1237.50000000 1228.00000000 5633459.00000000 4572.00000000
1479970800000 1479977760000 1230.00000000 1229.50000000 1240.00000000 1223.00000000 7465092.50000000 6042.00000000
1479906060000 1479916140000 1205.50000000 1228.00000000 1240.00000000 1198.50000000 79874580.50000000 65558.00000000
1479891600000 1479905940000 1201.00000000 1205.00000000 1210.00000000 1200.00000000 19285328.50000000 16003.00000000
1479884400000 1479891540000 1203.00000000 1200.50000000 1206.00000000 1197.00000000 24682965.00000000 20565.00000000
1479819600000 1479829740000 1195.50000000 1177.00000000 1197.00000000 1160.00000000 55851668.00000000 47527.00000000
1479805200000 1479819540000 1197.00000000 1195.50000000 1200.00000000 1193.50000000 8303209.50000000 6935.00000000
1479798000000 1479805140000 1200.00000000 1197.50000000 1200.00000000 1185.00000000 11944629.50000000 10000.00000000
1479733200000 1479743340000 1202.00000000 1201.00000000 1220.00000000 1197.00000000 22636241.00000000 18759.00000000
1479718860000 1479733020000 1192.00000000 1204.50000000 1205.00000000 1191.00000000 5330384.00000000 4448.00000000
1479711600000 1479718680000 1200.00000000 1192.00000000 1200.00000000 1190.50000000 4608304.00000000 3864.00000000
1479474300000 1479484200000 1179.00000000 1203.50000000 1203.50000000 1161.00000000 72715651.50000000 61424.00000000
1479459660000 1479473940000 1178.00000000 1178.00000000 1183.00000000 1175.50000000 23527582.00000000 19948.00000000
1479452460000 1479459540000 1159.00000000 1177.00000000 1184.50000000 1155.00000000 30409246.00000000 25890.00000000
1479387660000 1479397620000 1159.00000000 1150.00000000 1163.00000000 1143.00000000 75436009.00000000 65416.00000000
1479373320000 1479387480000 1159.00000000 1159.50000000 1163.00000000 1158.00000000 15208813.50000000 13099.00000000
1479366000000 1479372900000 1150.50000000 1159.00000000 1159.00000000 1150.50000000 25937921.00000000 22429.00000000
1479301260000 1479311340000 1187.50000000 1164.00000000 1189.50000000 1160.50000000 32543769.00000000 27771.00000000
1479287040000 1479301140000 1190.00000000 1188.00000000 1191.00000000 1177.50000000 33714466.50000000 28499.00000000
1479279600000 1479286740000 1172.00000000 1190.00000000 1192.00000000 1172.00000000 20418802.50000000 17304.00000000
1479214800000 1479224940000 1188.00000000 1170.00000000 1193.50000000 1168.50000000 48108248.00000000 40919.00000000
1479200400000 1479214740000 1187.00000000 1188.00000000 1192.00000000 1181.00000000 12997561.50000000 10952.00000000
1479193200000 1479200280000 1195.00000000 1187.00000000 1199.50000000 1184.00000000 16592717.50000000 13961.00000000
1479128400000 1479138600000 1220.50000000 1195.00000000 1224.00000000 1192.00000000 34039571.50000000 28346.00000000
1479114120000 1479128220000 1232.00000000 1220.00000000 1232.50000000 1220.00000000 5042901.50000000 4120.00000000
1479106800000 1479113760000 1225.00000000 1232.00000000 1238.50000000 1225.00000000 4949309.50000000 4019.00000000
1478869260000 1478879340000 1247.00000000 1225.00000000 1249.00000000 1201.00000000 51522385.50000000 42139.00000000
1478854800000 1478869140000 1265.50000000 1248.00000000 1269.50000000 1240.50000000 26118436.50000000 20817.00000000
1478847600000 1478854740000 1244.50000000 1265.00000000 1266.50000000 1244.50000000 12981079.50000000 10309.00000000
1478782920000 1478793000000 1285.50000000 1240.50000000 1307.00000000 1240.00000000 118288110.50000000 92394.00000000
1478768460000 1478782680000 1280.50000000 1284.00000000 1289.50000000 1279.00000000 27769055.50000000 21617.00000000
1478761200000 1478768340000 1241.50000000 1281.50000000 1285.00000000 1241.50000000 51003558.00000000 40270.00000000
1478696400000 1478706540000 1204.50000000 1234.00000000 1234.00000000 1200.00000000 35769154.00000000 29270.00000000
1478682000000 1478696340000 1194.00000000 1204.50000000 1205.00000000 1192.00000000 14662755.50000000 12210.00000000
1478674800000 1478681880000 1180.00000000 1195.50000000 1199.50000000 1155.50000000 21252889.00000000 17915.00000000
1478610540000 1478620200000 1200.00000000 1197.00000000 1204.50000000 1172.00000000 32943965.00000000 27814.00000000
1478595600000 1478609400000 1203.00000000 1200.50000000 1204.00000000 1197.50000000 4571222.50000000 3806.00000000
1478588400000 1478595420000 1190.00000000 1202.50000000 1221.00000000 1190.00000000 12419642.00000000 10319.00000000
1478523780000 1478533560000 1210.00000000 1196.00000000 1219.50000000 1195.00000000 22767748.50000000 18884.00000000
1478509380000 1478523540000 1195.00000000 1208.00000000 1211.00000000 1195.00000000 8109358.00000000 6719.00000000
1478502000000 1478509140000 1191.50000000 1195.50000000 1209.00000000 1191.50000000 5014309.00000000 4176.00000000
1478178060000 1478188140000 1207.00000000 1190.00000000 1207.50000000 1180.00000000 41530846.00000000 34862.00000000
1478163600000 1478177880000 1209.50000000 1208.50000000 1219.00000000 1206.00000000 10307223.00000000 8502.00000000
1478156460000 1478163480000 1210.00000000 1209.50000000 1224.00000000 1196.00000000 40808011.00000000 33783.00000000
1478091780000 1478101560000 1239.00000000 1212.00000000 1245.00000000 1209.00000000 41512643.00000000 33949.00000000
1478077200000 1478091540000 1242.50000000 1239.00000000 1242.50000000 1233.00000000 14935425.00000000 12080.00000000
1478070180000 1478077080000 1243.00000000 1243.00000000 1244.00000000 1238.00000000 6585522.00000000 5306.00000000
1478005260000 1478015340000 1245.50000000 1243.50000000 1256.00000000 1236.00000000 29244378.50000000 23523.00000000
1477990800000 1478005080000 1247.00000000 1248.50000000 1250.00000000 1231.50000000 13213396.50000000 10663.00000000
1477983660000 1477990740000 1259.50000000 1246.50000000 1264.00000000 1240.50000000 9958803.50000000 7969.00000000
1477918800000 1477928760000 1259.50000000 1256.00000000 1266.00000000 1238.00000000 37445225.50000000 29976.00000000
1477904400000 1477918680000 1257.00000000 1260.00000000 1264.50000000 1255.00000000 9429022.00000000 7493.00000000
1477897200000 1477904340000 1279.00000000 1257.00000000 1279.00000000 1257.00000000 12943238.00000000 10265.00000000
1477659660000 1477669800000 1273.50000000 1270.00000000 1287.50000000 1254.50000000 42744968.00000000 33621.00000000
1477645200000 1477659480000 1263.00000000 1275.50000000 1285.00000000 1263.00000000 32700718.50000000 25634.00000000
1477638000000 1477645080000 1271.00000000 1266.00000000 1271.00000000 1261.00000000 15511677.50000000 12231.00000000
1477573200000 1477583400000 1259.50000000 1261.00000000 1295.00000000 1248.00000000 102257815.00000000 80447.00000000
1477558800000 1477573140000 1208.50000000 1260.00000000 1264.50000000 1206.50000000 112776851.50000000 91125.00000000
1477551600000 1477558740000 1209.50000000 1210.50000000 1219.50000000 1199.00000000 13275950.50000000 11001.00000000
1477486800000 1477497000000 1227.50000000 1194.50000000 1228.50000000 1187.50000000 47961952.50000000 39959.00000000
1477472940000 1477486680000 1227.00000000 1226.00000000 1235.00000000 1220.00000000 7055800.50000000 5752.00000000
1477465200000 1477472280000 1225.00000000 1227.00000000 1239.50000000 1220.00000000 9166700.00000000 7476.00000000
1477400640000 1477410600000 1256.00000000 1222.50000000 1256.50000000 1222.50000000 35047663.50000000 28443.00000000
1477386060000 1477400280000 1240.50000000 1256.50000000 1262.00000000 1237.50000000 30726477.50000000 24510.00000000
1477378860000 1477385940000 1221.50000000 1242.00000000 1244.50000000 1213.50000000 6459640.00000000 5224.00000000
1477314000000 1477324140000 1248.00000000 1221.00000000 1249.00000000 1219.50000000 24476126.50000000 19949.00000000
1477299600000 1477313940000 1252.00000000 1246.00000000 1252.50000000 1240.00000000 6606338.50000000 5310.00000000
1477292760000 1477299300000 1235.00000000 1250.00000000 1267.50000000 1211.50000000 54045013.50000000 43527.00000000
1477054800000 1477064760000 1226.00000000 1213.50000000 1230.00000000 1212.50000000 10463611.00000000 8575.00000000
1477040400000 1477054740000 1223.00000000 1226.00000000 1230.50000000 1218.50000000 3200921.00000000 2615.00000000
1477033260000 1477040280000 1222.50000000 1223.00000000 1235.00000000 1220.50000000 4594335.50000000 3747.00000000
1476968760000 1476978540000 1240.00000000 1234.00000000 1242.00000000 1223.00000000 19736607.00000000 15980.00000000
1476954000000 1476968340000 1230.50000000 1242.00000000 1245.50000000 1230.50000000 6659380.00000000 5369.00000000
1476946860000 1476953940000 1244.00000000 1230.50000000 1245.00000000 1230.50000000 4559385.00000000 3681.00000000
1476882060000 1476892020000 1251.50000000 1238.50000000 1254.50000000 1232.50000000 22806799.50000000 18336.00000000
1476867840000 1476881940000 1248.50000000 1251.50000000 1255.50000000 1247.50000000 20034631.00000000 16004.00000000
1476860400000 1476867300000 1236.50000000 1249.50000000 1252.00000000 1236.50000000 12557590.50000000 10082.00000000
1476795780000 1476805800000 1211.00000000 1228.50000000 1237.50000000 1211.00000000 26420121.00000000 21513.00000000
1476781200000 1476795480000 1217.00000000 1211.00000000 1219.00000000 1209.50000000 11673039.00000000 9595.00000000
1476774000000 1476781140000 1194.00000000 1217.00000000 1219.50000000 1194.00000000 11324042.50000000 9363.00000000
1476709260000 1476719220000 1201.50000000 1186.00000000 1207.00000000 1181.00000000 39034047.00000000 32757.00000000
1476694860000 1476709020000 1197.50000000 1199.50000000 1201.50000000 1195.00000000 9980664.50000000 8330.00000000
1476687600000 1476694560000 1202.50000000 1198.00000000 1202.50000000 1195.00000000 5655889.00000000 4721.00000000
1476450000000 1476460200000 1197.50000000 1212.00000000 1243.00000000 1197.00000000 33741457.00000000 27649.00000000
1476435660000 1476449820000 1197.50000000 1198.00000000 1209.50000000 1194.50000000 26734844.00000000 22264.00000000
1476428400000 1476435540000 1209.50000000 1198.00000000 1214.50000000 1194.50000000 32419359.00000000 26964.00000000
1476363600000 1476373560000 1270.00000000 1231.00000000 1288.00000000 1218.00000000 154441045.50000000 124407.00000000
1476349260000 1476363540000 1276.00000000 1269.00000000 1278.00000000 1265.00000000 10523779.00000000 8264.00000000
1476342000000 1476349020000 1277.00000000 1276.50000000 1281.50000000 1268.50000000 25115146.00000000 19655.00000000
1476277200000 1476287340000 1340.50000000 1290.00000000 1341.00000000 1282.00000000 72337661.50000000 55425.00000000
1476262800000 1476277140000 1348.00000000 1340.50000000 1354.00000000 1340.50000000 6010725.50000000 4462.00000000
1476255660000 1476262680000 1353.50000000 1349.50000000 1354.50000000 1345.00000000 2918554.00000000 2162.00000000
1476190920000 1476200760000 1348.50000000 1350.50000000 1355.50000000 1345.00000000 20184249.50000000 14926.00000000
1476176460000 1476190680000 1360.00000000 1349.50000000 1360.50000000 1347.50000000 4838924.00000000 3579.00000000
1476169200000 1476176280000 1350.00000000 1360.00000000 1361.00000000 1340.50000000 7816774.00000000 5772.00000000
1476104460000 1476114600000 1377.50000000 1352.50000000 1379.00000000 1350.00000000 9637982.00000000 7083.00000000
1476090000000 1476104340000 1369.00000000 1375.00000000 1381.50000000 1367.50000000 3380166.00000000 2460.00000000
1476082860000 1476089700000 1361.50000000 1369.50000000 1371.50000000 1360.50000000 2416255.00000000 1773.00000000
1475845260000 1475855160000 1380.00000000 1367.00000000 1382.50000000 1363.00000000 9566503.50000000 6968.00000000
1475830920000 1475845140000 1373.00000000 1380.00000000 1380.00000000 1371.00000000 4812804.50000000 3500.00000000
1475823600000 1475829900000 1375.00000000 1373.00000000 1391.00000000 1370.00000000 5456115.00000000 3964.00000000
1475758980000 1475768760000 1367.00000000 1376.50000000 1383.00000000 1359.00000000 18718062.00000000 13637.00000000
1475744400000 1475758200000 1370.00000000 1367.00000000 1375.00000000 1361.00000000 9467604.00000000 6929.00000000
1475737260000 1475744340000 1378.00000000 1370.00000000 1380.50000000 1366.00000000 3067055.00000000 2238.00000000
1475672400000 1475682360000 1337.50000000 1371.00000000 1375.00000000 1335.50000000 35583255.00000000 26117.00000000
1475658000000 1475672220000 1337.50000000 1337.50000000 1340.50000000 1330.00000000 9260937.50000000 6952.00000000
1475650860000 1475657700000 1333.00000000 1338.50000000 1344.50000000 1330.50000000 3904505.50000000 2928.00000000
1475586180000 1475596020000 1355.00000000 1346.00000000 1357.00000000 1334.00000000 20775383.50000000 15458.00000000
1475571660000 1475585700000 1350.00000000 1352.50000000 1355.50000000 1350.00000000 1036396.50000000 767.00000000
1475564400000 1475571540000 1365.00000000 1352.00000000 1365.00000000 1344.50000000 4216090.50000000 3123.00000000
1475499660000 1475509740000 1336.00000000 1356.00000000 1359.00000000 1330.00000000 21607124.00000000 16080.00000000
1475485200000 1475498640000 1335.50000000 1338.50000000 1339.00000000 1331.50000000 6201503.00000000 4644.00000000
1475478000000 1475485140000 1327.00000000 1334.00000000 1335.50000000 1320.00000000 5080931.50000000 3822.00000000
1475240460000 1475250600000 1349.00000000 1341.00000000 1351.50000000 1327.00000000 21309358.00000000 15887.00000000
1475226000000 1475240100000 1342.00000000 1348.00000000 1351.00000000 1340.00000000 5334399.50000000 3970.00000000
1475218800000 1475225820000 1350.00000000 1341.50000000 1353.50000000 1341.50000000 5737266.00000000 4263.00000000
1475155380000 1475164200000 1361.00000000 1353.00000000 1369.50000000 1341.00000000 34571509.00000000 25531.00000000
1475139900000 1475153580000 1364.00000000 1361.50000000 1369.50000000 1361.00000000 12903578.50000000 9446.00000000
1475132400000 1475138940000 1364.50000000 1367.00000000 1367.50000000 1355.50000000 5074015.50000000 3722.00000000
1475067780000 1475077560000 1361.50000000 1355.00000000 1368.00000000 1353.00000000 14052697.50000000 10343.00000000
1475053440000 1475066340000 1358.50000000 1361.00000000 1361.00000000 1355.00000000 7166456.00000000 5275.00000000
1475046060000 1475052840000 1363.00000000 1358.50000000 1369.00000000 1350.00000000 6111642.50000000 4513.00000000
1474981380000 1474991340000 1368.00000000 1353.00000000 1371.50000000 1347.00000000 19082657.50000000 14058.00000000
1474966800000 1474981140000 1363.50000000 1368.00000000 1368.50000000 1361.50000000 1238147.00000000 908.00000000
1474959600000 1474966380000 1370.50000000 1366.00000000 1383.00000000 1362.00000000 6035190.50000000 4409.00000000
1474895460000 1474904760000 1375.50000000 1370.00000000 1384.50000000 1356.50000000 16187737.50000000 11804.00000000
1474880580000 1474894680000 1374.50000000 1375.00000000 1385.00000000 1372.00000000 9057757.00000000 6577.00000000
1474873200000 1474880280000 1381.00000000 1372.50000000 1382.00000000 1365.50000000 7946257.00000000 5784.00000000
1474635780000 1474645800000 1389.50000000 1398.50000000 1405.00000000 1377.50000000 27195501.00000000 19463.00000000
1474621200000 1474635540000 1390.50000000 1389.00000000 1400.50000000 1386.00000000 5698727.50000000 4093.00000000
1474614000000 1474621080000 1408.00000000 1391.00000000 1408.00000000 1390.50000000 7590926.50000000 5425.00000000
1474549260000 1474559160000 1381.50000000 1401.00000000 1403.50000000 1381.50000000 43155461.00000000 30924.00000000
1474534860000 1474549140000 1366.50000000 1381.50000000 1385.00000000 1365.00000000 12548113.00000000 9103.00000000
1474527600000 1474534680000 1361.00000000 1367.00000000 1375.00000000 1352.00000000 16634215.50000000 12180.00000000
1474462860000 1474472760000 1341.00000000 1348.50000000 1350.00000000 1338.00000000 11521767.00000000 8563.00000000
1474448520000 1474462620000 1348.50000000 1341.00000000 1349.00000000 1340.50000000 4872340.00000000 3623.00000000
1474441260000 1474447980000 1359.00000000 1346.00000000 1359.50000000 1346.00000000 5479710.50000000 4051.00000000
1474376520000 1474386540000 1335.00000000 1341.00000000 1354.50000000 1333.00000000 20471753.00000000 15245.00000000
1474362120000 1474375920000 1336.00000000 1335.00000000 1338.50000000 1333.50000000 3990086.50000000 2990.00000000
1474354800000 1474361940000 1340.50000000 1333.50000000 1348.50000000 1333.00000000 8793185.00000000 6566.00000000
1474290060000 1474300080000 1358.50000000 1341.00000000 1359.00000000 1340.00000000 19867423.50000000 14738.00000000
1474276440000 1474289940000 1352.50000000 1358.50000000 1359.00000000 1351.00000000 5454852.50000000 4024.00000000
1474268460000 1474275480000 1348.00000000 1353.00000000 1354.00000000 1338.00000000 12069591.00000000 8945.00000000
1474030980000 1474040940000 1329.50000000 1335.00000000 1344.50000000 1324.00000000 21109459.00000000 15773.00000000
1474016400000 1474030740000 1339.50000000 1328.00000000 1342.00000000 1327.50000000 6260274.50000000 4689.00000000
1474009200000 1474016280000 1339.00000000 1339.50000000 1339.50000000 1316.00000000 11209935.00000000 8403.00000000
1473944460000 1473954360000 1339.00000000 1319.50000000 1339.50000000 1309.00000000 37423252.00000000 28315.00000000
1473930000000 1473944340000 1337.00000000 1337.00000000 1342.00000000 1328.00000000 40606376.50000000 30420.00000000
1473923040000 1473929940000 1324.00000000 1337.00000000 1342.00000000 1321.50000000 11357015.00000000 8494.00000000
1473858060000 1473867960000 1330.00000000 1321.50000000 1332.00000000 1316.00000000 16122879.50000000 12198.00000000
1473843960000 1473856860000 1336.50000000 1326.50000000 1336.50000000 1321.50000000 10516650.00000000 7912.00000000
1473836460000 1473843540000 1326.50000000 1338.00000000 1339.50000000 1317.00000000 21294592.00000000 15948.00000000
1473771780000 1473781800000 1342.00000000 1326.00000000 1345.00000000 1302.00000000 98102603.00000000 74401.00000000
1473757200000 1473771540000 1347.00000000 1342.00000000 1348.00000000 1330.50000000 11254576.00000000 8409.00000000
1473750120000 1473757140000 1359.50000000 1349.00000000 1360.00000000 1343.00000000 8794983.50000000 6505.00000000
1473685200000 1473695400000 1343.00000000 1350.00000000 1356.00000000 1331.50000000 91192139.50000000 67965.00000000
1473670800000 1473685140000 1327.50000000 1343.50000000 1354.50000000 1326.00000000 103505919.50000000 77368.00000000
1473663600000 1473670740000 1360.00000000 1326.00000000 1365.50000000 1317.00000000 35667110.00000000 26699.00000000
1473426480000 1473436140000 1400.00000000 1370.00000000 1400.00000000 1345.50000000 93333024.50000000 68246.00000000
1473411660000 1473425760000 1396.50000000 1400.00000000 1400.50000000 1390.00000000 12752554.00000000 9142.00000000
1473404400000 1473411540000 1410.00000000 1398.00000000 1410.00000000 1390.00000000 25655212.00000000 18310.00000000
1473339600000 1473349800000 1434.50000000 1409.00000000 1435.00000000 1408.50000000 53667336.50000000 37767.00000000
1473325440000 1473339180000 1438.00000000 1435.00000000 1443.50000000 1433.00000000 9766686.50000000 6796.00000000
1473318060000 1473324960000 1420.00000000 1438.50000000 1439.00000000 1420.00000000 14933250.50000000 10422.00000000
1473253620000 1473263340000 1436.50000000 1418.00000000 1439.00000000 1410.50000000 39296288.50000000 27641.00000000
1473238860000 1473252960000 1437.00000000 1436.00000000 1437.00000000 1430.00000000 6150244.00000000 4289.00000000
1473231600000 1473238680000 1439.00000000 1435.50000000 1441.50000000 1425.50000000 15383563.00000000 10730.00000000
1473166920000 1473177000000 1477.50000000 1441.00000000 1481.50000000 1439.00000000 36162305.50000000 24891.00000000
1473152460000 1473166620000 1474.00000000 1476.50000000 1482.50000000 1467.00000000 9620318.00000000 6516.00000000
1473145260000 1473152340000 1458.50000000 1476.00000000 1479.50000000 1455.00000000 10302834.50000000 7009.00000000
1473081660000 1473090360000 1464.00000000 1455.50000000 1465.00000000 1455.50000000 2760338.00000000 1887.00000000
1473066000000 1473080280000 1463.00000000 1464.50000000 1465.00000000 1458.00000000 1294757.00000000 886.00000000
1473058860000 1473065160000 1463.00000000 1463.00000000 1464.00000000 1455.00000000 3814396.00000000 2616.00000000
1472821440000 1472831340000 1466.50000000 1463.00000000 1475.00000000 1457.00000000 12440616.00000000 8480.00000000
1472806800000 1472821020000 1466.00000000 1467.00000000 1467.00000000 1454.00000000 8349749.50000000 5722.00000000
1472799720000 1472806500000 1464.50000000 1462.50000000 1466.50000000 1447.50000000 7388255.50000000 5066.00000000
1472735340000 1472744880000 1440.00000000 1464.00000000 1469.00000000 1438.00000000 33392650.00000000 22902.00000000
1472721300000 1472734560000 1436.50000000 1437.50000000 1448.50000000 1431.00000000 9836970.00000000 6849.00000000
1472713260000 1472719860000 1430.50000000 1440.00000000 1440.00000000 1430.00000000 4437708.00000000 3095.00000000
1472649180000 1472658600000 1435.50000000 1428.00000000 1447.50000000 1421.00000000 23196083.00000000 16215.00000000
1472634000000 1472647680000 1438.50000000 1438.50000000 1443.00000000 1433.00000000 3654939.00000000 2543.00000000
1472626860000 1472633640000 1440.00000000 1435.50000000 1447.50000000 1435.00000000 2038248.00000000 1419.00000000
1472562540000 1472572200000 1449.00000000 1437.50000000 1454.00000000 1432.00000000 17295491.50000000 11976.00000000
1472548260000 1472560680000 1448.00000000 1449.00000000 1450.00000000 1438.50000000 7664506.00000000 5307.00000000
1472540460000 1472547360000 1442.50000000 1445.50000000 1450.00000000 1430.50000000 3234982.50000000 2237.00000000
1472475600000 1472485200000 1436.00000000 1442.00000000 1457.00000000 1435.50000000 30647964.50000000 21200.00000000
1472461320000 1472475540000 1438.00000000 1441.00000000 1441.50000000 1435.00000000 5764001.50000000 4009.00000000
1472454060000 1472460660000 1440.50000000 1438.00000000 1440.50000000 1430.50000000 4995715.00000000 3484.00000000
1472216400000 1472226360000 1442.00000000 1447.00000000 1470.00000000 1437.50000000 31467488.50000000 21608.00000000
1472202060000 1472216280000 1440.50000000 1442.00000000 1443.00000000 1433.00000000 4055866.50000000 2822.00000000
1472194800000 1472201880000 1441.00000000 1440.50000000 1446.00000000 1430.00000000 10342820.50000000 7180.00000000
1472130540000 1472139960000 1459.50000000 1444.50000000 1459.50000000 1444.50000000 23956430.50000000 16524.00000000
1472117040000 1472129820000 1459.00000000 1457.00000000 1462.50000000 1454.00000000 7264897.50000000 4979.00000000
1472108520000 1472115360000 1465.00000000 1459.50000000 1476.00000000 1455.00000000 2518291.50000000 1724.00000000
1472044620000 1472053560000 1449.00000000 1453.00000000 1463.50000000 1443.00000000 21236051.00000000 14586.00000000
1472029440000 1472043000000 1445.50000000 1448.00000000 1452.50000000 1440.50000000 2720260.00000000 1882.00000000
1472022060000 1472028120000 1459.00000000 1445.50000000 1459.50000000 1440.50000000 2740813.50000000 1886.00000000
1471957320000 1471967340000 1442.50000000 1449.00000000 1453.50000000 1432.00000000 15749882.50000000 10934.00000000
1471942800000 1471956420000 1441.00000000 1442.50000000 1446.50000000 1438.50000000 9518531.50000000 6597.00000000
1471935660000 1471942500000 1433.50000000 1440.00000000 1454.50000000 1430.00000000 10998796.00000000 7602.00000000
1471870860000 1471880940000 1444.00000000 1441.00000000 1459.00000000 1430.00000000 18071532.50000000 12473.00000000
1471856820000 1471870440000 1435.00000000 1444.00000000 1444.00000000 1432.50000000 7463281.50000000 5186.00000000
1471849200000 1471855740000 1433.50000000 1436.50000000 1437.50000000 1415.50000000 16326773.00000000 11452.00000000
1471611600000 1471621620000 1449.00000000 1445.50000000 1458.50000000 1440.50000000 11760804.50000000 8113.00000000
1471597260000 1471611060000 1445.00000000 1448.50000000 1455.00000000 1439.00000000 8161319.50000000 5643.00000000
1471590000000 1471597140000 1464.50000000 1445.00000000 1464.50000000 1441.00000000 6446541.00000000 4463.00000000
1471525440000 1471535160000 1454.00000000 1451.00000000 1476.00000000 1445.50000000 42363464.00000000 29021.00000000
1471510980000 1471525020000 1450.00000000 1454.50000000 1461.50000000 1443.00000000 15377332.00000000 10621.00000000
1471503660000 1471510620000 1462.00000000 1447.50000000 1473.00000000 1445.00000000 11993626.50000000 8255.00000000
1471438800000 1471448400000 1490.00000000 1459.00000000 1493.50000000 1445.00000000 33257392.50000000 22799.00000000
1471424460000 1471437780000 1471.50000000 1488.50000000 1494.00000000 1471.50000000 7360656.00000000 4950.00000000
1471417200000 1471424220000 1493.00000000 1472.00000000 1497.00000000 1470.00000000 18145334.00000000 12273.00000000
1471352580000 1471362600000 1495.00000000 1491.00000000 1510.00000000 1476.50000000 15550520.50000000 10410.00000000
1471338000000 1471351980000 1504.50000000 1495.50000000 1505.00000000 1488.00000000 8159994.00000000 5459.00000000
1471330800000 1471337940000 1498.00000000 1504.50000000 1514.50000000 1492.50000000 3388244.00000000 2261.00000000
1471266120000 1471276140000 1509.00000000 1498.00000000 1529.00000000 1495.00000000 21692081.00000000 14345.00000000
1471252020000 1471265940000 1520.00000000 1507.50000000 1526.00000000 1507.50000000 7249985.50000000 4782.00000000
1471244460000 1471251000000 1506.50000000 1519.50000000 1529.00000000 1495.50000000 13819959.00000000 9120.00000000
1471006920000 1471016760000 1498.50000000 1506.00000000 1510.50000000 1491.00000000 22108746.00000000 14722.00000000
1470992400000 1471006620000 1499.00000000 1494.50000000 1503.50000000 1493.00000000 4145329.00000000 2769.00000000
1470985260000 1470992280000 1494.00000000 1499.00000000 1500.50000000 1485.50000000 5493206.00000000 3671.00000000
1470920460000 1470930600000 1447.50000000 1485.00000000 1492.00000000 1447.50000000 29371643.50000000 19904.00000000
1470906780000 1470919260000 1447.00000000 1443.00000000 1449.50000000 1438.50000000 5524855.50000000 3829.00000000
1470898800000 1470904380000 1445.50000000 1447.50000000 1464.50000000 1445.50000000 4923793.00000000 3403.00000000
1470834120000 1470844140000 1452.00000000 1447.00000000 1460.00000000 1440.50000000 18131738.50000000 12498.00000000
1470819960000 1470833820000 1459.50000000 1453.00000000 1460.00000000 1450.50000000 2869925.50000000 1969.00000000
1470812400000 1470818940000 1455.00000000 1460.00000000 1460.00000000 1442.50000000 3695805.50000000 2543.00000000
1470747780000 1470757560000 1420.00000000 1447.00000000 1449.00000000 1414.50000000 16988099.50000000 11822.00000000
1470733320000 1470746880000 1423.50000000 1420.00000000 1428.00000000 1415.50000000 1611795.00000000 1134.00000000
1470726060000 1470732840000 1415.00000000 1423.50000000 1429.50000000 1410.50000000 3494175.50000000 2459.00000000
1470661380000 1470671400000 1427.00000000 1420.00000000 1434.00000000 1416.50000000 7692038.00000000 5397.00000000
1470646860000 1470661080000 1428.00000000 1429.50000000 1430.00000000 1425.50000000 3088590.50000000 2163.00000000
1470639660000 1470646140000 1428.00000000 1428.00000000 1432.50000000 1410.50000000 3698054.00000000 2605.00000000
1470402060000 1470412080000 1412.00000000 1429.00000000 1429.00000000 1401.00000000 15985240.50000000 11301.00000000
1470388140000 1470401940000 1414.00000000 1412.00000000 1418.00000000 1411.00000000 2151735.50000000 1523.00000000
1470380460000 1470387540000 1412.00000000 1414.00000000 1425.00000000 1410.50000000 8955685.50000000 6305.00000000
1470315600000 1470325560000 1401.50000000 1417.00000000 1417.00000000 1395.00000000 26993492.00000000 19227.00000000
1470301560000 1470315480000 1405.50000000 1401.50000000 1408.50000000 1401.00000000 5037303.00000000 3589.00000000
1470294000000 1470300780000 1402.50000000 1405.00000000 1419.50000000 1399.00000000 10829566.50000000 7708.00000000
1470229200000 1470239160000 1406.50000000 1409.00000000 1435.00000000 1400.50000000 20364289.50000000 14339.00000000
1470215040000 1470228240000 1407.00000000 1402.50000000 1410.50000000 1401.00000000 1683038.00000000 1197.00000000
1470207660000 1470214140000 1415.00000000 1411.00000000 1428.50000000 1401.00000000 9303175.00000000 6598.00000000
1470142860000 1470152760000 1404.50000000 1416.00000000 1444.50000000 1402.50000000 30516203.50000000 21389.00000000
1470128400000 1470142740000 1407.00000000 1405.00000000 1416.50000000 1400.00000000 11597886.00000000 8253.00000000
1470121260000 1470128280000 1434.00000000 1406.50000000 1434.00000000 1405.50000000 11214794.50000000 7909.00000000
1470056460000 1470066000000 1435.50000000 1438.50000000 1464.00000000 1426.50000000 25539593.50000000 17642.00000000
1470042360000 1470055920000 1431.00000000 1437.50000000 1439.00000000 1430.50000000 2545442.50000000 1775.00000000
1470034800000 1470041940000 1457.00000000 1430.50000000 1464.00000000 1430.50000000 10576836.00000000 7285.00000000
1469797200000 1469807340000 1492.50000000 1442.00000000 1495.50000000 1430.50000000 45096633.00000000 30927.00000000
1469782860000 1469797140000 1493.00000000 1493.00000000 1493.50000000 1476.50000000 12002330.50000000 8079.00000000
1469775600000 1469782740000 1487.00000000 1493.00000000 1512.50000000 1485.50000000 10052538.50000000 6700.00000000
1469710800000 1469721000000 1524.00000000 1485.50000000 1543.00000000 1475.50000000 106003334.50000000 70320.00000000
1469696640000 1469710740000 1440.00000000 1528.50000000 1529.00000000 1436.50000000 114084677.00000000 77016.00000000
1469689200000 1469695980000 1439.00000000 1439.50000000 1442.50000000 1424.00000000 14134260.00000000 9858.00000000
1469624400000 1469634540000 1399.50000000 1419.00000000 1419.50000000 1390.50000000 35355609.50000000 25066.00000000
1469610480000 1469624340000 1394.00000000 1401.00000000 1404.50000000 1391.00000000 9238664.50000000 6600.00000000
1469602860000 1469609700000 1392.50000000 1392.50000000 1414.00000000 1391.00000000 3138445.50000000 2247.00000000
1469538240000 1469548140000 1378.50000000 1404.00000000 1417.00000000 1378.00000000 40001279.00000000 28538.00000000
1469523720000 1469537880000 1378.00000000 1377.50000000 1380.00000000 1365.50000000 9793851.50000000 7140.00000000
1469516460000 1469523540000 1373.00000000 1377.00000000 1380.00000000 1366.50000000 5827054.50000000 4247.00000000
1469451720000 1469461200000 1382.50000000 1377.50000000 1386.00000000 1368.00000000 14894836.00000000 10826.00000000
1469437260000 1469451180000 1381.50000000 1383.00000000 1387.00000000 1375.50000000 8099089.00000000 5856.00000000
1469430060000 1469437140000 1398.00000000 1381.50000000 1413.00000000 1375.50000000 5232991.00000000 3775.00000000
1469192640000 1469202360000 1372.00000000 1387.50000000 1395.00000000 1372.00000000 10350856.50000000 7469.00000000
1469178000000 1469192160000 1369.00000000 1372.00000000 1372.00000000 1365.50000000 3478119.50000000 2539.00000000
1469170860000 1469177520000 1370.50000000 1368.50000000 1376.50000000 1360.00000000 8871554.00000000 6485.00000000
1469106240000 1469115960000 1368.50000000 1376.00000000 1388.50000000 1366.00000000 17962710.50000000 13028.00000000
1469092260000 1469105520000 1364.00000000 1367.00000000 1370.00000000 1362.00000000 3254426.00000000 2380.00000000
1469084400000 1469091300000 1357.50000000 1359.50000000 1380.50000000 1354.00000000 4647152.00000000 3397.00000000
1469019900000 1469029740000 1340.00000000 1360.00000000 1360.00000000 1335.00000000 11926358.00000000 8857.00000000
1469005200000 1469019420000 1347.00000000 1340.50000000 1349.50000000 1338.50000000 6089088.00000000 4530.00000000
1468998060000 1469005140000 1343.00000000 1349.00000000 1351.50000000 1337.00000000 6332790.50000000 4709.00000000
1468933200000 1468943280000 1362.00000000 1345.50000000 1362.50000000 1345.50000000 24335815.00000000 18023.00000000
1468918800000 1468932540000 1350.50000000 1364.00000000 1364.50000000 1350.00000000 5526782.00000000 4068.00000000
1468911660000 1468918620000 1358.00000000 1350.00000000 1364.00000000 1341.50000000 8201245.00000000 6056.00000000
1468846800000 1468856940000 1360.50000000 1354.00000000 1370.00000000 1347.50000000 18882752.50000000 13889.00000000
1468832520000 1468846740000 1365.50000000 1360.50000000 1365.50000000 1358.00000000 39773614.50000000 29189.00000000
1468825260000 1468832280000 1375.00000000 1365.50000000 1375.00000000 1360.50000000 9797393.50000000 7169.00000000
1468587600000 1468597200000 1411.50000000 1373.50000000 1414.00000000 1371.00000000 46636454.00000000 33670.00000000
1468573860000 1468587360000 1389.50000000 1411.50000000 1413.50000000 1387.50000000 12017448.50000000 8577.00000000
1468566000000 1468572900000 1390.00000000 1390.00000000 1399.50000000 1386.50000000 9253195.00000000 6649.00000000
1468501320000 1468511340000 1420.00000000 1391.00000000 1423.00000000 1391.00000000 31178717.00000000 22225.00000000
1468486800000 1468500720000 1408.50000000 1420.00000000 1427.00000000 1404.50000000 18880603.00000000 13331.00000000
1468479660000 1468486740000 1413.50000000 1408.00000000 1429.50000000 1403.00000000 10548206.00000000 7470.00000000
1468415160000 1468424760000 1463.50000000 1403.00000000 1463.50000000 1400.50000000 41130042.50000000 28902.00000000
1468400400000 1468414500000 1454.00000000 1464.50000000 1464.50000000 1451.00000000 2355818.50000000 1616.00000000
1468393200000 1468400340000 1473.00000000 1454.00000000 1473.00000000 1454.00000000 3675743.50000000 2517.00000000
1468328460000 1468338540000 1433.00000000 1473.00000000 1479.00000000 1422.00000000 34629677.00000000 23822.00000000
1468314180000 1468328280000 1428.50000000 1433.00000000 1433.00000000 1422.50000000 5870690.00000000 4106.00000000
1468306860000 1468313520000 1410.00000000 1428.50000000 1432.00000000 1406.50000000 4702192.00000000 3299.00000000
1468242540000 1468251960000 1425.50000000 1407.00000000 1434.00000000 1403.50000000 13463554.50000000 9460.00000000
1468228080000 1468241460000 1424.50000000 1427.00000000 1433.50000000 1424.50000000 3156905.00000000 2208.00000000
1468220400000 1468227540000 1425.00000000 1426.50000000 1432.50000000 1418.00000000 8448987.50000000 5925.00000000
1467982980000 1467992880000 1416.00000000 1413.00000000 1424.00000000 1400.50000000 10531808.00000000 7438.00000000
1467968400000 1467982440000 1388.00000000 1412.00000000 1419.50000000 1383.00000000 8019853.50000000 5749.00000000
1467961260000 1467967560000 1391.00000000 1390.00000000 1398.00000000 1389.00000000 3487005.00000000 2505.00000000
1467897240000 1467906540000 1389.50000000 1390.00000000 1409.00000000 1384.00000000 30048396.50000000 21494.00000000
1467882000000 1467895560000 1397.00000000 1392.00000000 1399.50000000 1380.50000000 18426641.50000000 13296.00000000
1467874800000 1467881640000 1378.00000000 1400.00000000 1400.00000000 1375.00000000 9828929.00000000 7044.00000000
1467810120000 1467819600000 1379.50000000 1373.50000000 1384.00000000 1348.00000000 25745256.50000000 18884.00000000
1467795900000 1467809820000 1380.50000000 1380.00000000 1388.00000000 1375.00000000 4303964.50000000 3121.00000000
1467788400000 1467795420000 1380.50000000 1382.00000000 1399.50000000 1379.00000000 2713021.50000000 1951.00000000
1467723600000 1467733620000 1386.50000000 1383.00000000 1389.50000000 1364.00000000 19037555.50000000 13855.00000000
1467709980000 1467723000000 1392.50000000 1387.50000000 1394.50000000 1381.50000000 2575672.50000000 1857.00000000
1467702180000 1467709080000 1380.50000000 1394.50000000 1402.00000000 1379.00000000 6361613.00000000 4578.00000000
1467637260000 1467647400000 1392.00000000 1390.00000000 1400.50000000 1383.50000000 7778353.00000000 5581.00000000
1467623280000 1467636600000 1387.50000000 1391.00000000 1395.00000000 1387.50000000 3342093.00000000 2398.00000000
1467615600000 1467622680000 1401.50000000 1387.50000000 1401.50000000 1379.50000000 7213908.50000000 5202.00000000
1467378180000 1467387960000 1396.00000000 1403.00000000 1415.50000000 1396.00000000 13817244.00000000 9828.00000000
1467363600000 1467377640000 1385.50000000 1396.00000000 1399.00000000 1380.00000000 15432581.50000000 11125.00000000
1467356400000 1467363420000 1408.50000000 1386.50000000 1408.50000000 1375.00000000 6860666.00000000 4939.00000000
1467291780000 1467301560000 1361.00000000 1399.00000000 1406.00000000 1360.50000000 23838868.00000000 17195.00000000
1467277440000 1467291180000 1372.00000000 1361.50000000 1374.50000000 1361.00000000 5855428.00000000 4282.00000000
1467270060000 1467277140000 1375.00000000 1372.00000000 1379.00000000 1361.00000000 3754691.00000000 2742.00000000
1467205260000 1467215340000 1363.00000000 1372.50000000 1374.50000000 1340.50000000 17744153.50000000 13060.00000000
1467191280000 1467204360000 1352.50000000 1363.00000000 1363.00000000 1350.50000000 3993784.50000000 2945.00000000
1467183660000 1467190440000 1359.50000000 1355.00000000 1359.50000000 1335.00000000 4515567.00000000 3356.00000000
1467118920000 1467128760000 1315.00000000 1336.00000000 1353.00000000 1314.50000000 33076322.00000000 24799.00000000
1467104400000 1467118500000 1305.00000000 1316.50000000 1318.50000000 1303.00000000 6376115.50000000 4856.00000000
1467097200000 1467103740000 1300.50000000 1305.00000000 1318.50000000 1300.50000000 3802326.50000000 2909.00000000
1467032460000 1467042360000 1380.00000000 1291.00000000 1380.00000000 1280.00000000 90415338.00000000 67994.00000000
1467018900000 1467032220000 1397.00000000 1376.50000000 1399.00000000 1376.50000000 13394967.50000000 9687.00000000
1467010860000 1467017220000 1391.00000000 1393.50000000 1409.50000000 1390.00000000 6856724.50000000 4896.00000000
1466773200000 1466783160000 1387.00000000 1379.50000000 1429.50000000 1372.00000000 34124601.00000000 24412.00000000
1466758800000 1466773140000 1383.00000000 1387.00000000 1390.00000000 1375.00000000 11575968.00000000 8369.00000000
1466751600000 1466758620000 1401.50000000 1382.50000000 1424.00000000 1360.50000000 26100684.00000000 18930.00000000
1466686860000 1466696880000 1423.00000000 1428.00000000 1448.00000000 1416.50000000 14808104.50000000 10354.00000000
1466672460000 1466686680000 1417.00000000 1419.50000000 1433.00000000 1417.00000000 9741473.00000000 6846.00000000
1466665260000 1466672220000 1406.00000000 1417.00000000 1417.00000000 1405.50000000 8551597.50000000 6054.00000000
1466600460000 1466610420000 1381.50000000 1407.00000000 1414.50000000 1371.50000000 28320877.00000000 20237.00000000
1466586360000 1466599980000 1385.00000000 1382.00000000 1388.50000000 1379.50000000 3946865.50000000 2854.00000000
1466578860000 1466585580000 1384.50000000 1380.00000000 1394.50000000 1375.00000000 7172874.00000000 5192.00000000
1466514000000 1466523600000 1402.50000000 1377.00000000 1402.50000000 1371.00000000 26307134.00000000 19021.00000000
1466499660000 1466513580000 1407.50000000 1401.00000000 1429.00000000 1401.00000000 13685737.00000000 9639.00000000
1466492400000 1466499480000 1427.00000000 1407.00000000 1427.00000000 1401.00000000 2874334.50000000 2041.00000000
1466427660000 1466437560000 1449.50000000 1418.50000000 1449.50000000 1408.50000000 47092376.00000000 33126.00000000
1466413200000 1466427360000 1425.50000000 1446.50000000 1450.00000000 1425.50000000 20720125.50000000 14387.00000000
1466406060000 1466413140000 1424.50000000 1425.50000000 1439.50000000 1418.50000000 7346823.50000000 5153.00000000
1466168580000 1466178600000 1402.50000000 1406.00000000 1414.00000000 1363.00000000 42587764.50000000 30542.00000000
1466154000000 1466168220000 1409.50000000 1402.50000000 1410.00000000 1390.50000000 8523629.50000000 6084.00000000
1466146860000 1466153760000 1366.00000000 1409.50000000 1409.50000000 1366.00000000 10667183.00000000 7623.00000000
1466082120000 1466091600000 1371.00000000 1380.00000000 1385.00000000 1353.50000000 34570346.00000000 25276.00000000
1466067600000 1466081940000 1376.00000000 1371.00000000 1376.00000000 1363.50000000 19694107.00000000 14386.00000000
1466060400000 1466067540000 1402.00000000 1376.00000000 1402.00000000 1362.50000000 14016597.00000000 10184.00000000
1465995600000 1466005800000 1397.00000000 1408.50000000 1419.50000000 1390.00000000 24281848.00000000 17267.00000000
1465981200000 1465995540000 1394.50000000 1399.00000000 1408.50000000 1384.50000000 37343778.00000000 26839.00000000
1465974060000 1465980960000 1385.00000000 1395.50000000 1401.50000000 1372.50000000 15717019.50000000 11290.00000000
1465909260000 1465919400000 1399.50000000 1375.50000000 1409.00000000 1371.00000000 57446709.50000000 41335.00000000
1465894860000 1465908900000 1396.00000000 1398.50000000 1406.50000000 1390.50000000 17967379.50000000 12848.00000000
1465887600000 1465894740000 1431.00000000 1395.50000000 1431.00000000 1392.00000000 11378509.50000000 8102.00000000
1465563660000 1465573560000 1461.00000000 1430.00000000 1471.00000000 1430.00000000 28281061.00000000 19494.00000000
1465550340000 1465563480000 1477.00000000 1461.00000000 1479.50000000 1456.00000000 19881277.50000000 13577.00000000
1465542060000 1465548420000 1469.00000000 1475.00000000 1499.50000000 1469.00000000 6631604.00000000 4478.00000000
1465477320000 1465487280000 1461.50000000 1464.00000000 1476.00000000 1459.00000000 15763683.50000000 10742.00000000
1465462800000 1465477140000 1453.00000000 1461.50000000 1465.50000000 1449.00000000 12009979.50000000 8237.00000000
1465455660000 1465462680000 1452.50000000 1453.00000000 1475.00000000 1445.00000000 18845476.00000000 12939.00000000
1465390920000 1465400400000 1416.50000000 1450.00000000 1456.00000000 1410.00000000 25361494.50000000 17602.00000000
1465376400000 1465390740000 1422.50000000 1413.00000000 1427.00000000 1410.00000000 4782908.00000000 3374.00000000
1465369260000 1465376040000 1422.00000000 1422.50000000 1429.00000000 1412.50000000 8007306.50000000 5638.00000000
1465304700000 1465314540000 1419.00000000 1413.00000000 1425.50000000 1396.00000000 32715040.50000000 23135.00000000
1465290060000 1465304220000 1402.00000000 1418.00000000 1427.00000000 1400.50000000 16641518.50000000 11740.00000000
1465282800000 1465289880000 1405.00000000 1402.00000000 1412.00000000 1396.00000000 2634975.00000000 1878.00000000
1465218000000 1465227600000 1410.00000000 1399.00000000 1427.00000000 1395.00000000 45813945.00000000 32550.00000000
1465203600000 1465217820000 1395.00000000 1410.50000000 1415.00000000 1393.50000000 22033048.00000000 15672.00000000
1465196400000 1465203540000 1390.00000000 1397.00000000 1397.50000000 1383.00000000 20860521.00000000 14990.00000000
1464959340000 1464969000000 1372.50000000 1370.00000000 1384.50000000 1358.00000000 40211068.00000000 29303.00000000
1464944460000 1464958620000 1383.00000000 1378.00000000 1386.00000000 1371.00000000 8573809.50000000 6222.00000000
1464937200000 1464943860000 1372.50000000 1384.50000000 1387.00000000 1372.50000000 4147982.50000000 3003.00000000
1464872460000 1464882360000 1360.50000000 1371.00000000 1389.50000000 1353.50000000 22568510.00000000 16445.00000000
1464858060000 1464872280000 1365.50000000 1361.00000000 1372.00000000 1360.50000000 7964267.50000000 5838.00000000
1464851040000 1464857520000 1369.50000000 1365.50000000 1380.00000000 1365.50000000 6490557.50000000 4731.00000000
1464786300000 1464795600000 1367.00000000 1369.50000000 1384.50000000 1342.50000000 51727397.50000000 37840.00000000
1464771780000 1464784080000 1369.00000000 1368.50000000 1374.50000000 1368.00000000 1522220.50000000 1110.00000000
1464764460000 1464771540000 1370.00000000 1367.00000000 1390.50000000 1365.00000000 8690086.50000000 6337.00000000
1464700080000 1464709560000 1310.00000000 1357.00000000 1370.00000000 1310.00000000 77451450.50000000 57298.00000000
1464685200000 1464699480000 1309.00000000 1310.00000000 1310.00000000 1304.00000000 3028138.00000000 2319.00000000
1464678240000 1464684960000 1318.00000000 1308.00000000 1324.00000000 1305.50000000 9273157.50000000 7085.00000000
1464613620000 1464622800000 1322.50000000 1317.50000000 1322.50000000 1317.50000000 3267302.00000000 2471.00000000
1464599160000 1464610740000 1320.00000000 1318.50000000 1326.50000000 1318.50000000 5199720.50000000 3929.00000000
1464592320000 1464598680000 1321.00000000 1320.00000000 1325.00000000 1314.50000000 1471462.50000000 1112.00000000
1464354360000 1464363960000 1316.50000000 1311.00000000 1321.50000000 1305.50000000 8238516.50000000 6276.00000000
1464339900000 1464353040000 1316.50000000 1315.50000000 1321.00000000 1310.00000000 5627920.50000000 4277.00000000
1464332520000 1464339480000 1310.00000000 1314.00000000 1329.50000000 1308.00000000 29074522.00000000 22024.00000000
1464268020000 1464277740000 1312.50000000 1303.50000000 1329.00000000 1297.50000000 42123405.50000000 32021.00000000
1464255120000 1464267540000 1295.00000000 1312.50000000 1322.00000000 1295.00000000 24112502.00000000 18412.00000000
1464246000000 1464252780000 1302.50000000 1295.00000000 1303.00000000 1292.50000000 1349988.00000000 1040.00000000
1464181980000 1464191160000 1303.50000000 1305.00000000 1305.00000000 1280.50000000 54753067.00000000 42401.00000000
1464166800000 1464180840000 1303.50000000 1305.00000000 1307.00000000 1300.00000000 7472858.50000000 5725.00000000
1464159660000 1464166680000 1287.50000000 1302.00000000 1309.00000000 1286.00000000 18584066.00000000 14284.00000000
1464094920000 1464104940000 1283.50000000 1289.50000000 1291.00000000 1278.50000000 27133058.00000000 21102.00000000
1464080520000 1464094200000 1283.00000000 1287.50000000 1291.00000000 1282.00000000 5105697.50000000 3970.00000000
1464073260000 1464080340000 1285.00000000 1284.50000000 1289.50000000 1281.00000000 4280171.50000000 3334.00000000
1464008640000 1464018420000 1281.00000000 1288.00000000 1298.50000000 1266.00000000 40277086.00000000 31278.00000000
1463994060000 1464008340000 1283.00000000 1279.50000000 1283.50000000 1279.00000000 2194131.50000000 1714.00000000
1463986860000 1463993640000 1276.00000000 1283.50000000 1291.00000000 1276.00000000 8583464.50000000 6677.00000000
1463750220000 1463759280000 1269.50000000 1278.00000000 1282.50000000 1266.00000000 31266124.00000000 24472.00000000
1463735400000 1463748960000 1274.00000000 1268.50000000 1275.50000000 1262.50000000 11343865.50000000 8951.00000000
1463727600000 1463733600000 1260.50000000 1275.50000000 1278.50000000 1256.00000000 19033636.00000000 14990.00000000
1463662860000 1463673000000 1258.00000000 1261.00000000 1270.00000000 1245.00000000 35705322.00000000 28400.00000000
1463648400000 1463662080000 1263.00000000 1258.50000000 1268.00000000 1256.50000000 2700716.50000000 2143.00000000
1463641260000 1463648340000 1265.00000000 1263.50000000 1272.50000000 1256.00000000 4685272.50000000 3715.00000000
1463576760000 1463586360000 1277.50000000 1267.50000000 1287.50000000 1265.00000000 24654359.50000000 19349.00000000
1463562360000 1463575980000 1276.50000000 1279.00000000 1279.50000000 1270.00000000 3760773.00000000 2952.00000000
1463554980000 1463561220000 1276.50000000 1276.00000000 1281.00000000 1275.00000000 2831533.50000000 2216.00000000
1463490000000 1463499600000 1272.00000000 1278.50000000 1286.50000000 1269.50000000 32005601.50000000 24986.00000000
1463475600000 1463489760000 1281.50000000 1269.00000000 1282.00000000 1266.00000000 15549955.50000000 12207.00000000
1463468460000 1463475480000 1299.50000000 1281.50000000 1299.50000000 1281.00000000 10552496.00000000 8184.00000000
1463403600000 1463413560000 1293.00000000 1297.00000000 1297.50000000 1285.50000000 23766566.50000000 18387.00000000
1463389800000 1463403480000 1284.50000000 1292.50000000 1302.00000000 1284.50000000 16069710.00000000 12412.00000000
1463382000000 1463388900000 1263.50000000 1285.00000000 1289.50000000 1262.00000000 6359657.50000000 4955.00000000
1463144760000 1463154600000 1257.00000000 1276.50000000 1289.00000000 1257.00000000 23082097.00000000 18053.00000000
1463130000000 1463144220000 1255.00000000 1257.00000000 1265.00000000 1250.50000000 8784198.00000000 6984.00000000
1463122920000 1463129760000 1264.00000000 1255.00000000 1277.00000000 1255.00000000 13390279.50000000 10617.00000000
1463058180000 1463068020000 1287.00000000 1277.00000000 1298.50000000 1266.00000000 32513411.00000000 25340.00000000
1463043600000 1463057820000 1284.00000000 1288.50000000 1298.50000000 1280.50000000 10019965.00000000 7778.00000000
1463036580000 1463043540000 1286.50000000 1284.00000000 1290.00000000 1280.50000000 4524920.50000000 3523.00000000
1462971840000 1462981740000 1307.00000000 1286.00000000 1308.50000000 1284.50000000 20754102.50000000 16056.00000000
1462957200000 1462971300000 1299.50000000 1306.50000000 1310.00000000 1296.50000000 14154503.50000000 10841.00000000
1462950060000 1462957080000 1298.00000000 1299.50000000 1300.00000000 1294.00000000 3127656.00000000 2408.00000000
1462885200000 1462895400000 1273.50000000 1291.50000000 1299.50000000 1260.00000000 51977807.50000000 40540.00000000
1462870800000 1462885080000 1291.00000000 1271.00000000 1292.00000000 1270.50000000 15029474.50000000 11768.00000000
1462863660000 1462870620000 1283.50000000 1290.50000000 1295.00000000 1283.50000000 3962680.50000000 3068.00000000
1462539900000 1462549740000 1294.50000000 1291.00000000 1301.50000000 1270.00000000 37242796.50000000 28862.00000000
1462525200000 1462538400000 1304.50000000 1299.50000000 1305.50000000 1292.50000000 18566050.00000000 14300.00000000
1462518060000 1462524960000 1315.50000000 1302.00000000 1316.00000000 1301.00000000 34333218.50000000 26294.00000000
1462453260000 1462463160000 1311.50000000 1316.50000000 1326.00000000 1292.00000000 58482871.50000000 44559.00000000
1462438860000 1462453140000 1314.50000000 1311.50000000 1317.00000000 1307.00000000 5039974.50000000 3844.00000000
1462431660000 1462438740000 1334.50000000 1313.50000000 1334.50000000 1302.00000000 16128324.00000000 12295.00000000
1462366860000 1462376880000 1301.00000000 1337.50000000 1346.50000000 1300.00000000 26129383.50000000 19669.00000000
1462352460000 1462366560000 1329.00000000 1300.00000000 1329.50000000 1295.50000000 15052214.50000000 11479.00000000
1462345200000 1462352340000 1301.50000000 1325.50000000 1400.00000000 1301.50000000 11620148.00000000 8699.00000000
1461934800000 1461944400000 1278.50000000 1300.50000000 1313.00000000 1271.00000000 65942492.50000000 50976.00000000
1461920400000 1461934740000 1293.00000000 1278.00000000 1296.50000000 1276.00000000 22423402.00000000 17472.00000000
1461913200000 1461920340000 1290.00000000 1296.50000000 1300.00000000 1276.00000000 17940300.50000000 13966.00000000
1461848400000 1461858540000 1260.50000000 1300.00000000 1310.00000000 1252.50000000 192590462.00000000 151095.00000000
1461834120000 1461848340000 1208.00000000 1264.50000000 1269.50000000 1201.00000000 205332451.50000000 165283.00000000
1461826860000 1461833760000 1191.50000000 1206.00000000 1208.00000000 1190.50000000 13081675.00000000 10877.00000000
1461762060000 1461771960000 1175.00000000 1194.00000000 1197.00000000 1175.00000000 54830957.00000000 46135.00000000
1461747720000 1461761940000 1172.50000000 1174.50000000 1179.50000000 1170.50000000 6187279.50000000 5267.00000000
1461740460000 1461747360000 1182.00000000 1172.00000000 1184.00000000 1164.50000000 9514594.00000000 8140.00000000
1461675780000 1461685740000 1186.00000000 1173.00000000 1190.00000000 1171.00000000 25326362.50000000 21479.00000000
1461661500000 1461675540000 1184.50000000 1185.50000000 1186.50000000 1183.00000000 8349739.50000000 7049.00000000
1461654000000 1461660960000 1180.00000000 1184.50000000 1190.00000000 1180.00000000 6646803.50000000 5598.00000000
1461589260000 1461598800000 1198.50000000 1176.50000000 1218.50000000 1175.50000000 77297987.50000000 64896.00000000
1461575040000 1461589140000 1201.00000000 1198.50000000 1207.50000000 1193.50000000 12110120.50000000 10092.00000000
1461567720000 1461574680000 1197.50000000 1200.00000000 1208.50000000 1195.50000000 5649481.00000000 4711.00000000
1461330060000 1461340140000 1205.50000000 1196.00000000 1218.00000000 1190.00000000 52590656.50000000 43628.00000000
1461315600000 1461329940000 1200.50000000 1205.00000000 1210.50000000 1194.50000000 37003734.50000000 30763.00000000
1461308400000 1461315540000 1200.50000000 1200.50000000 1206.00000000 1200.00000000 9191797.00000000 7649.00000000
1461243780000 1461253560000 1178.00000000 1200.00000000 1209.50000000 1171.00000000 72305160.50000000 60533.00000000
1461229200000 1461243540000 1175.50000000 1179.50000000 1185.00000000 1174.50000000 9546552.00000000 8106.00000000
1461222000000 1461229080000 1186.00000000 1175.00000000 1187.00000000 1174.00000000 19555864.50000000 16575.00000000
1461157260000 1461167160000 1146.00000000 1186.00000000 1188.00000000 1144.00000000 57087662.50000000 48720.00000000
1461143880000 1461156600000 1145.00000000 1143.00000000 1149.00000000 1142.50000000 6562731.00000000 5735.00000000
1461135600000 1461142380000 1147.00000000 1145.00000000 1151.00000000 1142.50000000 8532578.00000000 7445.00000000
1461070980000 1461080940000 1147.00000000 1148.00000000 1150.00000000 1130.00000000 29235048.00000000 25576.00000000
1461056400000 1461070740000 1135.00000000 1147.50000000 1147.50000000 1135.00000000 17159563.50000000 15023.00000000
1461049200000 1461056340000 1139.50000000 1135.00000000 1148.00000000 1131.50000000 15634939.50000000 13710.00000000
1460984580000 1460994360000 1094.50000000 1130.00000000 1139.00000000 1084.00000000 36869734.50000000 33002.00000000
1460970000000 1460984220000 1098.50000000 1092.00000000 1102.50000000 1091.50000000 6820682.00000000 6226.00000000
1460962800000 1460969940000 1091.00000000 1098.50000000 1114.00000000 1086.00000000 9635149.50000000 8756.00000000
1460725380000 1460735400000 1110.00000000 1109.00000000 1114.00000000 1101.50000000 24489081.00000000 22106.00000000
1460710860000 1460724540000 1110.00000000 1110.00000000 1114.00000000 1109.00000000 3306669.50000000 2971.00000000
1460704020000 1460710680000 1104.50000000 1112.50000000 1114.50000000 1102.00000000 9256323.00000000 8330.00000000
1460638800000 1460648940000 1116.50000000 1109.50000000 1118.00000000 1090.00000000 62298069.50000000 56328.00000000
1460624580000 1460638740000 1112.50000000 1117.00000000 1117.00000000 1111.00000000 7688125.00000000 6895.00000000
1460617200000 1460624340000 1112.00000000 1111.00000000 1124.00000000 1100.50000000 9730255.50000000 8736.00000000
1460552400000 1460562600000 1106.50000000 1127.00000000 1133.00000000 1100.00000000 68629447.00000000 61260.00000000
1460538120000 1460551980000 1093.00000000 1106.50000000 1114.00000000 1093.00000000 18556865.50000000 16790.00000000
1460530800000 1460537880000 1093.00000000 1093.00000000 1098.00000000 1089.50000000 17843692.00000000 16328.00000000
1460466240000 1460476020000 1063.00000000 1088.50000000 1093.00000000 1048.00000000 90012395.00000000 83488.00000000
1460451600000 1460465760000 1049.00000000 1062.50000000 1064.50000000 1048.00000000 22190956.00000000 20968.00000000
1460444460000 1460451540000 1042.50000000 1048.50000000 1051.00000000 1041.50000000 7764300.50000000 7436.00000000
1460379600000 1460389560000 1035.00000000 1045.00000000 1054.00000000 1026.00000000 80895109.00000000 77502.00000000
1460365200000 1460379540000 1023.50000000 1035.00000000 1035.00000000 1017.00000000 16637855.00000000 16188.00000000
1460358000000 1460364960000 1015.00000000 1023.50000000 1030.00000000 1011.50000000 18798937.00000000 18444.00000000
1460120400000 1460130600000 1043.00000000 1018.00000000 1046.50000000 1018.00000000 103642570.00000000 100364.00000000
1460106120000 1460120100000 1043.00000000 1043.50000000 1043.50000000 1040.50000000 7928643.50000000 7602.00000000
1460098800000 1460105880000 1042.50000000 1043.00000000 1049.50000000 1039.00000000 15691422.00000000 15036.00000000
1460034120000 1460043960000 1039.00000000 1060.00000000 1063.50000000 1035.50000000 68308217.50000000 64890.00000000
1460019780000 1460033400000 1041.50000000 1039.00000000 1043.00000000 1039.00000000 1088282.00000000 1046.00000000
1460012400000 1460019480000 1041.00000000 1043.00000000 1050.00000000 1041.00000000 3375634.00000000 3232.00000000
1459947900000 1459957800000 1040.50000000 1041.00000000 1047.00000000 1026.50000000 24777999.50000000 23900.00000000
1459933200000 1459947480000 1042.00000000 1039.50000000 1045.00000000 1038.00000000 2762633.50000000 2652.00000000
1459926060000 1459933080000 1035.50000000 1042.00000000 1043.00000000 1035.50000000 4999472.50000000 4809.00000000
1459861200000 1459871340000 1031.00000000 1039.00000000 1046.00000000 1023.00000000 22156216.50000000 21405.00000000
1459846860000 1459861020000 1036.00000000 1031.00000000 1036.50000000 1023.00000000 8035269.50000000 7812.00000000
1459839660000 1459846500000 1033.00000000 1036.00000000 1036.50000000 1030.00000000 4724956.50000000 4578.00000000
1459775100000 1459784760000 1039.50000000 1033.00000000 1042.50000000 1030.00000000 20947744.00000000 20202.00000000
1459760820000 1459774740000 1039.00000000 1039.50000000 1040.00000000 1037.50000000 2751358.00000000 2647.00000000
1459753200000 1459759920000 1039.00000000 1040.00000000 1041.00000000 1037.00000000 10226900.50000000 9843.00000000
1459515960000 1459525560000 1018.00000000 1028.00000000 1035.00000000 1014.00000000 20899512.00000000 20430.00000000
1459501680000 1459515540000 1022.50000000 1017.00000000 1027.50000000 1015.50000000 10890742.00000000 10678.00000000
1459494060000 1459500420000 1025.00000000 1025.00000000 1028.50000000 1015.50000000 10692220.50000000 10456.00000000
1459429260000 1459439160000 1038.00000000 1022.00000000 1038.00000000 1015.00000000 28571439.00000000 27884.00000000
1459414800000 1459429020000 1044.00000000 1042.00000000 1050.00000000 1035.00000000 25881989.00000000 24864.00000000
1459407600000 1459414620000 1043.50000000 1044.00000000 1048.00000000 1038.50000000 5093670.50000000 4889.00000000
1459342920000 1459352940000 1042.00000000 1041.50000000 1061.00000000 1037.00000000 49716732.50000000 47368.00000000
1459328400000 1459342620000 1036.50000000 1041.50000000 1042.50000000 1036.50000000 16071061.00000000 15459.00000000
1459321200000 1459328340000 1039.00000000 1037.00000000 1040.00000000 1036.00000000 7456900.00000000 7185.00000000
1459257420000 1459266600000 1011.50000000 1036.00000000 1036.00000000 1006.00000000 42112938.00000000 41031.00000000
1459242000000 1459254720000 1015.00000000 1009.00000000 1018.50000000 1009.00000000 5024680.00000000 4967.00000000
1459234800000 1459241880000 1022.00000000 1015.50000000 1022.50000000 1012.00000000 2997152.00000000 2944.00000000
1459170180000 1459180020000 1024.00000000 1013.00000000 1026.00000000 1001.00000000 32166971.50000000 31852.00000000
1459155660000 1459168380000 1030.00000000 1022.50000000 1030.00000000 1021.50000000 3029581.00000000 2950.00000000
1459148460000 1459155480000 1035.00000000 1030.00000000 1040.50000000 1029.50000000 3819064.50000000 3697.00000000
1458910860000 1458921000000 1036.00000000 1032.50000000 1037.00000000 1029.50000000 1374234.50000000 1330.00000000
1458897480000 1458910560000 1030.00000000 1036.00000000 1036.00000000 1028.00000000 3902580.50000000 3778.00000000
1458889320000 1458896280000 1029.50000000 1030.00000000 1030.00000000 1026.50000000 1374107.00000000 1337.00000000
1458824820000 1458834540000 1020.00000000 1028.00000000 1032.00000000 1018.00000000 21650969.00000000 21136.00000000
1458810300000 1458824160000 1025.50000000 1020.00000000 1025.50000000 1020.00000000 5462538.00000000 5343.00000000
1458802860000 1458809640000 1028.00000000 1027.00000000 1029.50000000 1020.00000000 1929966.50000000 1886.00000000
1458738120000 1458747960000 1026.00000000 1020.50000000 1035.00000000 1018.50000000 18293001.50000000 17825.00000000
1458723600000 1458737700000 1030.50000000 1027.00000000 1032.50000000 1023.00000000 19068466.00000000 18519.00000000
1458716460000 1458723540000 1025.50000000 1029.50000000 1031.50000000 1025.00000000 5508215.00000000 5353.00000000
1458651600000 1458661560000 1018.50000000 1023.50000000 1027.00000000 1005.00000000 27787484.50000000 27411.00000000
1458637260000 1458651540000 1017.00000000 1018.50000000 1023.50000000 1012.00000000 11314915.00000000 11131.00000000
1458630120000 1458636900000 1026.00000000 1017.00000000 1026.00000000 1011.50000000 12517731.50000000 12303.00000000
1458565260000 1458575400000 1030.00000000 1022.00000000 1035.00000000 1020.00000000 22014932.00000000 21457.00000000
1458550920000 1458565140000 1033.50000000 1033.50000000 1037.50000000 1029.50000000 7735081.50000000 7488.00000000
1458543660000 1458550620000 1033.50000000 1033.00000000 1037.00000000 1022.50000000 16440538.00000000 15967.00000000
1458306060000 1458316140000 1045.00000000 1034.50000000 1049.00000000 1021.50000000 31666183.50000000 30676.00000000
1458291660000 1458305880000 1042.50000000 1043.00000000 1049.00000000 1040.00000000 20901071.50000000 19989.00000000
1458284460000 1458291540000 1040.00000000 1043.00000000 1046.00000000 1034.00000000 10965297.50000000 10548.00000000
1458220080000 1458229560000 1033.00000000 1032.00000000 1044.00000000 1022.00000000 39350626.00000000 38019.00000000
1458205200000 1458219540000 1036.00000000 1031.50000000 1038.00000000 1025.50000000 12037472.50000000 11654.00000000
1458198000000 1458205020000 1040.00000000 1036.00000000 1042.50000000 1031.00000000 18213098.00000000 17570.00000000
1458133200000 1458143400000 1000.50000000 1021.00000000 1039.50000000 1000.00000000 93251568.00000000 91231.00000000
1458118800000 1458133140000 1000.00000000 1000.50000000 1011.50000000 999.50000000 29119195.50000000 29006.00000000
1458111600000 1458118740000 1000.00000000 1000.00000000 1001.50000000 997.50000000 12460906.00000000 12460.00000000
1458046800000 1458056760000 1020.50000000 1004.00000000 1024.00000000 995.50000000 41249588.50000000 40967.00000000
1458032400000 1458046740000 1023.50000000 1020.50000000 1032.00000000 1019.00000000 58724536.00000000 57163.00000000
1458025200000 1458032220000 1033.00000000 1022.50000000 1039.50000000 1022.50000000 11643990.00000000 11307.00000000
1457960460000 1457970360000 998.00000000 1023.00000000 1035.50000000 991.50000000 160940733.00000000 157545.00000000
1457946000000 1457960340000 987.00000000 997.00000000 1004.00000000 987.00000000 52781950.00000000 53153.00000000
1457938800000 1457945880000 993.00000000 987.00000000 994.00000000 985.50000000 9860539.00000000 9969.00000000
1457701500000 1457711400000 988.00000000 979.00000000 989.00000000 973.00000000 56349035.50000000 57567.00000000
1457686800000 1457700840000 990.00000000 989.00000000 990.00000000 985.50000000 9093769.50000000 9205.00000000
1457679600000 1457686620000 986.50000000 989.50000000 993.00000000 980.50000000 16315543.50000000 16514.00000000
1457614860000 1457624820000 995.00000000 978.50000000 998.00000000 976.00000000 73986622.50000000 75028.00000000
1457600400000 1457614740000 996.00000000 996.00000000 996.00000000 993.00000000 4569710.00000000 4594.00000000
1457593200000 1457600160000 990.00000000 996.00000000 996.00000000 990.00000000 16153419.00000000 16286.00000000
1457528400000 1457538540000 999.00000000 994.00000000 1003.50000000 991.00000000 48674118.50000000 48848.00000000
1457514240000 1457528220000 1005.50000000 999.00000000 1006.00000000 993.00000000 45419673.00000000 45438.00000000
1457506800000 1457513580000 1001.00000000 1006.00000000 1009.00000000 1001.00000000 15075211.50000000 15000.00000000
1457355900000 1457365560000 1022.00000000 1020.00000000 1029.50000000 1007.50000000 41325988.00000000 40551.00000000
1457341380000 1457355300000 1026.50000000 1022.50000000 1027.50000000 1021.00000000 8813251.50000000 8602.00000000
1457334000000 1457341080000 1095.50000000 1026.50000000 1095.50000000 1015.50000000 33493374.50000000 32460.00000000
1457096460000 1457106600000 1011.00000000 999.00000000 1021.00000000 987.50000000 74873743.50000000 74904.00000000
1457082000000 1457095380000 1011.50000000 1009.50000000 1016.00000000 1008.50000000 22791886.00000000 22512.00000000
1457074800000 1457081940000 1006.00000000 1011.50000000 1015.00000000 1005.50000000 18313005.50000000 18140.00000000
1457010300000 1457019960000 1025.00000000 1018.00000000 1045.50000000 1013.00000000 78529733.00000000 76236.00000000
1456995660000 1457009820000 1023.50000000 1025.00000000 1027.50000000 1016.50000000 20598396.00000000 20137.00000000
1456988400000 1456994760000 1019.50000000 1024.00000000 1029.00000000 1010.00000000 29347809.00000000 28683.00000000
1456923720000 1456933620000 985.00000000 1003.00000000 1009.00000000 980.50000000 55415736.00000000 55430.00000000
1456909200000 1456923540000 993.00000000 985.00000000 993.00000000 983.00000000 6354079.50000000 6431.00000000
1456902000000 1456909140000 995.00000000 993.50000000 995.50000000 986.50000000 9406804.50000000 9481.00000000
1456837380000 1456847160000 983.50000000 989.50000000 991.50000000 971.00000000 34783953.00000000 35427.00000000
1456822860000 1456837140000 981.50000000 983.50000000 983.50000000 978.50000000 7761755.50000000 7911.00000000
1456815600000 1456822740000 975.50000000 982.00000000 984.00000000 975.50000000 18660914.00000000 19057.00000000
1456750800000 1456761000000 994.00000000 978.00000000 994.00000000 976.00000000 41272858.00000000 42083.00000000
1456736400000 1456750200000 987.00000000 994.00000000 994.50000000 984.50000000 9709092.00000000 9795.00000000
1456729200000 1456736340000 980.00000000 987.00000000 994.00000000 979.50000000 15917863.50000000 16095.00000000
1456491600000 1456501800000 994.50000000 983.50000000 1009.00000000 977.00000000 54834883.00000000 55433.00000000
1456477260000 1456491540000 983.00000000 995.00000000 1012.00000000 979.50000000 70138700.50000000 70236.00000000
1456470000000 1456477080000 977.50000000 982.00000000 982.50000000 975.50000000 19634729.00000000 20069.00000000
1456405200000 1456415400000 980.00000000 982.00000000 995.00000000 977.00000000 28046283.50000000 28494.00000000
1456390860000 1456405080000 979.00000000 980.00000000 991.50000000 979.00000000 22324010.50000000 22688.00000000
1456383600000 1456390740000 990.00000000 980.00000000 993.00000000 976.50000000 18241617.00000000 18569.00000000
1456318800000 1456329000000 989.50000000 974.50000000 992.50000000 972.00000000 54224155.50000000 55411.00000000
1456304400000 1456318080000 1001.50000000 988.00000000 1001.50000000 987.50000000 11504691.00000000 11582.00000000
1456297260000 1456304340000 990.50000000 1001.50000000 1001.50000000 985.00000000 9147457.00000000 9182.00000000
1456146960000 1456156140000 1004.00000000 1002.50000000 1007.50000000 994.00000000 31099975.00000000 31045.00000000
1456131600000 1456145460000 1001.00000000 1002.00000000 1008.50000000 1000.00000000 7057688.50000000 7028.00000000
1456124460000 1456131540000 996.00000000 1000.50000000 1001.00000000 986.00000000 9652816.00000000 9684.00000000
1455973320000 1455983340000 994.50000000 988.00000000 994.50000000 985.50000000 3932093.00000000 3973.00000000
1455958980000 1455972960000 996.00000000 994.50000000 996.00000000 992.00000000 4843347.00000000 4868.00000000
1455951660000 1455958620000 985.50000000 994.00000000 996.00000000 980.00000000 5932373.00000000 5991.00000000
1455886800000 1455896940000 1004.50000000 989.00000000 1010.50000000 976.50000000 109558132.50000000 110464.00000000
1455872580000 1455886740000 1011.00000000 1004.50000000 1012.50000000 1001.50000000 15367503.50000000 15264.00000000
1455865200000 1455872280000 1005.00000000 1010.00000000 1011.00000000 999.00000000 19966592.00000000 19848.00000000
1455800400000 1455810600000 1044.50000000 1014.00000000 1060.00000000 1004.00000000 87289716.00000000 85061.00000000
1455786240000 1455800340000 1037.00000000 1047.00000000 1052.00000000 1033.50000000 18076352.00000000 17286.00000000
1455778800000 1455785520000 1035.00000000 1037.00000000 1040.00000000 1025.00000000 12905490.00000000 12496.00000000
1455714180000 1455724140000 1072.50000000 1044.00000000 1081.00000000 1036.00000000 76287986.50000000 71798.00000000
1455699720000 1455713820000 1069.50000000 1069.50000000 1075.00000000 1063.00000000 29533513.50000000 27604.00000000
1455692460000 1455699480000 1064.00000000 1070.00000000 1081.00000000 1061.00000000 29911564.50000000 27965.00000000
1455628020000 1455637740000 1008.50000000 1072.00000000 1075.50000000 1008.00000000 125937493.50000000 120118.00000000
1455613200000 1455627480000 1015.00000000 1007.00000000 1019.50000000 997.00000000 42303954.50000000 42079.00000000
1455606000000 1455613140000 1014.50000000 1012.00000000 1020.00000000 1003.50000000 12685174.00000000 12509.00000000
1455541260000 1455551340000 1014.00000000 1008.00000000 1016.50000000 1006.00000000 6963193.00000000 6876.00000000
1455526860000 1455541140000 1003.00000000 1013.50000000 1018.50000000 1001.00000000 17647227.50000000 17478.00000000
1455519600000 1455526380000 1004.00000000 1001.50000000 1007.50000000 1000.00000000 13516575.00000000 13476.00000000
1455282540000 1455292200000 1008.00000000 989.00000000 1022.50000000 989.00000000 42280981.50000000 42039.00000000
1455267660000 1455281820000 1006.00000000 1007.00000000 1012.50000000 1005.00000000 4780553.00000000 4748.00000000
1455260460000 1455267480000 1006.00000000 1005.50000000 1014.50000000 1005.50000000 3141773.00000000 3111.00000000
1455195720000 1455205740000 988.00000000 1007.00000000 1013.00000000 987.00000000 28426657.50000000 28296.00000000
1455181260000 1455195360000 990.00000000 990.00000000 998.50000000 985.00000000 17130697.00000000 17278.00000000
1455174060000 1455180840000 999.00000000 989.00000000 999.00000000 985.00000000 13821437.00000000 13973.00000000
1455109200000 1455119400000 1003.50000000 998.00000000 1010.00000000 987.50000000 41017476.50000000 40905.00000000
1455094800000 1455109140000 1003.00000000 1004.00000000 1009.50000000 994.50000000 14475751.00000000 14464.00000000
1455087660000 1455094740000 980.50000000 1003.00000000 1004.00000000 975.00000000 7026619.00000000 7077.00000000
1455022860000 1455033000000 982.00000000 992.00000000 1017.00000000 970.00000000 52598351.00000000 52885.00000000
1455008460000 1455022740000 996.00000000 982.00000000 996.00000000 976.50000000 19302332.00000000 19609.00000000
1455001200000 1455008340000 992.50000000 995.50000000 999.00000000 985.50000000 9693200.50000000 9777.00000000
1454936400000 1454946540000 992.50000000 986.00000000 995.50000000 968.00000000 55691207.50000000 56815.00000000
1454922000000 1454936340000 1018.00000000 993.00000000 1018.50000000 991.00000000 26011774.50000000 25967.00000000
1454914800000 1454921940000 1021.50000000 1018.50000000 1022.00000000 1001.50000000 12283301.00000000 12124.00000000
1454677200000 1454687400000 1035.00000000 1023.00000000 1035.00000000 1023.00000000 20083684.50000000 19578.00000000
1454663040000 1454677080000 1035.00000000 1035.00000000 1039.50000000 1026.50000000 10395285.50000000 10060.00000000
1454655600000 1454662680000 1046.00000000 1034.50000000 1046.00000000 1024.00000000 17209399.50000000 16694.00000000
1454590800000 1454600940000 1030.00000000 1054.00000000 1061.00000000 1020.50000000 80097589.50000000 77113.00000000
1454576580000 1454590560000 1030.50000000 1030.50000000 1032.00000000 1022.00000000 23848177.00000000 23179.00000000
1454569200000 1454575920000 1020.00000000 1027.50000000 1031.00000000 1016.50000000 23238396.50000000 22675.00000000
1454504460000 1454514600000 1019.50000000 1012.50000000 1028.00000000 1001.00000000 28054833.00000000 27751.00000000
1454490060000 1454503980000 1017.50000000 1018.00000000 1021.00000000 1011.50000000 4380809.50000000 4304.00000000
1454482800000 1454489700000 1012.50000000 1017.50000000 1019.50000000 1000.50000000 7110852.00000000 7030.00000000
1454418600000 1454428200000 1030.00000000 1012.00000000 1041.00000000 1006.00000000 22738735.00000000 22278.00000000
1454403600000 1454417880000 1035.50000000 1030.00000000 1040.50000000 1023.00000000 11035345.00000000 10705.00000000
1454396400000 1454403540000 1019.50000000 1035.50000000 1041.00000000 1019.50000000 18157162.50000000 17553.00000000
1454331660000 1454341560000 1018.00000000 1013.00000000 1026.00000000 1008.00000000 26791037.00000000 26371.00000000
1454317200000 1454331540000 1019.00000000 1020.00000000 1020.00000000 1013.00000000 6581629.00000000 6470.00000000
1454310000000 1454317140000 1015.00000000 1018.50000000 1020.00000000 1000.00000000 6787560.50000000 6699.00000000
1454072520000 1454082480000 1015.20000000 1007.00000000 1024.80000000 1005.20000000 29657649.20000000 29225.00000000
1454058000000 1454072280000 1021.10000000 1015.30000000 1029.30000000 1013.80000000 13555525.90000000 13267.00000000
1454050800000 1454057940000 1019.00000000 1021.00000000 1029.80000000 1005.50000000 16070886.90000000 15775.00000000
1453986060000 1453996200000 1036.40000000 1017.40000000 1051.00000000 1011.00000000 59301565.60000000 57451.00000000
1453971660000 1453985940000 1040.00000000 1036.30000000 1040.00000000 1033.50000000 17266457.20000000 16622.00000000
1453964400000 1453971480000 1049.60000000 1040.00000000 1049.80000000 1039.60000000 11120941.20000000 10654.00000000
1453899600000 1453909800000 1045.00000000 1049.90000000 1054.80000000 1038.80000000 50943419.70000000 48680.00000000
1453885320000 1453899540000 1030.40000000 1045.00000000 1047.70000000 1030.00000000 24520691.80000000 23618.00000000
1453878000000 1453884840000 1018.10000000 1030.40000000 1039.50000000 1018.10000000 17205883.50000000 16707.00000000
1453813560000 1453823160000 1005.70000000 1012.00000000 1014.80000000 993.80000000 26012523.30000000 25872.00000000
1453798800000 1453813140000 1001.40000000 1006.70000000 1007.00000000 990.00000000 16062076.30000000 16121.00000000
1453791600000 1453798680000 1003.00000000 1001.20000000 1023.80000000 1000.10000000 17212821.50000000 17023.00000000
1453726860000 1453736940000 1021.70000000 1002.10000000 1030.00000000 990.40000000 28221191.50000000 27976.00000000
1453712700000 1453726740000 1018.50000000 1021.60000000 1030.00000000 1017.10000000 17609888.10000000 17178.00000000
1453705260000 1453712220000 1020.00000000 1019.80000000 1021.80000000 988.00000000 18664354.20000000 18494.00000000
1453467600000 1453477560000 1027.00000000 1020.00000000 1039.00000000 1013.00000000 41233686.20000000 40221.00000000
1453453380000 1453467540000 1012.70000000 1025.30000000 1028.40000000 996.20000000 31513788.40000000 31112.00000000
1453446000000 1453453080000 1020.30000000 1015.00000000 1029.30000000 995.50000000 25216610.80000000 24973.00000000
1453381260000 1453391400000 960.00000000 1020.00000000 1023.00000000 955.70000000 83997894.40000000 84488.00000000
1453366800000 1453381080000 949.10000000 960.00000000 960.00000000 944.00000000 20987723.40000000 22092.00000000
1453359600000 1453366680000 926.90000000 951.60000000 960.50000000 920.10000000 37478241.10000000 39567.00000000
1453294800000 1453304760000 936.90000000 912.50000000 945.90000000 903.20000000 51394193.10000000 55997.00000000
1453280400000 1453294740000 926.50000000 936.90000000 936.90000000 923.50000000 13865482.20000000 14929.00000000
1453273200000 1453280340000 946.90000000 928.40000000 946.90000000 923.90000000 25632266.80000000 27429.00000000
1453208400000 1453218540000 984.00000000 954.00000000 987.20000000 951.70000000 36875164.80000000 38007.00000000
1453194180000 1453208340000 978.80000000 984.00000000 990.80000000 978.30000000 22398211.30000000 22750.00000000
1453186800000 1453193460000 966.00000000 975.00000000 984.70000000 963.00000000 24722927.80000000 25418.00000000
1453122120000 1453131600000 955.50000000 963.00000000 966.90000000 953.40000000 4830113.70000000 5023.00000000
1453107600000 1453121460000 958.40000000 952.90000000 967.90000000 950.20000000 10405879.00000000 10853.00000000
1453100460000 1453107540000 949.00000000 958.50000000 978.10000000 900.10000000 29500793.10000000 30823.00000000
1452862800000 1452873000000 960.60000000 954.00000000 970.00000000 930.00000000 45465862.20000000 47839.00000000
1452848400000 1452862740000 990.00000000 960.90000000 995.40000000 955.40000000 24442941.80000000 25005.00000000
1452841200000 1452848340000 1010.00000000 990.20000000 1014.00000000 990.00000000 13073558.00000000 13099.00000000
1452776400000 1452786600000 984.30000000 1009.00000000 1009.90000000 970.20000000 45217956.00000000 45744.00000000
1452762000000 1452776160000 983.20000000 984.30000000 987.70000000 981.30000000 7045385.50000000 7159.00000000
1452754800000 1452761760000 995.20000000 983.10000000 1003.00000000 982.90000000 19352345.20000000 19495.00000000
1452690060000 1452700200000 1016.00000000 1006.00000000 1023.80000000 1006.00000000 31229345.00000000 30723.00000000
1452675600000 1452689760000 1017.00000000 1015.90000000 1017.00000000 1010.00000000 8510837.50000000 8392.00000000
1452668400000 1452675480000 1004.10000000 1016.90000000 1018.40000000 1004.10000000 11662407.00000000 11519.00000000
1452603720000 1452613800000 993.90000000 999.00000000 1004.20000000 992.50000000 48049642.10000000 48145.00000000
1452589320000 1452603540000 984.60000000 993.90000000 1000.10000000 981.00000000 30193572.80000000 30491.00000000
1452582000000 1452589140000 982.50000000 983.90000000 996.20000000 972.20000000 30641074.30000000 31309.00000000
1452517200000 1452527400000 1036.80000000 987.00000000 1040.30000000 987.00000000 87026139.30000000 86193.00000000
1452502860000 1452517140000 1045.00000000 1037.30000000 1045.70000000 1033.20000000 16779902.90000000 16138.00000000
1452495600000 1452502740000 1027.50000000 1045.00000000 1075.00000000 1027.50000000 41205716.20000000 39310.00000000
1452085260000 1452095280000 1126.80000000 1112.00000000 1128.50000000 1095.00000000 33647059.40000000 30299.00000000
1452070980000 1452084960000 1129.50000000 1125.00000000 1130.00000000 1125.00000000 2925233.60000000 2599.00000000
1452063780000 1452070560000 1131.90000000 1130.00000000 1133.50000000 1115.10000000 5578458.70000000 4961.00000000
1451998860000 1452008820000 1102.00000000 1133.90000000 1134.80000000 1100.70000000 20998086.00000000 18806.00000000
1451984460000 1451997420000 1103.20000000 1103.50000000 1104.90000000 1100.80000000 3791652.60000000 3436.00000000
1451977200000 1451984340000 1080.00000000 1103.20000000 1103.30000000 1075.20000000 22264524.30000000 20353.00000000
1451912460000 1451922480000 1112.70000000 1064.10000000 1116.00000000 1060.00000000 49104568.80000000 45565.00000000
1451898300000 1451911260000 1133.10000000 1112.60000000 1133.10000000 1112.60000000 8460433.00000000 7533.00000000
1451890920000 1451897940000 1148.90000000 1132.80000000 1157.90000000 1132.80000000 3059340.00000000 2683.00000000
1451480580000 1451490600000 1141.50000000 1147.00000000 1159.80000000 1136.60000000 19471559.40000000 16957.00000000
1451466600000 1451480040000 1139.90000000 1141.50000000 1144.90000000 1139.00000000 6091639.80000000 5340.00000000
1451458980000 1451465760000 1136.10000000 1138.80000000 1147.90000000 1136.10000000 3652172.00000000 3205.00000000
1451394000000 1451404080000 1138.30000000 1138.00000000 1152.10000000 1129.50000000 20023372.70000000 17526.00000000
1451379600000 1451393940000 1126.50000000 1138.20000000 1144.80000000 1124.40000000 6693584.50000000 5920.00000000
1451372400000 1451379480000 1121.10000000 1127.90000000 1149.50000000 1121.10000000 4118555.00000000 3656.00000000
1451307660000 1451317560000 1112.40000000 1119.50000000 1133.60000000 1111.10000000 22193839.00000000 19785.00000000
1451293320000 1451307180000 1112.00000000 1112.00000000 1115.70000000 1110.00000000 5273956.50000000 4744.00000000
1451286120000 1451292840000 1109.20000000 1111.90000000 1115.70000000 1107.80000000 1548439.10000000 1393.00000000
1451048400000 1451058600000 1114.20000000 1110.00000000 1114.40000000 1102.10000000 7303303.60000000 6579.00000000
1451034180000 1451048220000 1120.80000000 1114.20000000 1121.30000000 1111.00000000 11118561.70000000 9977.00000000
1451026860000 1451033820000 1110.20000000 1120.70000000 1120.70000000 1108.50000000 3084181.70000000 2761.00000000
1450962180000 1450972080000 1117.00000000 1129.10000000 1136.00000000 1111.40000000 20770978.50000000 18469.00000000
1450947720000 1450961940000 1103.20000000 1117.00000000 1117.30000000 1101.50000000 4911329.90000000 4429.00000000
1450940400000 1450947480000 1117.00000000 1103.20000000 1122.70000000 1100.60000000 7260558.30000000 6537.00000000
1450875600000 1450885740000 1128.10000000 1125.10000000 1128.20000000 1113.40000000 31572288.30000000 28107.00000000
1450861380000 1450875480000 1111.00000000 1123.90000000 1129.40000000 1111.00000000 12116559.60000000 10829.00000000
1450854000000 1450860720000 1090.80000000 1114.00000000 1118.70000000 1090.80000000 6364741.50000000 5733.00000000
1450789260000 1450799220000 1104.70000000 1090.10000000 1105.00000000 1090.10000000 20870960.30000000 19001.00000000
1450774800000 1450788780000 1113.10000000 1104.00000000 1115.90000000 1104.00000000 2845080.20000000 2565.00000000
1450767600000 1450774440000 1104.00000000 1113.10000000 1119.00000000 1101.10000000 7768676.80000000 6988.00000000
1450702800000 1450712760000 1090.00000000 1095.10000000 1103.80000000 1070.20000000 22481192.10000000 20621.00000000
1450688400000 1450702740000 1091.70000000 1090.00000000 1095.00000000 1089.80000000 4488496.80000000 4110.00000000
1450681260000 1450688220000 1085.00000000 1091.10000000 1095.60000000 1085.00000000 4038904.40000000 3707.00000000
1450443900000 1450453680000 1065.20000000 1075.10000000 1089.90000000 1061.20000000 17126597.40000000 15875.00000000
1450429200000 1450443240000 1081.60000000 1065.40000000 1082.80000000 1062.70000000 11729574.90000000 10943.00000000
1450422000000 1450428900000 1085.00000000 1081.60000000 1087.00000000 1081.60000000 3065708.30000000 2831.00000000
1450357200000 1450367220000 1085.00000000 1084.90000000 1111.10000000 1081.00000000 32910399.40000000 30000.00000000
1450342860000 1450356900000 1065.90000000 1085.00000000 1087.70000000 1065.00000000 9955500.00000000 9238.00000000
1450335600000 1450342740000 1070.00000000 1066.00000000 1070.00000000 1064.90000000 3050298.30000000 2859.00000000
1450270800000 1450280760000 1062.10000000 1067.00000000 1085.00000000 1062.00000000 21017046.10000000 19606.00000000
1450256400000 1450270740000 1062.30000000 1063.20000000 1068.80000000 1057.10000000 3562690.30000000 3349.00000000
1450249200000 1450256160000 1060.00000000 1062.30000000 1070.00000000 1056.00000000 6117675.20000000 5762.00000000
1450184460000 1450194540000 1018.20000000 1055.00000000 1059.60000000 1018.10000000 64516040.50000000 61851.00000000
1450170060000 1450184340000 1020.00000000 1018.10000000 1021.80000000 1016.00000000 10801070.40000000 10608.00000000
1450162800000 1450169940000 995.00000000 1020.00000000 1020.00000000 994.50000000 9473148.20000000 9413.00000000
1450098240000 1450108200000 1012.00000000 984.40000000 1023.20000000 981.10000000 46148289.30000000 46403.00000000
1450083600000 1450097880000 1021.10000000 1012.00000000 1024.10000000 1012.00000000 3919844.00000000 3850.00000000
1450076400000 1450083540000 1020.10000000 1021.10000000 1030.00000000 1020.10000000 7713981.10000000 7531.00000000
1449839100000 1449848760000 1053.10000000 1037.00000000 1053.10000000 1020.10000000 18733602.30000000 18073.00000000
1449824400000 1449838200000 1046.30000000 1054.00000000 1055.00000000 1046.30000000 15881861.20000000 15109.00000000
1449817200000 1449824220000 1030.10000000 1046.40000000 1047.70000000 1030.10000000 4786272.10000000 4587.00000000
1449752760000 1449762420000 1038.00000000 1030.30000000 1040.00000000 1030.00000000 20046609.90000000 19420.00000000
1449738000000 1449752340000 1040.80000000 1039.80000000 1042.80000000 1031.10000000 5928880.10000000 5717.00000000
1449730920000 1449737940000 1047.00000000 1041.00000000 1051.70000000 1033.00000000 7006697.60000000 6728.00000000
1449666120000 1449675960000 1046.20000000 1050.00000000 1060.00000000 1043.00000000 14264887.10000000 13541.00000000
1449651900000 1449665880000 1039.80000000 1045.30000000 1048.00000000 1037.50000000 5405459.00000000 5187.00000000
1449644400000 1449651480000 1038.90000000 1039.90000000 1039.90000000 1034.40000000 3442956.20000000 3316.00000000
1449579780000 1449589560000 1042.80000000 1038.90000000 1051.80000000 1003.10000000 43078582.90000000 41920.00000000
1449565440000 1449579420000 1041.80000000 1042.80000000 1052.00000000 1040.70000000 10097978.60000000 9639.00000000
1449558000000 1449565140000 1060.00000000 1041.80000000 1060.00000000 1040.70000000 7691913.10000000 7351.00000000
1449493200000 1449503340000 1090.80000000 1060.00000000 1090.90000000 1038.20000000 33917510.20000000 31923.00000000
1449478800000 1449492780000 1082.90000000 1088.90000000 1091.00000000 1082.20000000 4195667.70000000 3858.00000000
1449471840000 1449478740000 1091.50000000 1083.50000000 1091.60000000 1082.80000000 836794.40000000 770.00000000
1449234000000 1449244020000 1082.40000000 1087.10000000 1094.00000000 1071.60000000 28920810.10000000 26761.00000000
1449220200000 1449233280000 1094.90000000 1082.20000000 1098.90000000 1082.20000000 8708775.50000000 7961.00000000
1449212400000 1449219180000 1090.00000000 1094.90000000 1104.90000000 1090.00000000 2782138.30000000 2544.00000000
1449147660000 1449157560000 1107.10000000 1099.00000000 1114.00000000 1094.80000000 17716675.60000000 16019.00000000
1449133380000 1449147420000 1107.90000000 1107.10000000 1108.40000000 1103.30000000 4796571.20000000 4338.00000000
1449126060000 1449132840000 1105.00000000 1108.00000000 1114.00000000 1101.00000000 4443736.40000000 4007.00000000
1449061200000 1449071400000 1060.10000000 1104.00000000 1104.00000000 1051.80000000 50200836.20000000 46554.00000000
1449046800000 1449061140000 1078.60000000 1060.10000000 1080.90000000 1060.00000000 11367108.90000000 10661.00000000
1449039600000 1449046740000 1079.80000000 1078.60000000 1083.20000000 1065.00000000 11821601.00000000 11018.00000000
1448974980000 1448984760000 1103.90000000 1086.00000000 1108.00000000 1076.00000000 15500239.20000000 14234.00000000
1448960520000 1448974380000 1103.00000000 1104.00000000 1104.00000000 1100.10000000 3740614.10000000 3392.00000000
1448953320000 1448960340000 1097.20000000 1103.00000000 1108.20000000 1097.20000000 5489200.30000000 4980.00000000
1448888760000 1448898360000 1091.30000000 1094.00000000 1099.00000000 1076.00000000 21358304.30000000 19651.00000000
1448874240000 1448887920000 1088.20000000 1091.50000000 1098.30000000 1083.30000000 8585246.10000000 7864.00000000
1448866800000 1448873580000 1074.50000000 1088.10000000 1098.80000000 1074.40000000 6141693.50000000 5640.00000000
1448629200000 1448639220000 1100.00000000 1074.50000000 1110.10000000 1066.20000000 31411573.00000000 28951.00000000
1448614800000 1448629080000 1110.50000000 1099.80000000 1116.90000000 1094.00000000 19447934.90000000 17603.00000000
1448607780000 1448614560000 1116.20000000 1110.30000000 1121.60000000 1110.00000000 5484131.20000000 4913.00000000
1448542800000 1448552760000 1124.00000000 1117.70000000 1124.20000000 1115.00000000 4223751.90000000 3777.00000000
1448529000000 1448542620000 1121.50000000 1120.00000000 1148.80000000 1120.00000000 18276800.80000000 16118.00000000
1448521200000 1448528100000 1119.90000000 1120.90000000 1125.00000000 1119.00000000 4073204.60000000 3636.00000000
1448456400000 1448466360000 1137.80000000 1127.00000000 1149.90000000 1117.90000000 32139327.80000000 28426.00000000
1448442000000 1448456340000 1116.80000000 1137.90000000 1137.90000000 1115.10000000 9189517.80000000 8195.00000000
1448434800000 1448441880000 1095.60000000 1116.80000000 1120.00000000 1095.50000000 13616611.90000000 12224.00000000
1448370060000 1448379960000 1099.20000000 1092.00000000 1100.80000000 1060.00000000 42037944.60000000 38699.00000000
1448355600000 1448369940000 1102.00000000 1100.00000000 1119.90000000 1084.80000000 43344984.30000000 39376.00000000
1448348400000 1448355540000 1129.90000000 1102.30000000 1131.40000000 1102.30000000 10540910.30000000 9435.00000000
1448283600000 1448293680000 1149.70000000 1129.90000000 1149.80000000 1121.00000000 37833915.60000000 33418.00000000
1448269200000 1448283480000 1133.50000000 1145.00000000 1150.00000000 1130.50000000 17585834.70000000 15405.00000000
1448262000000 1448269080000 1112.00000000 1133.50000000 1133.70000000 1112.00000000 8422394.30000000 7499.00000000
1448024400000 1448034480000 1100.40000000 1111.00000000 1120.90000000 1099.90000000 26444268.00000000 23828.00000000
1448010120000 1448024340000 1095.90000000 1101.90000000 1104.90000000 1093.60000000 20319242.00000000 18450.00000000
1448003040000 1448009820000 1090.30000000 1096.00000000 1096.00000000 1089.10000000 2872524.50000000 2628.00000000
1447938000000 1447948020000 1094.00000000 1086.00000000 1106.80000000 1079.00000000 57734377.30000000 52739.00000000
1447923600000 1447937940000 1083.00000000 1094.00000000 1098.00000000 1071.80000000 29670557.10000000 27364.00000000
1447916400000 1447923540000 1099.00000000 1082.20000000 1099.00000000 1077.50000000 76509841.30000000 70464.00000000
1447851600000 1447861560000 1050.70000000 1094.00000000 1098.80000000 1050.20000000 98415041.60000000 91869.00000000
1447837200000 1447851540000 1054.20000000 1051.00000000 1060.00000000 1050.60000000 18496627.90000000 17540.00000000
1447830000000 1447837140000 1060.00000000 1053.70000000 1063.50000000 1050.60000000 7270437.70000000 6869.00000000
1447765200000 1447775340000 1014.30000000 1059.00000000 1080.50000000 1014.00000000 77715147.20000000 73509.00000000
1447750860000 1447765140000 1015.00000000 1014.30000000 1027.00000000 1012.40000000 18385800.30000000 17974.00000000
1447743600000 1447750680000 1014.90000000 1015.80000000 1025.80000000 1012.20000000 12612685.60000000 12407.00000000
1447678800000 1447688880000 1015.70000000 1015.10000000 1021.00000000 1001.60000000 21965192.00000000 21692.00000000
1447664400000 1447678740000 1013.10000000 1015.60000000 1022.00000000 1012.70000000 7071392.40000000 6957.00000000
1447657200000 1447664340000 996.00000000 1013.10000000 1014.90000000 996.00000000 3238562.90000000 3216.00000000
1447419600000 1447429560000 1007.10000000 1001.00000000 1015.00000000 990.00000000 22257424.50000000 22266.00000000
1447405200000 1447419480000 1011.90000000 1007.10000000 1020.00000000 1005.00000000 11224705.00000000 11084.00000000
1447398120000 1447405020000 1017.90000000 1011.50000000 1017.90000000 1003.10000000 8960965.40000000 8881.00000000
1447333260000 1447343280000 1045.20000000 1020.60000000 1049.90000000 1005.00000000 39676705.50000000 38857.00000000
1447318860000 1447333140000 1044.30000000 1044.30000000 1049.90000000 1041.80000000 6179144.60000000 5911.00000000
1447311780000 1447318740000 1040.50000000 1044.30000000 1044.30000000 1032.50000000 11453785.90000000 11003.00000000
1447246800000 1447256940000 1025.30000000 1040.00000000 1048.90000000 1025.10000000 35676805.30000000 34365.00000000
1447232400000 1447246740000 1016.80000000 1025.30000000 1029.00000000 1016.80000000 13115533.30000000 12800.00000000
1447225260000 1447232280000 1020.10000000 1017.00000000 1024.10000000 1015.20000000 4699142.30000000 4610.00000000
1447160460000 1447170360000 1029.50000000 1027.00000000 1029.80000000 1011.70000000 23132949.70000000 22624.00000000
1447146000000 1447160340000 1033.50000000 1029.90000000 1033.50000000 1017.00000000 24807219.30000000 24222.00000000
1447138800000 1447145940000 1021.10000000 1034.00000000 1036.50000000 1017.50000000 16858676.80000000 16386.00000000
1447074000000 1447084080000 1008.80000000 1012.00000000 1028.40000000 1004.00000000 32214937.10000000 31753.00000000
1447059720000 1447073700000 1006.20000000 1007.00000000 1009.80000000 1004.00000000 5181236.80000000 5143.00000000
1447052400000 1447059240000 999.00000000 1005.00000000 1008.40000000 994.20000000 7246484.30000000 7213.00000000
1446815220000 1446824940000 995.60000000 994.90000000 1001.00000000 967.00000000 41752165.40000000 42345.00000000
1446801120000 1446813960000 1001.00000000 995.70000000 1001.00000000 992.20000000 1687488.20000000 1693.00000000
1446793320000 1446800280000 982.10000000 1000.00000000 1005.00000000 982.10000000 11237062.50000000 11296.00000000
1446728400000 1446738600000 998.40000000 980.00000000 1011.70000000 980.00000000 43724865.30000000 43930.00000000
1446714060000 1446728040000 1000.00000000 997.40000000 1006.00000000 993.70000000 13612951.10000000 13629.00000000
1446706800000 1446713820000 1002.20000000 1000.00000000 1007.00000000 998.00000000 9088660.20000000 9068.00000000
1446555600000 1446565680000 1033.20000000 1011.00000000 1039.90000000 1011.00000000 49575459.40000000 48165.00000000
1446541200000 1446555540000 1030.80000000 1034.60000000 1039.00000000 1030.50000000 12121061.60000000 11701.00000000
1446534000000 1446541080000 1030.30000000 1030.80000000 1037.00000000 1029.60000000 17291891.50000000 16754.00000000
1446469260000 1446479220000 1016.00000000 1030.00000000 1036.80000000 1003.10000000 59193954.20000000 57879.00000000
1446454800000 1446469080000 1016.60000000 1016.00000000 1017.00000000 1015.00000000 13931711.40000000 13706.00000000
1446447600000 1446454560000 1018.00000000 1017.00000000 1022.40000000 1013.00000000 11996296.00000000 11792.00000000
1446210000000 1446219960000 999.00000000 1016.00000000 1022.00000000 996.00000000 39990630.00000000 39559.00000000
1446195660000 1446209940000 996.00000000 1000.00000000 1006.00000000 995.00000000 11329398.00000000 11331.00000000
1446188400000 1446195540000 995.00000000 996.00000000 1007.00000000 989.00000000 8228221.00000000 8266.00000000
1446123600000 1446133800000 989.00000000 1009.00000000 1020.00000000 987.00000000 88112644.00000000 87695.00000000
1446109200000 1446123540000 995.00000000 989.00000000 999.00000000 971.00000000 25369671.00000000 25836.00000000
1446102000000 1446109020000 996.00000000 995.00000000 1002.00000000 991.00000000 10056917.00000000 10100.00000000
1446037200000 1446047220000 950.00000000 1002.00000000 1009.00000000 947.00000000 208083502.00000000 210293.00000000
1446022800000 1446037080000 958.00000000 950.00000000 960.00000000 932.00000000 59293723.00000000 62584.00000000
1446015600000 1446022680000 960.00000000 958.00000000 970.00000000 957.00000000 46310530.00000000 48081.00000000
1445950800000 1445961000000 919.00000000 940.00000000 965.00000000 858.00000000 303756322.00000000 331672.00000000
1445936400000 1445950740000 853.00000000 918.00000000 923.00000000 851.00000000 224340308.00000000 250779.00000000
1445929200000 1445936280000 862.00000000 852.00000000 873.00000000 851.00000000 33536340.00000000 39063.00000000
1445864400000 1445874540000 820.00000000 838.00000000 854.00000000 820.00000000 54763126.00000000 65320.00000000
1445850000000 1445864340000 815.00000000 823.00000000 825.00000000 812.00000000 15686030.00000000 19123.00000000
1445842800000 1445849820000 815.00000000 815.00000000 819.00000000 808.00000000 5630182.00000000 6910.00000000
1445605200000 1445615400000 822.00000000 813.00000000 823.00000000 798.00000000 68234542.00000000 84398.00000000
1445590800000 1445605140000 814.00000000 823.00000000 823.00000000 812.00000000 15328286.00000000 18775.00000000
1445583600000 1445590440000 822.00000000 812.00000000 822.00000000 805.00000000 15326105.00000000 18854.00000000
1445519100000 1445528940000 824.00000000 836.00000000 840.00000000 822.00000000 23289541.00000000 28019.00000000
1445504400000 1445518620000 824.00000000 826.00000000 827.00000000 820.00000000 4903490.00000000 5943.00000000
1445497200000 1445504280000 820.00000000 826.00000000 828.00000000 813.00000000 12688738.00000000 15487.00000000
1445432520000 1445442420000 830.00000000 822.00000000 835.00000000 801.00000000 33246747.00000000 40890.00000000
1445418000000 1445432340000 827.00000000 830.00000000 834.00000000 824.00000000 8499693.00000000 10252.00000000
1445410800000 1445417940000 831.00000000 828.00000000 836.00000000 826.00000000 9329611.00000000 11240.00000000
1445346000000 1445356020000 847.00000000 834.00000000 850.00000000 830.00000000 17038726.00000000 20225.00000000
1445331600000 1445345940000 848.00000000 847.00000000 850.00000000 834.00000000 15964269.00000000 18948.00000000
1445324580000 1445331540000 842.00000000 849.00000000 854.00000000 834.00000000 11572125.00000000 13742.00000000
1445259660000 1445269680000 824.00000000 845.00000000 857.00000000 821.00000000 57768955.00000000 68653.00000000
1445245200000 1445259420000 822.00000000 824.00000000 826.00000000 816.00000000 5320780.00000000 6473.00000000
1445238000000 1445245140000 811.00000000 822.00000000 827.00000000 811.00000000 8515265.00000000 10400.00000000
1445000460000 1445010540000 831.00000000 813.00000000 833.00000000 813.00000000 38395083.00000000 46707.00000000
1444986000000 1445000280000 836.00000000 830.00000000 837.00000000 818.00000000 14061593.00000000 17026.00000000
1444978800000 1444985280000 828.00000000 837.00000000 844.00000000 827.00000000 12187739.00000000 14597.00000000
1444914000000 1444924200000 829.00000000 821.00000000 862.00000000 821.00000000 127750939.00000000 151449.00000000
1444899600000 1444913940000 834.00000000 829.00000000 836.00000000 825.00000000 10891957.00000000 13149.00000000
1444892400000 1444899540000 828.00000000 834.00000000 840.00000000 823.00000000 41199550.00000000 49488.00000000
1444827720000 1444837740000 809.00000000 818.00000000 819.00000000 787.00000000 44392028.00000000 55044.00000000
1444813200000 1444827480000 809.00000000 808.00000000 811.00000000 790.00000000 31160331.00000000 38974.00000000
1444806000000 1444813140000 804.00000000 810.00000000 823.00000000 789.00000000 46171631.00000000 57250.00000000
1444741200000 1444751340000 774.00000000 814.00000000 821.00000000 764.00000000 116057296.00000000 145665.00000000
1444726800000 1444741140000 774.00000000 775.00000000 776.00000000 766.00000000 21368054.00000000 27705.00000000
1444719660000 1444726680000 744.00000000 773.00000000 782.00000000 744.00000000 50413661.00000000 65760.00000000
1444654800000 1444664820000 756.00000000 743.00000000 763.00000000 732.00000000 38408802.00000000 51485.00000000
1444640400000 1444654740000 763.00000000 756.00000000 765.00000000 756.00000000 7297408.00000000 9591.00000000
1444633200000 1444640280000 764.00000000 763.00000000 767.00000000 759.00000000 1708742.00000000 2239.00000000
1444395660000 1444405680000 750.00000000 763.00000000 769.00000000 750.00000000 33388501.00000000 43785.00000000
1444381200000 1444395480000 750.00000000 750.00000000 757.00000000 747.00000000 11038378.00000000 14689.00000000
1444374120000 1444381080000 742.00000000 749.00000000 755.00000000 736.00000000 13566613.00000000 18139.00000000
1444309320000 1444319400000 744.00000000 736.00000000 749.00000000 731.00000000 25436572.00000000 34442.00000000
1444294800000 1444309140000 743.00000000 743.00000000 748.00000000 742.00000000 10864950.00000000 14582.00000000
1444287660000 1444294680000 749.00000000 743.00000000 749.00000000 733.00000000 9827526.00000000 13239.00000000
1444222860000 1444233000000 760.00000000 745.00000000 785.00000000 738.00000000 58068931.00000000 76422.00000000
1444208400000 1444222440000 767.00000000 759.00000000 774.00000000 754.00000000 16082675.00000000 21081.00000000
1444201320000 1444208280000 770.00000000 767.00000000 779.00000000 765.00000000 11074967.00000000 14335.00000000
1444136400000 1444146360000 780.00000000 769.00000000 794.00000000 752.00000000 45032091.00000000 58117.00000000
1444122000000 1444136340000 783.00000000 780.00000000 783.00000000 775.00000000 8162293.00000000 10473.00000000
1444114800000 1444121880000 784.00000000 783.00000000 791.00000000 772.00000000 27427218.00000000 35095.00000000
1444050000000 1444060140000 751.00000000 775.00000000 783.00000000 750.00000000 65307037.00000000 84827.00000000
1444035600000 1444049940000 751.00000000 751.00000000 753.00000000 745.00000000 7818378.00000000 10447.00000000
1444028400000 1444035540000 737.00000000 752.00000000 755.00000000 737.00000000 26484662.00000000 35357.00000000
1443790920000 1443800940000 706.00000000 730.00000000 734.00000000 701.00000000 35596792.00000000 49495.00000000
1443776400000 1443790620000 704.00000000 706.00000000 718.00000000 704.00000000 19885599.00000000 28109.00000000
1443769260000 1443776280000 706.00000000 705.00000000 711.00000000 702.00000000 2423007.00000000 3428.00000000
1443704400000 1443714600000 706.00000000 704.00000000 720.00000000 698.00000000 26672200.00000000 37587.00000000
1443690000000 1443704280000 711.00000000 707.00000000 712.00000000 705.00000000 7737911.00000000 10917.00000000
1443682860000 1443689940000 718.00000000 711.00000000 722.00000000 708.00000000 6806542.00000000 9569.00000000
1443618000000 1443628200000 728.00000000 713.00000000 728.00000000 704.00000000 36799448.00000000 51559.00000000
1443603600000 1443617940000 728.00000000 729.00000000 732.00000000 721.00000000 24726602.00000000 34064.00000000
1443596400000 1443603540000 710.00000000 728.00000000 728.00000000 708.00000000 17872099.00000000 24830.00000000
1443531600000 1443541800000 691.00000000 703.00000000 715.00000000 690.00000000 42985057.00000000 61256.00000000
1443517200000 1443531360000 694.00000000 692.00000000 695.00000000 688.00000000 9790937.00000000 14171.00000000
1443510000000 1443517140000 689.00000000 694.00000000 700.00000000 683.00000000 37289672.00000000 54017.00000000
1443445200000 1443455400000 700.00000000 694.00000000 707.00000000 686.00000000 38614239.00000000 55526.00000000
1443430800000 1443445140000 715.00000000 700.00000000 716.00000000 696.00000000 17924971.00000000 25481.00000000
1443423600000 1443430740000 712.00000000 716.00000000 720.00000000 711.00000000 7893084.00000000 11040.00000000
1443186060000 1443196200000 727.00000000 714.00000000 732.00000000 706.00000000 45968706.00000000 64194.00000000
1443171600000 1443185940000 729.00000000 727.00000000 736.00000000 727.00000000 34704062.00000000 47562.00000000
1443164400000 1443171480000 716.00000000 728.00000000 738.00000000 716.00000000 20986057.00000000 28641.00000000
1443099600000 1443109800000 744.00000000 714.00000000 744.00000000 705.00000000 65448605.00000000 90401.00000000
1443085200000 1443099540000 748.00000000 743.00000000 750.00000000 738.00000000 26816292.00000000 36044.00000000
1443078000000 1443085080000 750.00000000 749.00000000 752.00000000 741.00000000 19588882.00000000 26198.00000000
1443013200000 1443023400000 774.00000000 752.00000000 780.00000000 749.00000000 71246200.00000000 94028.00000000
1442998800000 1443013140000 792.00000000 774.00000000 793.00000000 774.00000000 17432905.00000000 22341.00000000
1442991600000 1442998620000 780.00000000 792.00000000 800.00000000 766.00000000 28683516.00000000 36619.00000000
1442926800000 1442937000000 795.00000000 775.00000000 799.00000000 774.00000000 53522266.00000000 68305.00000000
1442912460000 1442926740000 808.00000000 795.00000000 808.00000000 793.00000000 18059735.00000000 22550.00000000
1442905200000 1442911920000 820.00000000 809.00000000 821.00000000 807.00000000 12555979.00000000 15437.00000000
1442840400000 1442850360000 834.00000000 826.00000000 837.00000000 824.00000000 7943630.00000000 9596.00000000
1442826960000 1442840280000 828.00000000 834.00000000 835.00000000 824.00000000 5526834.00000000 6656.00000000
1442818800000 1442825520000 841.00000000 830.00000000 847.00000000 821.00000000 5322760.00000000 6420.00000000
1442581260000 1442591220000 852.00000000 841.00000000 856.00000000 832.00000000 44507127.00000000 52605.00000000
1442566980000 1442581080000 855.00000000 852.00000000 865.00000000 852.00000000 7264858.00000000 8469.00000000
1442559600000 1442566740000 860.00000000 855.00000000 873.00000000 855.00000000 6366702.00000000 7423.00000000
1442494860000 1442505000000 865.00000000 860.00000000 866.00000000 856.00000000 18036008.00000000 20953.00000000
1442480400000 1442494740000 858.00000000 865.00000000 869.00000000 856.00000000 11186099.00000000 12964.00000000
1442473260000 1442480280000 859.00000000 856.00000000 865.00000000 850.00000000 10224636.00000000 11897.00000000
1442408400000 1442418540000 817.00000000 862.00000000 872.00000000 815.00000000 113791460.00000000 133204.00000000
1442394000000 1442408280000 812.00000000 818.00000000 822.00000000 809.00000000 13506566.00000000 16631.00000000
1442386860000 1442393880000 814.00000000 812.00000000 815.00000000 807.00000000 5449846.00000000 6724.00000000
1442322060000 1442332200000 801.00000000 815.00000000 829.00000000 797.00000000 66278564.00000000 81225.00000000
1442307660000 1442321940000 793.00000000 804.00000000 804.00000000 792.00000000 14679419.00000000 18398.00000000
1442300460000 1442307360000 813.00000000 794.00000000 813.00000000 793.00000000 31113406.00000000 38908.00000000
1442235600000 1442245800000 769.00000000 809.00000000 836.00000000 741.00000000 240644541.00000000 303399.00000000
1442221200000 1442235360000 771.00000000 769.00000000 775.00000000 767.00000000 29406951.00000000 38153.00000000
1442214060000 1442221140000 762.00000000 771.00000000 771.00000000 762.00000000 4206033.00000000 5483.00000000
1441976700000 1441986420000 773.00000000 760.00000000 775.00000000 755.00000000 51588967.00000000 67613.00000000
1441962540000 1441976280000 775.00000000 773.00000000 777.00000000 771.00000000 6037455.00000000 7798.00000000
1441954860000 1441961640000 775.00000000 775.00000000 780.00000000 774.00000000 5048198.00000000 6499.00000000
1441890000000 1441900080000 783.00000000 773.00000000 787.00000000 767.00000000 35514555.00000000 45826.00000000
1441875660000 1441889940000 793.00000000 783.00000000 795.00000000 783.00000000 40080955.00000000 50865.00000000
1441868460000 1441875420000 787.00000000 795.00000000 795.00000000 784.00000000 5859090.00000000 7412.00000000
1441803600000 1441813680000 795.00000000 787.00000000 801.00000000 782.00000000 39112883.00000000 49395.00000000
1441789200000 1441803420000 793.00000000 795.00000000 795.00000000 790.00000000 7248386.00000000 9142.00000000
1441782000000 1441789140000 786.00000000 794.00000000 795.00000000 785.00000000 24572157.00000000 31093.00000000
1441720260000 1441727400000 794.00000000 786.00000000 794.00000000 785.00000000 9757914.00000000 12375.00000000
1441702860000 1441715040000 794.00000000 796.00000000 797.00000000 791.00000000 19080130.00000000 24017.00000000
1441695600000 1441702440000 788.00000000 793.00000000 799.00000000 788.00000000 2526887.00000000 3177.00000000
1441630860000 1441641000000 790.00000000 786.00000000 791.00000000 784.00000000 7740505.00000000 9842.00000000
1441616520000 1441630620000 790.00000000 790.00000000 794.00000000 790.00000000 4682944.00000000 5916.00000000
1441609440000 1441616340000 787.00000000 790.00000000 795.00000000 787.00000000 18877755.00000000 23884.00000000
1441372140000 1441381200000 795.00000000 790.00000000 796.00000000 785.00000000 20703409.00000000 26235.00000000
1441357260000 1441371540000 791.00000000 793.00000000 797.00000000 791.00000000 29726188.00000000 37474.00000000
1441350000000 1441356180000 789.00000000 790.00000000 791.00000000 782.00000000 4277257.00000000 5433.00000000
1441285260000 1441295400000 795.00000000 795.00000000 801.00000000 787.00000000 24736660.00000000 31140.00000000
1441270980000 1441285140000 798.00000000 796.00000000 800.00000000 795.00000000 3792974.00000000 4756.00000000
1441263660000 1441270020000 783.00000000 798.00000000 800.00000000 783.00000000 15604695.00000000 19617.00000000
1441198800000 1441208940000 793.00000000 780.00000000 797.00000000 772.00000000 33883908.00000000 43378.00000000
1441184580000 1441198740000 786.00000000 794.00000000 794.00000000 786.00000000 4881825.00000000 6183.00000000
1441177200000 1441183800000 775.00000000 786.00000000 788.00000000 772.00000000 6930501.00000000 8829.00000000
1441112400000 1441122600000 781.00000000 782.00000000 785.00000000 770.00000000 31296696.00000000 40298.00000000
1441098060000 1441112340000 801.00000000 781.00000000 801.00000000 779.00000000 31345769.00000000 39752.00000000
1441090800000 1441097940000 797.00000000 801.00000000 807.00000000 793.00000000 13034062.00000000 16331.00000000
1441026240000 1441035960000 803.00000000 805.00000000 814.00000000 791.00000000 29337131.00000000 36415.00000000
1441011600000 1441025580000 805.00000000 806.00000000 809.00000000 800.00000000 8600535.00000000 10677.00000000
1441004640000 1441011540000 801.00000000 805.00000000 808.00000000 798.00000000 24797021.00000000 30935.00000000
1440766800000 1440776760000 785.00000000 800.00000000 806.00000000 783.00000000 36703450.00000000 45987.00000000
1440752400000 1440766740000 800.00000000 783.00000000 801.00000000 783.00000000 16717239.00000000 21127.00000000
1440750600000 1440752220000 794.00000000 801.00000000 806.00000000 794.00000000 7453228.00000000 9292.00000000
1440745200000 1440750420000 786.00000000 792.00000000 800.00000000 785.00000000 18234293.00000000 23066.00000000
1440680400000 1440690420000 766.00000000 776.00000000 780.00000000 752.00000000 39275217.00000000 51006.00000000
1440666000000 1440680340000 756.00000000 766.00000000 771.00000000 755.00000000 39902744.00000000 52216.00000000
1440658800000 1440665940000 748.00000000 756.00000000 762.00000000 746.00000000 13434986.00000000 17766.00000000
1440594060000 1440604140000 760.00000000 742.00000000 765.00000000 737.00000000 47008909.00000000 63034.00000000
1440579600000 1440593520000 756.00000000 759.00000000 767.00000000 751.00000000 20006260.00000000 26382.00000000
1440572400000 1440579420000 754.00000000 756.00000000 758.00000000 741.00000000 10766879.00000000 14363.00000000
1440507600000 1440517800000 749.00000000 764.00000000 769.00000000 738.00000000 39730155.00000000 53017.00000000
1440493500000 1440507480000 747.00000000 749.00000000 759.00000000 741.00000000 27835980.00000000 37062.00000000
1440486000000 1440493080000 732.00000000 745.00000000 750.00000000 732.00000000 15913188.00000000 21412.00000000
1440421500000 1440431340000 738.00000000 738.00000000 750.00000000 711.00000000 66552307.00000000 91015.00000000
1440406800000 1440420840000 751.00000000 738.00000000 757.00000000 732.00000000 29600177.00000000 39970.00000000
1440399600000 1440406560000 741.00000000 752.00000000 762.00000000 740.00000000 24678736.00000000 32974.00000000
1440162000000 1440172200000 775.00000000 770.00000000 787.00000000 762.00000000 26560431.00000000 34249.00000000
1440147600000 1440161880000 779.00000000 773.00000000 780.00000000 772.00000000 9001786.00000000 11589.00000000
1440140400000 1440147540000 780.00000000 778.00000000 782.00000000 770.00000000 11577189.00000000 14947.00000000
1440075600000 1440085800000 801.00000000 780.00000000 803.00000000 773.00000000 44999363.00000000 57247.00000000
1440061200000 1440075540000 797.00000000 799.00000000 809.00000000 794.00000000 10702819.00000000 13344.00000000
1440054000000 1440061140000 799.00000000 797.00000000 807.00000000 794.00000000 5082898.00000000 6365.00000000
1439989440000 1439999340000 827.00000000 799.00000000 827.00000000 790.00000000 88856642.00000000 111183.00000000
1439974920000 1439988720000 821.00000000 828.00000000 832.00000000 818.00000000 9251322.00000000 11194.00000000
1439967600000 1439974620000 822.00000000 822.00000000 823.00000000 819.00000000 2774722.00000000 3377.00000000
1439902800000 1439913000000 824.00000000 819.00000000 829.00000000 812.00000000 17567351.00000000 21450.00000000
1439888580000 1439902740000 829.00000000 823.00000000 830.00000000 821.00000000 9521961.00000000 11534.00000000
1439881200000 1439887980000 830.00000000 827.00000000 831.00000000 825.00000000 9042941.00000000 10928.00000000
1439816400000 1439826600000 832.00000000 835.00000000 847.00000000 828.00000000 36386523.00000000 43460.00000000
1439802060000 1439816220000 829.00000000 832.00000000 836.00000000 826.00000000 10069827.00000000 12137.00000000
1439794860000 1439801880000 828.00000000 830.00000000 833.00000000 825.00000000 7673252.00000000 9257.00000000
1439557500000 1439567400000 836.00000000 831.00000000 846.00000000 821.00000000 35104017.00000000 42255.00000000
1439542800000 1439557020000 837.00000000 835.00000000 843.00000000 833.00000000 9928903.00000000 11837.00000000
1439535600000 1439542740000 840.00000000 837.00000000 840.00000000 829.00000000 8844767.00000000 10649.00000000
1439470920000 1439480820000 843.00000000 839.00000000 850.00000000 831.00000000 30174842.00000000 35990.00000000
1439456400000 1439470620000 849.00000000 845.00000000 851.00000000 838.00000000 32046609.00000000 37880.00000000
1439449200000 1439456280000 837.00000000 848.00000000 850.00000000 835.00000000 18537462.00000000 21967.00000000
1439384400000 1439394540000 852.00000000 830.00000000 854.00000000 825.00000000 58550956.00000000 70003.00000000
1439370180000 1439383860000 854.00000000 854.00000000 858.00000000 851.00000000 23652843.00000000 27635.00000000
1439362800000 1439369460000 851.00000000 855.00000000 855.00000000 847.00000000 3314933.00000000 3893.00000000
1439298060000 1439307960000 865.00000000 851.00000000 867.00000000 846.00000000 33746270.00000000 39391.00000000
1439283840000 1439297940000 866.00000000 864.00000000 868.00000000 864.00000000 3493301.00000000 4035.00000000
1439276580000 1439283120000 858.00000000 867.00000000 869.00000000 858.00000000 7932089.00000000 9156.00000000
1439211780000 1439221740000 863.00000000 858.00000000 870.00000000 853.00000000 12505198.00000000 14533.00000000
1439197740000 1439211540000 856.00000000 863.00000000 868.00000000 856.00000000 4897464.00000000 5667.00000000
1439190000000 1439196540000 855.00000000 856.00000000 862.00000000 853.00000000 2618566.00000000 3058.00000000
1438952460000 1438962600000 858.00000000 860.00000000 869.00000000 856.00000000 17123315.00000000 19886.00000000
1438938240000 1438951860000 860.00000000 858.00000000 862.00000000 857.00000000 2387815.00000000 2779.00000000
1438930800000 1438937940000 854.00000000 861.00000000 861.00000000 854.00000000 4970319.00000000 5793.00000000
1438866060000 1438876200000 871.00000000 850.00000000 874.00000000 844.00000000 60152760.00000000 70458.00000000
1438852200000 1438865820000 879.00000000 871.00000000 880.00000000 868.00000000 3269692.00000000 3740.00000000
1438844460000 1438850760000 880.00000000 879.00000000 880.00000000 874.00000000 1477770.00000000 1685.00000000
1438779600000 1438789560000 879.00000000 878.00000000 881.00000000 868.00000000 8722882.00000000 9970.00000000
1438765680000 1438779540000 872.00000000 878.00000000 885.00000000 870.00000000 8838546.00000000 10054.00000000
1438758360000 1438765020000 868.00000000 873.00000000 874.00000000 864.00000000 1715195.00000000 1974.00000000
1438693260000 1438703400000 862.00000000 869.00000000 885.00000000 860.00000000 11443960.00000000 13093.00000000
1438678920000 1438693020000 864.00000000 862.00000000 868.00000000 860.00000000 4001615.00000000 4632.00000000
1438672260000 1438678320000 866.00000000 865.00000000 867.00000000 860.00000000 5024683.00000000 5808.00000000
1438607340000 1438617000000 866.00000000 866.00000000 870.00000000 845.00000000 33296975.00000000 38789.00000000
1438592460000 1438606080000 872.00000000 866.00000000 872.00000000 861.00000000 2923417.00000000 3379.00000000
1438585200000 1438592340000 864.00000000 873.00000000 886.00000000 864.00000000 2794010.00000000 3203.00000000
1438347600000 1438357740000 875.00000000 882.00000000 885.00000000 850.00000000 53040252.00000000 60981.00000000
1438333380000 1438347420000 876.00000000 874.00000000 876.00000000 867.00000000 14065425.00000000 16149.00000000
1438326000000 1438333020000 888.00000000 876.00000000 888.00000000 871.00000000 17102868.00000000 19470.00000000
1438262160000 1438271400000 905.00000000 898.00000000 929.00000000 884.00000000 71581763.00000000 79082.00000000
1438247160000 1438261080000 911.00000000 901.00000000 914.00000000 899.00000000 12317210.00000000 13604.00000000
1438239840000 1438246680000 905.00000000 913.00000000 916.00000000 900.00000000 4795134.00000000 5261.00000000
1438174860000 1438184760000 890.00000000 903.00000000 914.00000000 889.00000000 17460122.00000000 19301.00000000
1438160400000 1438174080000 892.00000000 893.00000000 894.00000000 886.00000000 3026652.00000000 3401.00000000
1438153260000 1438160340000 883.00000000 891.00000000 891.00000000 880.00000000 2630201.00000000 2969.00000000
1438088760000 1438097940000 876.00000000 883.00000000 890.00000000 870.00000000 28054964.00000000 31709.00000000
1438074000000 1438088220000 871.00000000 873.00000000 878.00000000 867.00000000 5225482.00000000 5989.00000000
1438066800000 1438073940000 860.00000000 871.00000000 871.00000000 860.00000000 2523293.00000000 2906.00000000
1438002360000 1438012200000 865.00000000 860.00000000 868.00000000 845.00000000 13574275.00000000 15836.00000000
1437987600000 1438000800000 866.00000000 863.00000000 871.00000000 859.00000000 2621719.00000000 3035.00000000
1437980760000 1437986700000 866.00000000 866.00000000 871.00000000 865.00000000 2420721.00000000 2791.00000000
1437742860000 1437753000000 886.00000000 867.00000000 888.00000000 856.00000000 14207038.00000000 16361.00000000
1437728460000 1437742020000 881.00000000 883.00000000 890.00000000 880.00000000 2538473.00000000 2870.00000000
1437721380000 1437728280000 874.00000000 880.00000000 890.00000000 874.00000000 8370338.00000000 9470.00000000
1437657240000 1437666360000 866.00000000 879.00000000 879.00000000 866.00000000 4699011.00000000 5371.00000000
1437645540000 1437656040000 864.00000000 869.00000000 869.00000000 859.00000000 2286227.00000000 2648.00000000
1437634800000 1437641940000 868.00000000 864.00000000 877.00000000 859.00000000 12026584.00000000 13924.00000000
1437570120000 1437580200000 875.00000000 865.00000000 880.00000000 865.00000000 17132649.00000000 19680.00000000
1437555660000 1437567540000 876.00000000 875.00000000 877.00000000 874.00000000 1126973.00000000 1287.00000000
1437548400000 1437554820000 887.00000000 877.00000000 887.00000000 866.00000000 1227357.00000000 1400.00000000
1437483780000 1437493560000 890.00000000 889.00000000 893.00000000 873.00000000 12306472.00000000 13937.00000000
1437469560000 1437483300000 884.00000000 888.00000000 894.00000000 882.00000000 2976037.00000000 3343.00000000
1437462000000 1437469080000 889.00000000 884.00000000 890.00000000 880.00000000 7188467.00000000 8132.00000000
1437397560000 1437407400000 894.00000000 891.00000000 904.00000000 885.00000000 19386039.00000000 21659.00000000
1437382920000 1437395640000 900.00000000 891.00000000 901.00000000 891.00000000 3455942.00000000 3854.00000000
1437375600000 1437382140000 885.00000000 901.00000000 904.00000000 885.00000000 3402466.00000000 3782.00000000
1437138060000 1437147960000 895.00000000 900.00000000 904.00000000 890.00000000 13175229.00000000 14666.00000000
1437123960000 1437137340000 877.00000000 895.00000000 901.00000000 876.00000000 18159700.00000000 20333.00000000
1437116460000 1437122880000 873.00000000 875.00000000 888.00000000 873.00000000 4084938.00000000 4631.00000000
1437051780000 1437061620000 876.00000000 873.00000000 876.00000000 867.00000000 8599219.00000000 9886.00000000
1437037260000 1437050880000 878.00000000 878.00000000 880.00000000 873.00000000 6062818.00000000 6926.00000000
1437030000000 1437036660000 875.00000000 876.00000000 879.00000000 867.00000000 3865768.00000000 4415.00000000
1436965320000 1436975400000 881.00000000 875.00000000 884.00000000 856.00000000 10569605.00000000 12175.00000000
1436950800000 1436964180000 887.00000000 881.00000000 889.00000000 880.00000000 5109134.00000000 5777.00000000
1436943600000 1436950740000 880.00000000 887.00000000 890.00000000 875.00000000 5300503.00000000 6010.00000000
1436879160000 1436888820000 873.00000000 880.00000000 880.00000000 866.00000000 8328619.00000000 9527.00000000
1436864400000 1436878740000 866.00000000 871.00000000 876.00000000 859.00000000 17350189.00000000 20020.00000000
1436857200000 1436863920000 858.00000000 866.00000000 872.00000000 858.00000000 14931000.00000000 17226.00000000
1436792400000 1436802600000 851.00000000 857.00000000 857.00000000 840.00000000 15685451.00000000 18518.00000000
1436779620000 1436792280000 847.00000000 854.00000000 854.00000000 844.00000000 4129002.00000000 4859.00000000
1436770800000 1436777160000 835.00000000 844.00000000 851.00000000 835.00000000 3236594.00000000 3830.00000000
1436533680000 1436543400000 857.00000000 845.00000000 861.00000000 838.00000000 15560564.00000000 18410.00000000
1436519340000 1436531520000 862.00000000 858.00000000 867.00000000 854.00000000 4945330.00000000 5744.00000000
1436511720000 1436518740000 854.00000000 862.00000000 862.00000000 853.00000000 4685238.00000000 5457.00000000
1436447340000 1436456760000 843.00000000 855.00000000 862.00000000 842.00000000 22986639.00000000 26875.00000000
1436432400000 1436444760000 843.00000000 842.00000000 850.00000000 840.00000000 3523839.00000000 4173.00000000
1436425200000 1436432100000 860.00000000 843.00000000 860.00000000 838.00000000 8214283.00000000 9705.00000000
1436360460000 1436370480000 828.00000000 845.00000000 852.00000000 826.00000000 16091144.00000000 19043.00000000
1436346060000 1436360280000 836.00000000 827.00000000 842.00000000 821.00000000 12053876.00000000 14564.00000000
1436338800000 1436345940000 840.00000000 836.00000000 845.00000000 835.00000000 30167099.00000000 35909.00000000
1436274120000 1436284200000 858.00000000 820.00000000 859.00000000 801.00000000 75620739.00000000 92025.00000000
1436259660000 1436273520000 864.00000000 858.00000000 870.00000000 858.00000000 12134045.00000000 14059.00000000
1436252400000 1436259540000 858.00000000 865.00000000 880.00000000 857.00000000 19531847.00000000 22444.00000000
1436187960000 1436197800000 853.00000000 860.00000000 867.00000000 843.00000000 13707176.00000000 15980.00000000
1436173800000 1436187420000 855.00000000 852.00000000 863.00000000 850.00000000 5413798.00000000 6324.00000000
1436166060000 1436172480000 853.00000000 857.00000000 859.00000000 848.00000000 11876888.00000000 13909.00000000
1435928460000 1435938600000 854.00000000 857.00000000 859.00000000 854.00000000 2769025.00000000 3233.00000000
1435914000000 1435928040000 851.00000000 854.00000000 854.00000000 843.00000000 6947696.00000000 8192.00000000
1435906920000 1435913940000 853.00000000 851.00000000 857.00000000 850.00000000 2125446.00000000 2490.00000000
1435842420000 1435851960000 847.00000000 853.00000000 856.00000000 843.00000000 7351572.00000000 8639.00000000
1435827660000 1435841640000 843.00000000 847.00000000 850.00000000 841.00000000 4700574.00000000 5562.00000000
1435820400000 1435827360000 850.00000000 843.00000000 850.00000000 840.00000000 8843189.00000000 10499.00000000
1435756020000 1435765620000 847.00000000 853.00000000 865.00000000 845.00000000 11676200.00000000 13659.00000000
1435741200000 1435755540000 846.00000000 849.00000000 854.00000000 846.00000000 3284016.00000000 3860.00000000
1435734060000 1435740480000 847.00000000 846.00000000 850.00000000 845.00000000 5540790.00000000 6543.00000000
1435669260000 1435679340000 837.00000000 848.00000000 864.00000000 837.00000000 31258229.00000000 36953.00000000
1435654920000 1435669080000 828.00000000 837.00000000 837.00000000 827.00000000 5131341.00000000 6165.00000000
1435647600000 1435654740000 840.00000000 828.00000000 840.00000000 822.00000000 12732722.00000000 15388.00000000
1435583040000 1435592940000 856.00000000 842.00000000 856.00000000 835.00000000 14195867.00000000 16783.00000000
1435568400000 1435580880000 858.00000000 854.00000000 863.00000000 851.00000000 5076213.00000000 5920.00000000
1435561200000 1435568100000 854.00000000 859.00000000 863.00000000 850.00000000 8730991.00000000 10218.00000000
1435323960000 1435333740000 876.00000000 855.00000000 878.00000000 846.00000000 31834030.00000000 37030.00000000
1435309500000 1435322880000 873.00000000 875.00000000 880.00000000 872.00000000 8622048.00000000 9834.00000000
1435302000000 1435309080000 866.00000000 874.00000000 884.00000000 866.00000000 5125403.00000000 5852.00000000
1435237500000 1435247400000 881.00000000 866.00000000 881.00000000 861.00000000 13722855.00000000 15768.00000000
1435222800000 1435237140000 875.00000000 879.00000000 881.00000000 872.00000000 5951316.00000000 6783.00000000
1435215600000 1435222680000 879.00000000 872.00000000 879.00000000 866.00000000 2242874.00000000 2572.00000000
1435151160000 1435160940000 865.00000000 871.00000000 875.00000000 861.00000000 6307395.00000000 7259.00000000
1435136760000 1435150500000 876.00000000 864.00000000 877.00000000 861.00000000 9618181.00000000 11105.00000000
1435129200000 1435136160000 870.00000000 876.00000000 878.00000000 867.00000000 6586145.00000000 7536.00000000
1435064460000 1435074600000 887.00000000 871.00000000 890.00000000 866.00000000 23702156.00000000 27179.00000000
1435050060000 1435064280000 891.00000000 887.00000000 894.00000000 881.00000000 10944224.00000000 12360.00000000
1435042800000 1435049820000 885.00000000 890.00000000 892.00000000 882.00000000 4451944.00000000 5019.00000000
1434978480000 1434988200000 916.00000000 881.00000000 917.00000000 870.00000000 68956299.00000000 77747.00000000
1434963600000 1434977100000 919.00000000 917.00000000 927.00000000 917.00000000 3496208.00000000 3788.00000000
1434956580000 1434963540000 914.00000000 920.00000000 921.00000000 911.00000000 6878533.00000000 7499.00000000
1434719100000 1434728940000 914.00000000 910.00000000 919.00000000 908.00000000 5332176.00000000 5839.00000000
1434704460000 1434718680000 913.00000000 915.00000000 918.00000000 912.00000000 2997950.00000000 3275.00000000
1434697200000 1434704280000 913.00000000 913.00000000 916.00000000 895.00000000 6728055.00000000 7421.00000000
1434632460000 1434642540000 924.00000000 906.00000000 925.00000000 902.00000000 30717131.00000000 33779.00000000
1434618840000 1434630660000 927.00000000 923.00000000 927.00000000 921.00000000 2630168.00000000 2845.00000000
1434610800000 1434617880000 932.00000000 925.00000000 932.00000000 917.00000000 4421517.00000000 4784.00000000
1434546300000 1434556140000 927.00000000 930.00000000 940.00000000 925.00000000 8112024.00000000 8701.00000000
1434531660000 1434545460000 931.00000000 927.00000000 932.00000000 920.00000000 3110595.00000000 3363.00000000
1434524700000 1434531480000 933.00000000 931.00000000 933.00000000 925.00000000 1431180.00000000 1543.00000000
1434459600000 1434469680000 939.00000000 927.00000000 944.00000000 921.00000000 16224711.00000000 17447.00000000
1434445260000 1434459120000 933.00000000 939.00000000 939.00000000 933.00000000 1339040.00000000 1429.00000000
1434438180000 1434445020000 941.00000000 934.00000000 941.00000000 932.00000000 6675809.00000000 7128.00000000
1434373200000 1434383160000 961.00000000 946.00000000 961.00000000 942.00000000 10452439.00000000 10992.00000000
1434358860000 1434373140000 961.00000000 961.00000000 964.00000000 955.00000000 9398958.00000000 9788.00000000
1434352260000 1434358740000 954.00000000 961.00000000 963.00000000 952.00000000 2927483.00000000 3050.00000000
1434027600000 1434037800000 940.00000000 950.00000000 954.00000000 940.00000000 10344682.00000000 10911.00000000
1434013260000 1434027540000 942.00000000 941.00000000 949.00000000 936.00000000 17657215.00000000 18756.00000000
1434006180000 1434013140000 954.00000000 942.00000000 954.00000000 939.00000000 5903132.00000000 6269.00000000
1433941320000 1433951280000 956.00000000 950.00000000 970.00000000 940.00000000 24122915.00000000 25301.00000000
1433926920000 1433939580000 950.00000000 957.00000000 957.00000000 947.00000000 2599131.00000000 2736.00000000
1433919720000 1433926740000 960.00000000 950.00000000 960.00000000 949.00000000 4645662.00000000 4877.00000000
1433855040000 1433864940000 963.00000000 965.00000000 965.00000000 948.00000000 15650120.00000000 16313.00000000
1433840400000 1433854560000 962.00000000 964.00000000 972.00000000 960.00000000 3931803.00000000 4078.00000000
1433833200000 1433840160000 975.00000000 968.00000000 975.00000000 957.00000000 4874817.00000000 5067.00000000
1433768580000 1433778600000 990.00000000 977.00000000 995.00000000 970.00000000 7148031.00000000 7294.00000000
1433754540000 1433768340000 990.00000000 987.00000000 995.00000000 980.00000000 7968487.00000000 8060.00000000
1433746860000 1433753880000 974.00000000 991.00000000 995.00000000 973.00000000 5236981.00000000 5300.00000000
1433509200000 1433519220000 981.00000000 976.00000000 998.00000000 974.00000000 20510027.00000000 20732.00000000
1433494800000 1433508960000 978.00000000 981.00000000 984.00000000 960.00000000 13886469.00000000 14330.00000000
1433487720000 1433494500000 995.00000000 976.00000000 996.00000000 970.00000000 9115319.00000000 9299.00000000
1433422860000 1433432760000 983.00000000 993.00000000 996.00000000 975.00000000 11639486.00000000 11788.00000000
1433408400000 1433422440000 982.00000000 984.00000000 986.00000000 970.00000000 9359927.00000000 9578.00000000
1433401200000 1433408340000 980.00000000 982.00000000 999.00000000 980.00000000 6171061.00000000 6258.00000000
1433336400000 1433346420000 994.00000000 980.00000000 1004.00000000 976.00000000 19690362.00000000 19898.00000000
1433322000000 1433336340000 993.00000000 991.00000000 1003.00000000 986.00000000 13291350.00000000 13368.00000000
1433314860000 1433321880000 990.00000000 994.00000000 1000.00000000 988.00000000 10532409.00000000 10604.00000000
1433250000000 1433260200000 963.00000000 997.00000000 997.00000000 962.00000000 21621675.00000000 21986.00000000
1433235660000 1433249940000 967.00000000 963.00000000 972.00000000 959.00000000 6484364.00000000 6716.00000000
1433228700000 1433235360000 953.00000000 969.00000000 975.00000000 953.00000000 3538038.00000000 3654.00000000
1433163600000 1433173560000 956.00000000 950.00000000 968.00000000 948.00000000 11604033.00000000 12138.00000000
1433150160000 1433163360000 952.00000000 957.00000000 959.00000000 952.00000000 2807912.00000000 2936.00000000
1433142480000 1433149020000 949.00000000 950.00000000 963.00000000 948.00000000 1203840.00000000 1262.00000000
1432904580000 1432914480000 967.00000000 941.00000000 980.00000000 941.00000000 13539229.00000000 14117.00000000
1432890000000 1432904040000 972.00000000 966.00000000 977.00000000 960.00000000 11158981.00000000 11509.00000000
1432882920000 1432889880000 964.00000000 973.00000000 973.00000000 960.00000000 6144091.00000000 6348.00000000
1432818240000 1432827960000 935.00000000 950.00000000 964.00000000 935.00000000 16733539.00000000 17567.00000000
1432803660000 1432817880000 934.00000000 936.00000000 937.00000000 927.00000000 4876125.00000000 5216.00000000
1432796700000 1432803360000 928.00000000 934.00000000 936.00000000 926.00000000 3129258.00000000 3355.00000000
1432731660000 1432741140000 932.00000000 919.00000000 933.00000000 911.00000000 8905275.00000000 9635.00000000
1432717740000 1432731480000 918.00000000 931.00000000 935.00000000 913.00000000 16179965.00000000 17571.00000000
1432710360000 1432716960000 925.00000000 917.00000000 925.00000000 915.00000000 1758691.00000000 1914.00000000
1432645440000 1432655400000 930.00000000 923.00000000 934.00000000 915.00000000 14391511.00000000 15594.00000000
1432631760000 1432645140000 928.00000000 931.00000000 935.00000000 923.00000000 3685749.00000000 3964.00000000
1432624080000 1432630620000 929.00000000 927.00000000 939.00000000 924.00000000 1031341.00000000 1110.00000000
1432559940000 1432569000000 925.00000000 928.00000000 930.00000000 923.00000000 2223982.00000000 2401.00000000
1432544460000 1432558680000 923.00000000 924.00000000 927.00000000 916.00000000 2324279.00000000 2523.00000000
1432537260000 1432544220000 927.00000000 923.00000000 928.00000000 921.00000000 8900375.00000000 9637.00000000
1432299840000 1432309560000 934.00000000 928.00000000 935.00000000 923.00000000 13380432.00000000 14439.00000000
1432285320000 1432299540000 929.00000000 934.00000000 936.00000000 925.00000000 2264505.00000000 2434.00000000
1432278060000 1432284900000 932.00000000 929.00000000 934.00000000 926.00000000 9966334.00000000 10728.00000000
1432213320000 1432223220000 927.00000000 935.00000000 940.00000000 926.00000000 5912994.00000000 6324.00000000
1432198860000 1432212420000 933.00000000 927.00000000 933.00000000 926.00000000 13006723.00000000 13992.00000000
1432192260000 1432198320000 928.00000000 934.00000000 935.00000000 927.00000000 4469663.00000000 4784.00000000
1432127100000 1432137000000 930.00000000 926.00000000 936.00000000 923.00000000 3025929.00000000 3257.00000000
1432112400000 1432126140000 932.00000000 930.00000000 935.00000000 925.00000000 4205257.00000000 4524.00000000
1432105260000 1432112280000 938.00000000 931.00000000 939.00000000 931.00000000 1844258.00000000 1974.00000000
1432040460000 1432050360000 943.00000000 939.00000000 950.00000000 933.00000000 27340425.00000000 29007.00000000
1432026060000 1432040340000 950.00000000 942.00000000 956.00000000 942.00000000 8654800.00000000 9109.00000000
1432018860000 1432025820000 954.00000000 953.00000000 957.00000000 945.00000000 15772105.00000000 16579.00000000
1431954180000 1431964200000 943.00000000 944.00000000 945.00000000 928.00000000 17667336.00000000 18843.00000000
1431939900000 1431953940000 942.00000000 942.00000000 945.00000000 940.00000000 5870631.00000000 6227.00000000
1431932460000 1431939360000 946.00000000 942.00000000 947.00000000 936.00000000 19269892.00000000 20481.00000000
1431694860000 1431704880000 978.00000000 950.00000000 978.00000000 948.00000000 17298147.00000000 18113.00000000
1431680520000 1431694500000 980.00000000 978.00000000 984.00000000 977.00000000 7757148.00000000 7923.00000000
1431673320000 1431680340000 980.00000000 983.00000000 983.00000000 973.00000000 2732072.00000000 2793.00000000
1431608520000 1431618480000 964.00000000 971.00000000 982.00000000 961.00000000 17453958.00000000 17938.00000000
1431594000000 1431608220000 960.00000000 965.00000000 966.00000000 955.00000000 6024043.00000000 6277.00000000
1431586860000 1431593580000 954.00000000 960.00000000 969.00000000 954.00000000 10276636.00000000 10708.00000000
1431522000000 1431532020000 966.00000000 944.00000000 967.00000000 940.00000000 21663533.00000000 22800.00000000
1431507600000 1431521940000 969.00000000 966.00000000 982.00000000 960.00000000 25255658.00000000 25973.00000000
1431500460000 1431507420000 975.00000000 968.00000000 976.00000000 958.00000000 28203936.00000000 29238.00000000
1431435600000 1431445560000 976.00000000 979.00000000 988.00000000 970.00000000 14349239.00000000 14663.00000000
1431421320000 1431435240000 985.00000000 978.00000000 990.00000000 975.00000000 8389983.00000000 8523.00000000
1431414060000 1431421080000 986.00000000 985.00000000 995.00000000 982.00000000 15066738.00000000 15219.00000000
1431090120000 1431100140000 982.00000000 979.00000000 991.00000000 976.00000000 37637326.00000000 38278.00000000
1431075720000 1431089820000 976.00000000 983.00000000 983.00000000 965.00000000 10642161.00000000 10931.00000000
1431068460000 1431075540000 970.00000000 972.00000000 974.00000000 963.00000000 3454496.00000000 3554.00000000
1431003720000 1431013740000 990.00000000 968.00000000 990.00000000 961.00000000 51079507.00000000 52576.00000000
1430989260000 1431001740000 984.00000000 992.00000000 993.00000000 984.00000000 6367315.00000000 6444.00000000
1430982060000 1430989140000 1001.00000000 984.00000000 1005.00000000 980.00000000 22710021.00000000 22980.00000000
1430917500000 1430927220000 995.00000000 1006.00000000 1009.00000000 985.00000000 32823664.00000000 32873.00000000
1430902920000 1430917140000 981.00000000 992.00000000 1000.00000000 981.00000000 18876044.00000000 19030.00000000
1430895660000 1430902680000 995.00000000 981.00000000 995.00000000 979.00000000 3460805.00000000 3522.00000000
1430830920000 1430840760000 1010.00000000 985.00000000 1013.00000000 984.00000000 19200888.00000000 19257.00000000
1430816400000 1430830740000 1004.00000000 1011.00000000 1011.00000000 994.00000000 17205246.00000000 17137.00000000
1430809380000 1430816040000 999.00000000 1005.00000000 1008.00000000 999.00000000 10388125.00000000 10346.00000000
1430398920000 1430408340000 1004.00000000 1001.00000000 1010.00000000 995.00000000 8628753.00000000 8600.00000000
1430384940000 1430398140000 1001.00000000 1004.00000000 1009.00000000 996.00000000 7372473.00000000 7354.00000000
1430377260000 1430383860000 998.00000000 1001.00000000 1009.00000000 994.00000000 7490582.00000000 7510.00000000
1430312400000 1430322420000 995.00000000 997.00000000 1002.00000000 968.00000000 18008020.00000000 18260.00000000
1430298180000 1430312340000 1005.00000000 994.00000000 1006.00000000 988.00000000 8265955.00000000 8285.00000000
1430290860000 1430297580000 995.00000000 1006.00000000 1013.00000000 988.00000000 8569541.00000000 8515.00000000
1430226000000 1430235960000 1006.00000000 986.00000000 1029.00000000 947.00000000 112524920.00000000 114210.00000000
1430212200000 1430225940000 1063.00000000 1005.00000000 1070.00000000 1005.00000000 21361458.00000000 20695.00000000
1430204460000 1430211360000 1055.00000000 1063.00000000 1066.00000000 1055.00000000 1454612.00000000 1368.00000000
1430141520000 1430149560000 1059.00000000 1070.00000000 1075.00000000 1050.00000000 9770149.00000000 9177.00000000
1430125320000 1430139360000 1057.00000000 1061.00000000 1062.00000000 1050.00000000 2743066.00000000 2600.00000000
1430118180000 1430124900000 1060.00000000 1055.00000000 1061.00000000 1055.00000000 1328540.00000000 1254.00000000
1429880400000 1429890000000 1063.00000000 1058.00000000 1072.00000000 1050.00000000 18592780.00000000 17499.00000000
1429866360000 1429879920000 1060.00000000 1066.00000000 1068.00000000 1055.00000000 4774298.00000000 4504.00000000
1429858860000 1429865760000 1064.00000000 1056.00000000 1064.00000000 1052.00000000 4951804.00000000 4683.00000000
1429794060000 1429803600000 1067.00000000 1074.00000000 1074.00000000 1056.00000000 12255090.00000000 11501.00000000
1429779600000 1429793580000 1065.00000000 1062.00000000 1073.00000000 1060.00000000 6511907.00000000 6123.00000000
1429772460000 1429779480000 1066.00000000 1065.00000000 1083.00000000 1065.00000000 2972145.00000000 2779.00000000
1429708140000 1429717080000 1073.00000000 1086.00000000 1090.00000000 1070.00000000 17053820.00000000 15794.00000000
1429693500000 1429707360000 1081.00000000 1070.00000000 1082.00000000 1066.00000000 10655897.00000000 9927.00000000
1429686060000 1429693080000 1094.00000000 1082.00000000 1095.00000000 1082.00000000 3182464.00000000 2918.00000000
1429621320000 1429630800000 1094.00000000 1092.00000000 1100.00000000 1084.00000000 20546498.00000000 18756.00000000
1429606800000 1429620900000 1088.00000000 1095.00000000 1098.00000000 1083.00000000 31327189.00000000 28815.00000000
1429599660000 1429606680000 1079.00000000 1089.00000000 1100.00000000 1061.00000000 69008898.00000000 63488.00000000
1429534800000 1429544400000 1066.00000000 1054.00000000 1076.00000000 1039.00000000 29918962.00000000 28206.00000000
1429520400000 1429534740000 1046.00000000 1063.00000000 1069.00000000 1045.00000000 33299641.00000000 31401.00000000
1429513320000 1429520280000 1062.00000000 1045.00000000 1064.00000000 1040.00000000 11067604.00000000 10558.00000000
1429275600000 1429285200000 1030.00000000 1053.00000000 1064.00000000 1020.00000000 49445567.00000000 47276.00000000
1429261440000 1429275360000 1038.00000000 1031.00000000 1039.00000000 1010.00000000 31747347.00000000 30961.00000000
1429254060000 1429261140000 1033.00000000 1039.00000000 1048.00000000 1024.00000000 19659250.00000000 18959.00000000
1429189200000 1429198800000 997.00000000 1027.00000000 1049.00000000 988.00000000 81996789.00000000 80160.00000000
1429174800000 1429189080000 992.00000000 999.00000000 1000.00000000 987.00000000 62971872.00000000 63376.00000000
1429167660000 1429174740000 988.00000000 993.00000000 997.00000000 983.00000000 56708337.00000000 57233.00000000
1429103220000 1429112400000 910.00000000 975.00000000 977.00000000 909.00000000 59513895.00000000 62517.00000000
1429088400000 1429102620000 914.00000000 910.00000000 920.00000000 909.00000000 9853114.00000000 10781.00000000
1429081260000 1429088340000 911.00000000 914.00000000 917.00000000 908.00000000 3484470.00000000 3815.00000000
1429016400000 1429026000000 940.00000000 910.00000000 945.00000000 903.00000000 24012164.00000000 26142.00000000
1429002000000 1429016340000 942.00000000 940.00000000 947.00000000 934.00000000 23261717.00000000 24738.00000000
1428994860000 1429001880000 943.00000000 942.00000000 946.00000000 935.00000000 13407048.00000000 14252.00000000
1428930000000 1428939540000 968.00000000 940.00000000 969.00000000 938.00000000 22872316.00000000 24012.00000000
1428915600000 1428929880000 955.00000000 966.00000000 968.00000000 952.00000000 24617191.00000000 25653.00000000
1428908460000 1428915540000 947.00000000 955.00000000 955.00000000 931.00000000 10693393.00000000 11301.00000000
1428670860000 1428680400000 936.00000000 940.00000000 946.00000000 923.00000000 13698045.00000000 14670.00000000
1428656460000 1428670740000 929.00000000 936.00000000 936.00000000 922.00000000 18822886.00000000 20239.00000000
1428649260000 1428656340000 937.00000000 929.00000000 937.00000000 923.00000000 6124818.00000000 6596.00000000
1428584460000 1428594000000 922.00000000 938.00000000 948.00000000 920.00000000 19658486.00000000 20951.00000000
1428570060000 1428584340000 926.00000000 922.00000000 931.00000000 919.00000000 8005115.00000000 8659.00000000
1428562860000 1428569880000 945.00000000 926.00000000 945.00000000 921.00000000 7803923.00000000 8420.00000000
1428498060000 1428507540000 923.00000000 946.00000000 958.00000000 922.00000000 14344981.00000000 15209.00000000
1428483900000 1428497940000 926.00000000 922.00000000 929.00000000 920.00000000 6528066.00000000 7072.00000000
1428476460000 1428483540000 939.00000000 925.00000000 941.00000000 922.00000000 15009257.00000000 16194.00000000
1428411600000 1428421200000 949.00000000 944.00000000 953.00000000 934.00000000 18023775.00000000 19073.00000000
1428409500000 1428411540000 954.00000000 950.00000000 956.00000000 950.00000000 3954767.00000000 4146.00000000
1428397200000 1428409440000 956.00000000 953.00000000 958.00000000 950.00000000 12394527.00000000 12977.00000000
1428390060000 1428397080000 941.00000000 957.00000000 957.00000000 940.00000000 21030730.00000000 22148.00000000
1428325500000 1428334800000 929.00000000 934.00000000 935.00000000 914.00000000 22396506.00000000 24233.00000000
1428310920000 1428325080000 949.00000000 929.00000000 950.00000000 922.00000000 9425792.00000000 10056.00000000
1428303720000 1428310560000 949.00000000 949.00000000 957.00000000 944.00000000 4853067.00000000 5108.00000000
1428066120000 1428075600000 944.00000000 940.00000000 946.00000000 934.00000000 11588327.00000000 12327.00000000
1428051600000 1428065940000 934.00000000 945.00000000 946.00000000 933.00000000 14022199.00000000 14909.00000000
1428044460000 1428051480000 924.00000000 934.00000000 937.00000000 922.00000000 6653117.00000000 7144.00000000
1427980440000 1427989200000 907.00000000 917.00000000 920.00000000 887.00000000 26361894.00000000 29054.00000000
1427965260000 1427979300000 905.00000000 906.00000000 911.00000000 904.00000000 12487869.00000000 13737.00000000
1427958120000 1427964720000 902.00000000 905.00000000 918.00000000 902.00000000 18251220.00000000 20145.00000000
1427893320000 1427902800000 896.00000000 901.00000000 903.00000000 883.00000000 11122095.00000000 12420.00000000
1427878860000 1427893080000 896.00000000 895.00000000 903.00000000 892.00000000 8889883.00000000 9896.00000000
1427871660000 1427878140000 886.00000000 896.00000000 898.00000000 885.00000000 20248613.00000000 22633.00000000
1427806860000 1427816400000 885.00000000 891.00000000 895.00000000 879.00000000 8317091.00000000 9362.00000000
1427792400000 1427806380000 882.00000000 884.00000000 889.00000000 878.00000000 10712658.00000000 12132.00000000
1427785320000 1427792280000 891.00000000 880.00000000 893.00000000 880.00000000 5985802.00000000 6755.00000000
1427720460000 1427730000000 896.00000000 887.00000000 903.00000000 883.00000000 11688979.00000000 13112.00000000
1427706060000 1427720340000 890.00000000 896.00000000 898.00000000 889.00000000 4910610.00000000 5491.00000000
1427698860000 1427705820000 881.00000000 889.00000000 897.00000000 879.00000000 17572541.00000000 19705.00000000
1427461320000 1427470800000 869.00000000 883.00000000 885.00000000 867.00000000 4851156.00000000 5530.00000000
1427446800000 1427461140000 872.00000000 870.00000000 875.00000000 866.00000000 1880683.00000000 2162.00000000
1427439660000 1427446380000 874.00000000 872.00000000 875.00000000 865.00000000 10615858.00000000 12240.00000000
1427374800000 1427384400000 882.00000000 866.00000000 888.00000000 859.00000000 10681260.00000000 12259.00000000
1427360400000 1427374740000 877.00000000 884.00000000 885.00000000 866.00000000 7405700.00000000 8453.00000000
1427353260000 1427359980000 884.00000000 877.00000000 888.00000000 871.00000000 13196562.00000000 15050.00000000
1427288400000 1427298000000 870.00000000 888.00000000 890.00000000 868.00000000 11748660.00000000 13372.00000000
1427274600000 1427288280000 871.00000000 872.00000000 875.00000000 866.00000000 3882702.00000000 4461.00000000
1427266860000 1427273940000 871.00000000 870.00000000 877.00000000 870.00000000 13512499.00000000 15475.00000000
1427202060000 1427211540000 875.00000000 865.00000000 876.00000000 852.00000000 12800844.00000000 14857.00000000
1427187900000 1427201880000 872.00000000 873.00000000 885.00000000 866.00000000 21914407.00000000 24932.00000000
1427180460000 1427187240000 874.00000000 872.00000000 874.00000000 868.00000000 11868555.00000000 13640.00000000
1427115840000 1427125140000 867.00000000 874.00000000 891.00000000 867.00000000 21166723.00000000 24024.00000000
1427101320000 1427115120000 868.00000000 866.00000000 872.00000000 863.00000000 9451872.00000000 10891.00000000
1427094060000 1427101140000 866.00000000 868.00000000 873.00000000 865.00000000 6830494.00000000 7855.00000000
1426856520000 1426866000000 871.00000000 863.00000000 874.00000000 863.00000000 8303884.00000000 9558.00000000
1426842060000 1426855740000 871.00000000 872.00000000 873.00000000 865.00000000 16758741.00000000 19268.00000000
1426834860000 1426841700000 874.00000000 871.00000000 874.00000000 863.00000000 3327354.00000000 3833.00000000
1426770180000 1426779540000 867.00000000 867.00000000 873.00000000 857.00000000 11674612.00000000 13521.00000000
1426755600000 1426769940000 880.00000000 867.00000000 883.00000000 866.00000000 14996157.00000000 17143.00000000
1426748460000 1426755540000 879.00000000 880.00000000 888.00000000 877.00000000 13340751.00000000 15166.00000000
1426683780000 1426693200000 895.00000000 877.00000000 897.00000000 871.00000000 13612206.00000000 15514.00000000
1426669260000 1426683540000 888.00000000 898.00000000 899.00000000 883.00000000 10254715.00000000 11472.00000000
1426662060000 1426669140000 886.00000000 887.00000000 889.00000000 883.00000000 1721335.00000000 1943.00000000
1426597200000 1426606800000 873.00000000 890.00000000 890.00000000 871.00000000 7988470.00000000 9068.00000000
1426582860000 1426596660000 879.00000000 875.00000000 880.00000000 870.00000000 11227294.00000000 12813.00000000
1426575660000 1426582620000 878.00000000 879.00000000 890.00000000 878.00000000 11446733.00000000 12970.00000000
1426510800000 1426520400000 903.00000000 877.00000000 903.00000000 876.00000000 14396351.00000000 16247.00000000
1426496400000 1426510740000 896.00000000 902.00000000 905.00000000 895.00000000 17740217.00000000 19726.00000000
1426489260000 1426496340000 892.00000000 896.00000000 901.00000000 888.00000000 8746199.00000000 9781.00000000
1426251960000 1426261200000 888.00000000 880.00000000 893.00000000 870.00000000 14482936.00000000 16483.00000000
1426237380000 1426251180000 893.00000000 886.00000000 896.00000000 885.00000000 15147512.00000000 17037.00000000
1426230060000 1426236600000 899.00000000 893.00000000 899.00000000 890.00000000 7674508.00000000 8593.00000000
1426165380000 1426174800000 890.00000000 889.00000000 893.00000000 881.00000000 11873319.00000000 13427.00000000
1426150920000 1426165020000 900.00000000 890.00000000 900.00000000 885.00000000 8483128.00000000 9518.00000000
1426143660000 1426150680000 899.00000000 900.00000000 903.00000000 887.00000000 6016224.00000000 6723.00000000
1426078860000 1426088400000 898.00000000 893.00000000 900.00000000 866.00000000 32132703.00000000 36581.00000000
1426064520000 1426078740000 899.00000000 899.00000000 905.00000000 895.00000000 24135782.00000000 26843.00000000
1426057260000 1426064340000 888.00000000 898.00000000 898.00000000 880.00000000 9095229.00000000 10219.00000000
1425992580000 1426002000000 897.00000000 883.00000000 900.00000000 866.00000000 43698151.00000000 49535.00000000
1425978000000 1425992340000 897.00000000 898.00000000 917.00000000 892.00000000 30167230.00000000 33439.00000000
1425970860000 1425977940000 908.00000000 896.00000000 914.00000000 893.00000000 24345680.00000000 26962.00000000
1425646800000 1425656400000 937.00000000 929.00000000 944.00000000 924.00000000 34542407.00000000 37043.00000000
1425632400000 1425646620000 943.00000000 938.00000000 949.00000000 936.00000000 22157911.00000000 23521.00000000
1425625260000 1425632340000 970.00000000 943.00000000 970.00000000 940.00000000 35428917.00000000 37354.00000000
1425560400000 1425570000000 989.00000000 970.00000000 991.00000000 961.00000000 102024555.00000000 104759.00000000
1425546000000 1425560340000 1004.00000000 989.00000000 1007.00000000 985.00000000 59756963.00000000 59972.00000000
1425538860000 1425545940000 995.00000000 1004.00000000 1025.00000000 995.00000000 133345464.00000000 131388.00000000
1425474000000 1425483600000 1002.00000000 999.00000000 1010.00000000 985.00000000 107607529.00000000 108058.00000000
1425459660000 1425473880000 1022.00000000 1002.00000000 1022.00000000 994.00000000 64105578.00000000 63866.00000000
1425452460000 1425459360000 1007.00000000 1019.00000000 1033.00000000 1000.00000000 191796644.00000000 187112.00000000
1425387600000 1425397200000 1012.00000000 1000.00000000 1012.00000000 998.00000000 63511852.00000000 63442.00000000
1425373200000 1425387480000 1006.00000000 1009.00000000 1022.00000000 1005.00000000 22066817.00000000 21776.00000000
1425366060000 1425373140000 1009.00000000 1006.00000000 1012.00000000 1001.00000000 13079780.00000000 12989.00000000
1425301440000 1425310800000 1020.00000000 1004.00000000 1025.00000000 991.00000000 57211055.00000000 57181.00000000
1425286800000 1425301020000 1024.00000000 1019.00000000 1028.00000000 1016.00000000 5014644.00000000 4913.00000000
1425279720000 1425286680000 1020.00000000 1023.00000000 1030.00000000 1017.00000000 5857842.00000000 5725.00000000
1425042000000 1425051600000 1024.00000000 1016.00000000 1028.00000000 1004.00000000 20888468.00000000 20624.00000000
1425027660000 1425041820000 1021.00000000 1026.00000000 1028.00000000 1015.00000000 20197404.00000000 19726.00000000
1425020460000 1425027300000 1016.00000000 1020.00000000 1025.00000000 1008.00000000 5827269.00000000 5739.00000000
1424955660000 1424965200000 1019.00000000 1010.00000000 1025.00000000 1005.00000000 24144295.00000000 23870.00000000
1424941260000 1424955540000 1023.00000000 1020.00000000 1029.00000000 1007.00000000 22032205.00000000 21692.00000000
1424934060000 1424941140000 1039.00000000 1021.00000000 1039.00000000 1014.00000000 12968124.00000000 12668.00000000
1424869200000 1424878800000 1035.00000000 1023.00000000 1049.00000000 1007.00000000 39168204.00000000 38292.00000000
1424854800000 1424869080000 1045.00000000 1035.00000000 1053.00000000 1034.00000000 18232701.00000000 17529.00000000
1424847720000 1424854740000 1044.00000000 1045.00000000 1075.00000000 1041.00000000 42037115.00000000 39445.00000000
1424782800000 1424792400000 1042.00000000 1049.00000000 1049.00000000 1032.00000000 42296877.00000000 40758.00000000
1424768400000 1424782680000 1044.00000000 1042.00000000 1047.00000000 1036.00000000 4571639.00000000 4392.00000000
1424761260000 1424768280000 1045.00000000 1045.00000000 1048.00000000 1030.00000000 8039662.00000000 7740.00000000
1424437260000 1424446740000 1060.00000000 1051.00000000 1070.00000000 1045.00000000 18223093.00000000 17282.00000000
1424422800000 1424436960000 1078.00000000 1060.00000000 1085.00000000 1057.00000000 15150470.00000000 14134.00000000
1424415660000 1424422680000 1050.00000000 1077.00000000 1079.00000000 1050.00000000 26243437.00000000 24633.00000000
1424350800000 1424360400000 1045.00000000 1049.00000000 1052.00000000 1033.00000000 25581096.00000000 24535.00000000
1424336460000 1424350740000 1064.00000000 1045.00000000 1074.00000000 1044.00000000 23290390.00000000 22035.00000000
1424329260000 1424336280000 1078.00000000 1064.00000000 1098.00000000 1062.00000000 19312898.00000000 17994.00000000
1424264400000 1424274000000 1152.00000000 1090.00000000 1156.00000000 1073.00000000 97553645.00000000 88540.00000000
1424250120000 1424264340000 1056.00000000 1152.00000000 1160.00000000 1054.00000000 67799225.00000000 61365.00000000
1424242860000 1424249940000 1041.00000000 1055.00000000 1058.00000000 1041.00000000 9136790.00000000 8684.00000000
1424178180000 1424187600000 1076.00000000 1029.00000000 1094.00000000 1025.00000000 48090386.00000000 45564.00000000
1424163660000 1424177700000 1068.00000000 1077.00000000 1085.00000000 1065.00000000 9864467.00000000 9185.00000000
1424156460000 1424163480000 1058.00000000 1070.00000000 1074.00000000 1057.00000000 4028415.00000000 3775.00000000
1424091900000 1424101200000 1075.00000000 1069.00000000 1075.00000000 1066.00000000 33795315.00000000 31583.00000000
1424077260000 1424091540000 1076.00000000 1075.00000000 1081.00000000 1074.00000000 6011624.00000000 5589.00000000
1424070060000 1424077140000 1105.00000000 1077.00000000 1105.00000000 1076.00000000 9396301.00000000 8654.00000000
1423832400000 1423842000000 1080.00000000 1110.00000000 1120.00000000 1068.00000000 25698060.00000000 23574.00000000
1423818000000 1423832160000 1083.00000000 1079.00000000 1090.00000000 1076.00000000 8574550.00000000 7919.00000000
1423810860000 1423817820000 1084.00000000 1083.00000000 1105.00000000 1078.00000000 10186651.00000000 9378.00000000
1423746120000 1423755600000 1106.00000000 1071.00000000 1130.00000000 1071.00000000 26103494.00000000 23522.00000000
1423731660000 1423745940000 1046.00000000 1101.00000000 1111.00000000 1046.00000000 38128790.00000000 35258.00000000
1423724460000 1423731480000 1047.00000000 1046.00000000 1052.00000000 1030.00000000 21777414.00000000 20811.00000000
1423660200000 1423669200000 1058.00000000 1037.00000000 1061.00000000 1019.00000000 21290141.00000000 20509.00000000
1423645200000 1423659180000 1045.00000000 1058.00000000 1078.00000000 1045.00000000 22039398.00000000 20682.00000000
1423638060000 1423645140000 1049.00000000 1044.00000000 1070.00000000 1044.00000000 8262977.00000000 7823.00000000
1423573440000 1423582800000 1065.00000000 1045.00000000 1070.00000000 1036.00000000 16250622.00000000 15460.00000000
1423558860000 1423573140000 1063.00000000 1064.00000000 1101.00000000 1063.00000000 34428546.00000000 31758.00000000
1423551660000 1423558680000 1059.00000000 1062.00000000 1065.00000000 1053.00000000 21346996.00000000 20202.00000000
1423486860000 1423496400000 1099.00000000 1082.00000000 1099.00000000 1060.00000000 16311028.00000000 15179.00000000
1423472400000 1423486740000 1120.00000000 1099.00000000 1139.00000000 1095.00000000 28565345.00000000 25461.00000000
1423465260000 1423472340000 1084.00000000 1120.00000000 1150.00000000 1060.00000000 27480155.00000000 24868.00000000
1423227600000 1423237200000 1111.00000000 1085.00000000 1125.00000000 1080.00000000 13274217.00000000 12051.00000000
1423213260000 1423227480000 1084.00000000 1111.00000000 1114.00000000 1084.00000000 5351146.00000000 4855.00000000
1423206060000 1423212360000 1090.00000000 1086.00000000 1094.00000000 1080.00000000 3685319.00000000 3401.00000000
1423141260000 1423150740000 1050.00000000 1083.00000000 1096.00000000 1041.00000000 19495319.00000000 18197.00000000
1423126860000 1423140840000 1052.00000000 1048.00000000 1059.00000000 1042.00000000 13963942.00000000 13291.00000000
1423119660000 1423126680000 1040.00000000 1052.00000000 1054.00000000 1035.00000000 5565692.00000000 5304.00000000
1423054860000 1423064400000 1027.00000000 1041.00000000 1051.00000000 1020.00000000 17240248.00000000 16605.00000000
1423040460000 1423054680000 1022.00000000 1026.00000000 1030.00000000 1017.00000000 13991313.00000000 13635.00000000
1423033260000 1423040340000 1008.00000000 1022.00000000 1030.00000000 1005.00000000 9860511.00000000 9679.00000000
1422968700000 1422978000000 1017.00000000 999.00000000 1034.00000000 992.00000000 27235606.00000000 26963.00000000
1422954000000 1422968220000 1015.00000000 1017.00000000 1019.00000000 1010.00000000 19980295.00000000 19678.00000000
1422946920000 1422953940000 1010.00000000 1015.00000000 1030.00000000 1004.00000000 26467034.00000000 26082.00000000
1422882060000 1422891600000 1057.00000000 999.00000000 1058.00000000 980.00000000 45427054.00000000 44932.00000000
1422867840000 1422881340000 1058.00000000 1058.00000000 1073.00000000 1046.00000000 6222594.00000000 5900.00000000
1422860580000 1422867480000 1058.00000000 1059.00000000 1088.00000000 1049.00000000 4779631.00000000 4518.00000000
1422623520000 1422632400000 1085.00000000 1074.00000000 1085.00000000 1060.00000000 19481482.00000000 18197.00000000
1422608520000 1422621720000 1081.00000000 1085.00000000 1091.00000000 1078.00000000 6638370.00000000 6115.00000000
1422601320000 1422608280000 1084.00000000 1081.00000000 1100.00000000 1052.00000000 81437868.00000000 74255.00000000
1422536400000 1422546000000 1073.00000000 1070.00000000 1079.00000000 1045.00000000 74904276.00000000 70712.00000000
1422522420000 1422536340000 1068.00000000 1073.00000000 1073.00000000 1057.00000000 9956035.00000000 9330.00000000
1422514860000 1422521220000 1060.00000000 1063.00000000 1068.00000000 1058.00000000 3880222.00000000 3649.00000000
1422450060000 1422459600000 1101.00000000 1081.00000000 1101.00000000 1069.00000000 16985105.00000000 15651.00000000
1422435600000 1422449520000 1099.00000000 1101.00000000 1101.00000000 1091.00000000 3110030.00000000 2839.00000000
1422428520000 1422435540000 1093.00000000 1099.00000000 1105.00000000 1093.00000000 6028735.00000000 5485.00000000
1422363780000 1422373080000 1105.00000000 1095.00000000 1112.00000000 1094.00000000 5183668.00000000 4703.00000000
1422349380000 1422363360000 1100.00000000 1103.00000000 1110.00000000 1100.00000000 3028825.00000000 2741.00000000
1422342060000 1422349140000 1097.00000000 1104.00000000 1116.00000000 1084.00000000 5463110.00000000 4967.00000000
1422278820000 1422286800000 1118.00000000 1121.00000000 1125.00000000 1112.00000000 6100110.00000000 5450.00000000
1422262860000 1422276960000 1114.00000000 1118.00000000 1124.00000000 1110.00000000 3775535.00000000 3387.00000000
1422256140000 1422261060000 1107.00000000 1112.00000000 1114.00000000 1105.00000000 2966488.00000000 2675.00000000
1422018000000 1422027540000 1134.00000000 1117.00000000 1141.00000000 1104.00000000 15760808.00000000 14112.00000000
1422003600000 1422017820000 1131.00000000 1135.00000000 1161.00000000 1131.00000000 15645414.00000000 13615.00000000
1421996520000 1422003540000 1111.00000000 1131.00000000 1137.00000000 1106.00000000 9497127.00000000 8471.00000000
1421931960000 1421941200000 1098.00000000 1101.00000000 1115.00000000 1090.00000000 13364893.00000000 12162.00000000
1421917260000 1421931480000 1090.00000000 1099.00000000 1101.00000000 1088.00000000 10724187.00000000 9799.00000000
1421910120000 1421917080000 1085.00000000 1089.00000000 1093.00000000 1084.00000000 4055283.00000000 3730.00000000
1421845380000 1421854800000 1087.00000000 1086.00000000 1125.00000000 1075.00000000 99975903.00000000 91316.00000000
1421830800000 1421845140000 1089.00000000 1087.00000000 1090.00000000 1081.00000000 6112025.00000000 5630.00000000
1421823660000 1421830620000 1102.00000000 1089.00000000 1102.00000000 1078.00000000 12924192.00000000 11877.00000000
1421759220000 1421768400000 1140.00000000 1116.00000000 1143.00000000 1101.00000000 24964080.00000000 22243.00000000
1421744400000 1421758680000 1156.00000000 1140.00000000 1160.00000000 1136.00000000 12246633.00000000 10685.00000000
1421737260000 1421744340000 1165.00000000 1155.00000000 1167.00000000 1155.00000000 10304403.00000000 8904.00000000
1421672580000 1421681880000 1162.00000000 1161.00000000 1171.00000000 1152.00000000 3049459.00000000 2619.00000000
1421658060000 1421671260000 1177.00000000 1159.00000000 1179.00000000 1158.00000000 6035615.00000000 5162.00000000
1421650920000 1421657520000 1121.00000000 1179.00000000 1182.00000000 1121.00000000 1706837.00000000 1472.00000000
1421414220000 1421422740000 1157.00000000 1167.00000000 1170.00000000 1155.00000000 3472984.00000000 2995.00000000
1421400780000 1421413020000 1157.00000000 1156.00000000 1160.00000000 1153.00000000 4013456.00000000 3471.00000000
1421391660000 1421396640000 1162.00000000 1160.00000000 1164.00000000 1150.00000000 1383991.00000000 1195.00000000
1421326800000 1421336100000 1181.00000000 1175.00000000 1200.00000000 1165.00000000 22582945.00000000 19155.00000000
1421312700000 1421326740000 1198.00000000 1179.00000000 1198.00000000 1178.00000000 11208948.00000000 9459.00000000
1421305380000 1421311740000 1181.00000000 1199.00000000 1200.00000000 1171.00000000 6649859.00000000 5593.00000000
1421241240000 1421249160000 1152.00000000 1177.00000000 1185.00000000 1151.00000000 14455740.00000000 12460.00000000
1421227740000 1421240040000 1149.00000000 1153.00000000 1159.00000000 1147.00000000 4874722.00000000 4231.00000000
1421219100000 1421225640000 1150.00000000 1149.00000000 1157.00000000 1147.00000000 1834707.00000000 1594.00000000
1421154000000 1421163600000 1125.00000000 1151.00000000 1155.00000000 1120.00000000 79078344.00000000 69768.00000000
1421140440000 1421153940000 1122.00000000 1127.00000000 1129.00000000 1122.00000000 2055393.00000000 1822.00000000
1421132460000 1421139480000 1115.00000000 1120.00000000 1122.00000000 1115.00000000 573534.00000000 513.00000000
1421068200000 1421077080000 1115.00000000 1113.00000000 1129.00000000 1101.00000000 3062358.00000000 2740.00000000
1421053200000 1421067420000 1120.00000000 1115.00000000 1123.00000000 1105.00000000 2815376.00000000 2523.00000000
1421046060000 1421053140000 1100.00000000 1120.00000000 1123.00000000 1093.00000000 2508667.00000000 2246.00000000
1420808700000 1420818000000 1106.00000000 1098.00000000 1116.00000000 1030.00000000 2231847.00000000 2063.00000000
1420794360000 1420807740000 1105.00000000 1110.00000000 1110.00000000 1105.00000000 230027.00000000 208.00000000
1420786860000 1420792020000 1101.00000000 1106.00000000 1109.00000000 1100.00000000 874671.00000000 793.00000000
1420722060000 1420731000000 1081.00000000 1101.00000000 1117.00000000 1081.00000000 3119875.00000000 2852.00000000
1420707720000 1420719420000 1080.00000000 1075.00000000 1082.00000000 1069.00000000 2221608.00000000 2071.00000000
1420700640000 1420707540000 1084.00000000 1080.00000000 1085.00000000 1074.00000000 692655.00000000 641.00000000
1420549200000 1420558800000 1063.00000000 1092.00000000 1116.00000000 1063.00000000 2614238.00000000 2391.00000000
1420535160000 1420545360000 1080.00000000 1064.00000000 1081.00000000 1064.00000000 657939.00000000 614.00000000
1420529400000 1420534620000 1069.00000000 1076.00000000 1076.00000000 1047.00000000 1056589.00000000 999.00000000
1420465200000 1420472340000 1070.00000000 1079.00000000 1079.00000000 1065.00000000 362340.00000000 338.00000000
1420448580000 1420461960000 1065.00000000 1068.00000000 1080.00000000 1065.00000000 8335677.00000000 7736.00000000
1420442820000 1420448160000 1064.00000000 1067.00000000 1067.00000000 1051.00000000 807511.00000000 760.00000000
1419944520000 1419953460000 1024.00000000 1026.00000000 1036.00000000 1012.00000000 3158043.00000000 3074.00000000
1419932460000 1419944040000 1024.00000000 1023.00000000 1060.00000000 1022.00000000 5468681.00000000 5211.00000000
1419922860000 1419929160000 1043.00000000 1021.00000000 1050.00000000 1010.00000000 3329898.00000000 3217.00000000
1419858060000 1419867600000 1008.00000000 1029.00000000 1044.00000000 971.00000000 15229990.00000000 15106.00000000
1419843840000 1419857880000 1013.00000000 1008.00000000 1013.00000000 1005.00000000 935139.00000000 929.00000000
1419836820000 1419843120000 1010.00000000 1012.00000000 1018.00000000 1000.00000000 21318714.00000000 21242.00000000
1419598980000 1419608340000 1020.00000000 1000.00000000 1021.00000000 980.00000000 12216582.00000000 12261.00000000
1419584460000 1419598560000 1039.00000000 1020.00000000 1039.00000000 1020.00000000 8196037.00000000 7937.00000000
1419577320000 1419584100000 1036.00000000 1040.00000000 1045.00000000 1012.00000000 3873250.00000000 3743.00000000
1419512760000 1419522000000 1026.00000000 1040.00000000 1045.00000000 1025.00000000 1417349.00000000 1374.00000000
1419498060000 1419512280000 1025.00000000 1026.00000000 1043.00000000 1018.00000000 2775395.00000000 2703.00000000
1419491940000 1419497880000 1001.00000000 1027.00000000 1045.00000000 1001.00000000 32422876.00000000 31326.00000000
1419426120000 1419435600000 1003.00000000 1002.00000000 1010.00000000 990.00000000 30937250.00000000 30973.00000000
1419412980000 1419425940000 1009.00000000 1006.00000000 1010.00000000 1003.00000000 8405764.00000000 8371.00000000
1419404460000 1419411420000 991.00000000 1006.00000000 1014.00000000 991.00000000 1319764.00000000 1312.00000000
1419339660000 1419349200000 1005.00000000 1012.00000000 1015.00000000 1000.00000000 3689092.00000000 3674.00000000
1419325200000 1419338940000 1005.00000000 1000.00000000 1032.00000000 1000.00000000 6376324.00000000 6340.00000000
1419318120000 1419325080000 1002.00000000 1005.00000000 1012.00000000 990.00000000 1117007.00000000 1117.00000000
1419253620000 1419262800000 1045.00000000 1010.00000000 1048.00000000 973.00000000 18196898.00000000 18214.00000000
1419239640000 1419253020000 1050.00000000 1045.00000000 1055.00000000 1045.00000000 3214277.00000000 3064.00000000
1419231660000 1419238380000 1065.00000000 1050.00000000 1065.00000000 1046.00000000 6268130.00000000 5969.00000000
1418994060000 1419003600000 1065.00000000 1065.00000000 1080.00000000 1051.00000000 4259166.00000000 3982.00000000
1418979600000 1418993880000 1064.00000000 1065.00000000 1070.00000000 1031.00000000 18704635.00000000 17737.00000000
1418972460000 1418979480000 1118.00000000 1066.00000000 1132.00000000 1022.00000000 10865538.00000000 10301.00000000
1418907960000 1418916660000 1119.00000000 1104.00000000 1135.00000000 1075.00000000 18522289.00000000 16716.00000000
1418893260000 1418907420000 1105.00000000 1118.00000000 1149.00000000 1096.00000000 8561945.00000000 7693.00000000
1418886180000 1418893080000 1101.00000000 1105.00000000 1120.00000000 1061.00000000 3173817.00000000 2882.00000000
1418821320000 1418830740000 1121.00000000 1085.00000000 1148.00000000 1078.00000000 9439370.00000000 8452.00000000
1418807460000 1418821140000 1147.00000000 1121.00000000 1150.00000000 1121.00000000 4045907.00000000 3544.00000000
1418799720000 1418806080000 1175.00000000 1146.00000000 1180.00000000 1136.00000000 1755047.00000000 1510.00000000
1418734860000 1418744400000 1145.00000000 1140.00000000 1198.00000000 1082.00000000 10011613.00000000 8734.00000000
1418720400000 1418734620000 1102.00000000 1151.00000000 1160.00000000 1101.00000000 10214334.00000000 8886.00000000
1418713380000 1418720280000 1095.00000000 1100.00000000 1190.00000000 1061.00000000 10403075.00000000 9082.00000000
1418648400000 1418657940000 1175.00000000 1100.00000000 1195.00000000 1087.00000000 15429757.00000000 13364.00000000
1418634000000 1418648280000 1140.00000000 1183.00000000 1183.00000000 1134.00000000 21104255.00000000 18182.00000000
1418627160000 1418633940000 1125.00000000 1140.00000000 1156.00000000 1125.00000000 1989268.00000000 1746.00000000
1418389440000 1418398740000 1077.00000000 1133.00000000 1152.00000000 1075.00000000 8571911.00000000 7689.00000000
1418375040000 1418388900000 1066.00000000 1076.00000000 1080.00000000 1066.00000000 10703319.00000000 9961.00000000
1418367720000 1418374620000 1055.00000000 1067.00000000 1080.00000000 955.00000000 9007558.00000000 8652.00000000
1418302860000 1418312340000 1055.00000000 1057.00000000 1077.00000000 1050.00000000 19531702.00000000 18466.00000000
1418288460000 1418302380000 1061.00000000 1055.00000000 1069.00000000 1053.00000000 8314576.00000000 7840.00000000
1418281320000 1418288220000 1079.00000000 1064.00000000 1085.00000000 1051.00000000 2041630.00000000 1897.00000000
1418216760000 1418225940000 1090.00000000 1063.00000000 1111.00000000 1055.00000000 29983501.00000000 27867.00000000
1418202060000 1418216220000 1083.00000000 1089.00000000 1100.00000000 1082.00000000 5060490.00000000 4638.00000000
1418194860000 1418201880000 1082.00000000 1083.00000000 1157.00000000 1069.00000000 3517596.00000000 3244.00000000
1418130180000 1418139600000 1054.00000000 1074.00000000 1080.00000000 1034.00000000 16258037.00000000 15368.00000000
1418115600000 1418129940000 1058.00000000 1054.00000000 1062.00000000 1051.00000000 6331197.00000000 5987.00000000
1418108460000 1418115480000 1090.00000000 1057.00000000 1090.00000000 1050.00000000 3640125.00000000 3417.00000000
1418043720000 1418053200000 1148.00000000 1089.00000000 1152.00000000 1076.00000000 11744563.00000000 10624.00000000
1418029740000 1418043480000 1184.00000000 1144.00000000 1196.00000000 1144.00000000 3650869.00000000 3102.00000000
1418022060000 1418028840000 1179.00000000 1180.00000000 1190.00000000 1121.00000000 3016563.00000000 2578.00000000
1417785720000 1417794000000 1206.00000000 1144.00000000 1231.00000000 1137.00000000 28066516.00000000 23836.00000000
1417770060000 1417783740000 1205.00000000 1200.00000000 1212.00000000 1198.00000000 3700046.00000000 3072.00000000
1417762920000 1417769940000 1221.00000000 1207.00000000 1239.00000000 1205.00000000 3604125.00000000 2957.00000000
1417699080000 1417707600000 1256.00000000 1225.00000000 1260.00000000 1221.00000000 16477470.00000000 13233.00000000
1417683720000 1417697640000 1255.00000000 1257.00000000 1321.00000000 1250.00000000 5885231.00000000 4612.00000000
1417676460000 1417683540000 1274.00000000 1255.00000000 1279.00000000 1210.00000000 1679875.00000000 1360.00000000
1417611600000 1417621200000 1262.00000000 1275.00000000 1288.00000000 1259.00000000 21053178.00000000 16568.00000000
1417597260000 1417610940000 1294.00000000 1258.00000000 1323.00000000 1240.00000000 4690924.00000000 3667.00000000
1417590180000 1417596960000 1260.00000000 1286.00000000 1315.00000000 1252.00000000 2848390.00000000 2194.00000000
1417525260000 1417534740000 1264.00000000 1280.00000000 1280.00000000 1257.00000000 13204688.00000000 10396.00000000
1417510860000 1417524360000 1231.00000000 1263.00000000 1278.00000000 1231.00000000 5034107.00000000 4021.00000000
1417504020000 1417510200000 1222.00000000 1234.00000000 1235.00000000 1205.00000000 3621784.00000000 2975.00000000
1417439340000 1417448400000 1293.00000000 1219.00000000 1293.00000000 1200.00000000 15756137.00000000 12615.00000000
1417424400000 1417438680000 1292.00000000 1290.00000000 1324.00000000 1286.00000000 8326666.00000000 6388.00000000
1417417440000 1417424280000 1242.00000000 1293.00000000 1293.00000000 1225.00000000 1799861.00000000 1410.00000000
1417179720000 1417188960000 1280.00000000 1228.00000000 1280.00000000 1228.00000000 7234596.00000000 5709.00000000
1417165380000 1417179180000 1246.00000000 1280.00000000 1289.00000000 1245.00000000 10977083.00000000 8652.00000000
1417158060000 1417164420000 1240.00000000 1246.00000000 1250.00000000 1218.00000000 5964721.00000000 4827.00000000
1417093200000 1417102800000 1201.00000000 1229.00000000 1229.00000000 1200.00000000 2887161.00000000 2382.00000000
1417080960000 1417092480000 1234.00000000 1202.00000000 1234.00000000 1174.00000000 6362876.00000000 5298.00000000
1417072680000 1417078500000 1232.00000000 1235.00000000 1257.00000000 1225.00000000 1199949.00000000 963.00000000
1417007280000 1417016340000 1206.00000000 1237.00000000 1244.00000000 1205.00000000 4926142.00000000 4034.00000000
1416992460000 1417005120000 1202.00000000 1206.00000000 1215.00000000 1201.00000000 3269197.00000000 2712.00000000
1416985980000 1416991320000 1196.00000000 1200.00000000 1214.00000000 1184.00000000 1374298.00000000 1149.00000000
1416920460000 1416930000000 1196.00000000 1209.00000000 1215.00000000 1196.00000000 3241577.00000000 2687.00000000
1416906720000 1416920280000 1200.00000000 1195.00000000 1205.00000000 1190.00000000 531091.00000000 444.00000000
1416898860000 1416904440000 1176.00000000 1200.00000000 1207.00000000 1162.00000000 1214685.00000000 1018.00000000
1416835320000 1416843480000 1220.00000000 1180.00000000 1220.00000000 1174.00000000 2054902.00000000 1719.00000000
1416819720000 1416833820000 1224.00000000 1220.00000000 1224.00000000 1207.00000000 2810218.00000000 2313.00000000
1416813180000 1416819480000 1207.00000000 1213.00000000 1251.00000000 1206.00000000 2683918.00000000 2177.00000000
1416574860000 1416584400000 1204.00000000 1226.00000000 1231.00000000 1196.00000000 2914482.00000000 2400.00000000
1416560520000 1416573180000 1199.00000000 1204.00000000 1214.00000000 1180.00000000 9370934.00000000 7854.00000000
1416553260000 1416560100000 1206.00000000 1200.00000000 1218.00000000 1186.00000000 660709.00000000 550.00000000
1416489720000 1416497820000 1200.00000000 1210.00000000 1212.00000000 1194.00000000 2795508.00000000 2324.00000000
1416474240000 1416482880000 1204.00000000 1196.00000000 1206.00000000 1196.00000000 184893.00000000 154.00000000
1416467280000 1416473280000 1206.00000000 1204.00000000 1210.00000000 1195.00000000 862543.00000000 714.00000000
1416402240000 1416411540000 1219.00000000 1206.00000000 1220.00000000 1204.00000000 1769472.00000000 1460.00000000
1416388320000 1416400560000 1212.00000000 1220.00000000 1222.00000000 1212.00000000 212251.00000000 174.00000000
1416380580000 1416386820000 1221.00000000 1212.00000000 1221.00000000 1212.00000000 111950.00000000 92.00000000
1416316440000 1416325200000 1231.00000000 1224.00000000 1234.00000000 1222.00000000 2527457.00000000 2062.00000000
1416301200000 1416314700000 1218.00000000 1231.00000000 1232.00000000 1218.00000000 2199279.00000000 1796.00000000
1416294060000 1416301140000 1224.00000000 1216.00000000 1224.00000000 1212.00000000 1491255.00000000 1225.00000000
1416230400000 1416238560000 1247.00000000 1230.00000000 1247.00000000 1228.00000000 2005560.00000000 1627.00000000
1416216660000 1416228660000 1238.00000000 1249.00000000 1249.00000000 1237.00000000 47143.00000000 38.00000000
1416208560000 1416212640000 1225.00000000 1250.00000000 1253.00000000 1223.00000000 967069.00000000 782.00000000
1415970000000 1415979420000 1231.00000000 1218.00000000 1240.00000000 1210.00000000 1760389.00000000 1438.00000000
1415956020000 1415967900000 1234.00000000 1234.00000000 1240.00000000 1234.00000000 232628.00000000 188.00000000
1415948460000 1415954880000 1231.00000000 1235.00000000 1298.00000000 1219.00000000 2332945.00000000 1858.00000000
1415884680000 1415893080000 1231.00000000 1232.00000000 1253.00000000 1223.00000000 1954050.00000000 1577.00000000
1415869260000 1415881920000 1227.00000000 1234.00000000 1239.00000000 1222.00000000 2638959.00000000 2147.00000000
1415862120000 1415868780000 1222.00000000 1227.00000000 1332.00000000 1220.00000000 1562932.00000000 1250.00000000
1415797740000 1415806740000 1206.00000000 1221.00000000 1232.00000000 1206.00000000 2083116.00000000 1706.00000000
1415784060000 1415796780000 1212.00000000 1206.00000000 1232.00000000 1186.00000000 3367967.00000000 2768.00000000
1415777160000 1415782140000 1226.00000000 1221.00000000 1226.00000000 1221.00000000 7341.00000000 6.00000000
1415711100000 1415719860000 1241.00000000 1218.00000000 1248.00000000 1182.00000000 4083031.00000000 3339.00000000
1415697060000 1415710440000 1231.00000000 1246.00000000 1247.00000000 1228.00000000 4161288.00000000 3360.00000000
1415689500000 1415695440000 1232.00000000 1227.00000000 1232.00000000 1215.00000000 3171706.00000000 2592.00000000
1415627580000 1415634000000 1212.00000000 1213.00000000 1226.00000000 1203.00000000 12057220.00000000 9942.00000000
1415610600000 1415624220000 1220.00000000 1219.00000000 1220.00000000 1200.00000000 2948777.00000000 2434.00000000
1415602860000 1415609640000 1243.00000000 1218.00000000 1300.00000000 1156.00000000 5443562.00000000 4409.00000000
1415365200000 1415374500000 1226.00000000 1233.00000000 1242.00000000 1205.00000000 3168401.00000000 2586.00000000
1415350860000 1415365140000 1279.00000000 1228.00000000 1283.00000000 1212.00000000 8551027.00000000 6879.00000000
1415343660000 1415350620000 1242.00000000 1280.00000000 1350.00000000 1228.00000000 4933114.00000000 3843.00000000
1415279940000 1415288280000 1239.00000000 1225.00000000 1248.00000000 1221.00000000 8497319.00000000 6877.00000000
1415264640000 1415278680000 1244.00000000 1239.00000000 1246.00000000 1234.00000000 1900450.00000000 1533.00000000
1415257740000 1415263860000 1228.00000000 1243.00000000 1277.00000000 1228.00000000 4985565.00000000 3969.00000000
1415192460000 1415202000000 1224.00000000 1209.00000000 1246.00000000 1209.00000000 3490122.00000000 2836.00000000
1415178300000 1415192340000 1215.00000000 1225.00000000 1247.00000000 1215.00000000 6262902.00000000 5090.00000000
1415170860000 1415176740000 1205.00000000 1210.00000000 1210.00000000 1172.00000000 1257440.00000000 1044.00000000
1415019660000 1415029200000 1233.00000000 1233.00000000 1243.00000000 1220.00000000 3197131.00000000 2589.00000000
1415005200000 1415018940000 1237.00000000 1229.00000000 1237.00000000 1229.00000000 807790.00000000 655.00000000
1414998120000 1415004780000 1232.00000000 1237.00000000 1250.00000000 1200.00000000 558601.00000000 454.00000000
1414760460000 1414769820000 1214.00000000 1213.00000000 1237.00000000 1200.00000000 15184905.00000000 12480.00000000
1414746000000 1414760220000 1207.00000000 1215.00000000 1215.00000000 1190.00000000 12981480.00000000 10769.00000000
1414738980000 1414745940000 1171.00000000 1207.00000000 1207.00000000 1160.00000000 18599563.00000000 15512.00000000
1414674480000 1414683600000 1198.00000000 1171.00000000 1205.00000000 1168.00000000 5884103.00000000 4958.00000000
1414659780000 1414672440000 1229.00000000 1192.00000000 1240.00000000 1166.00000000 13844815.00000000 11469.00000000
1414652580000 1414659360000 1212.00000000 1230.00000000 1239.00000000 1212.00000000 1605609.00000000 1306.00000000
1414587660000 1414597020000 1212.00000000 1208.00000000 1232.00000000 1205.00000000 8803666.00000000 7233.00000000
1414573260000 1414587180000 1211.00000000 1212.00000000 1215.00000000 1202.00000000 4573128.00000000 3780.00000000
1414566120000 1414572300000 1211.00000000 1208.00000000 1219.00000000 1206.00000000 3902404.00000000 3226.00000000
1414502160000 1414510560000 1172.00000000 1196.00000000 1196.00000000 1168.00000000 14620400.00000000 12305.00000000
1414486920000 1414501140000 1175.00000000 1170.00000000 1180.00000000 1170.00000000 3777051.00000000 3206.00000000
1414480680000 1414485540000 1157.00000000 1173.00000000 1179.00000000 1157.00000000 2807562.00000000 2405.00000000
1414414920000 1414424220000 1155.00000000 1153.00000000 1157.00000000 1136.00000000 1998042.00000000 1739.00000000
1414400640000 1414414680000 1165.00000000 1159.00000000 1165.00000000 1156.00000000 900756.00000000 776.00000000
1414393500000 1414400280000 1150.00000000 1165.00000000 1176.00000000 1150.00000000 2889579.00000000 2481.00000000
1414152780000 1414161600000 1147.00000000 1140.00000000 1168.00000000 1132.00000000 10084822.00000000 8791.00000000
1414137660000 1414151880000 1149.00000000 1148.00000000 1150.00000000 1146.00000000 587384.00000000 511.00000000
1414130520000 1414136760000 1147.00000000 1146.00000000 1160.00000000 1146.00000000 2729972.00000000 2366.00000000
1414065660000 1414075200000 1133.00000000 1168.00000000 1180.00000000 1132.00000000 27083450.00000000 23325.00000000
1414051320000 1414065540000 1083.00000000 1132.00000000 1137.00000000 1075.00000000 17785858.00000000 16055.00000000
1414044060000 1414050360000 1090.00000000 1083.00000000 1108.00000000 1081.00000000 2305317.00000000 2120.00000000
1413979260000 1413988800000 1109.00000000 1127.00000000 1127.00000000 1108.00000000 6319297.00000000 5653.00000000
1413964860000 1413979140000 1117.00000000 1107.00000000 1119.00000000 1106.00000000 5565927.00000000 5008.00000000
1413957660000 1413963840000 1115.00000000 1117.00000000 1120.00000000 1112.00000000 1502466.00000000 1347.00000000
1413892860000 1413902220000 1086.00000000 1096.00000000 1104.00000000 1076.00000000 5071525.00000000 4653.00000000
1413878940000 1413892140000 1082.00000000 1087.00000000 1092.00000000 1078.00000000 1424199.00000000 1314.00000000
1413871320000 1413878160000 1078.00000000 1082.00000000 1083.00000000 1077.00000000 1291524.00000000 1197.00000000
1413808080000 1413816000000 1070.00000000 1072.00000000 1092.00000000 1060.00000000 4328226.00000000 4024.00000000
1413792060000 1413804960000 1079.00000000 1070.00000000 1080.00000000 1067.00000000 3158144.00000000 2944.00000000
1413785400000 1413791820000 1080.00000000 1079.00000000 1080.00000000 1079.00000000 204072.00000000 189.00000000
1413547380000 1413556740000 1077.00000000 1080.00000000 1105.00000000 1075.00000000 11399484.00000000 10488.00000000
1413532800000 1413545940000 1075.00000000 1078.00000000 1083.00000000 1070.00000000 4606955.00000000 4273.00000000
1413525660000 1413532620000 1040.00000000 1075.00000000 1078.00000000 1040.00000000 5263436.00000000 4927.00000000
1413461100000 1413470400000 1020.00000000 1035.00000000 1039.00000000 1010.00000000 7725708.00000000 7559.00000000
1413447720000 1413460680000 1043.00000000 1017.00000000 1043.00000000 1013.00000000 3629252.00000000 3556.00000000
1413439320000 1413445860000 1026.00000000 1044.00000000 1049.00000000 1026.00000000 416498.00000000 402.00000000
1413375000000 1413383760000 1035.00000000 1015.00000000 1036.00000000 1001.00000000 7173496.00000000 7055.00000000
1413360120000 1413374100000 1042.00000000 1039.00000000 1048.00000000 1035.00000000 3212230.00000000 3088.00000000
1413352860000 1413359220000 1031.00000000 1042.00000000 1055.00000000 1016.00000000 6000531.00000000 5711.00000000
1413288120000 1413297600000 1030.00000000 1047.00000000 1049.00000000 1024.00000000 9825949.00000000 9488.00000000
1413273600000 1413287700000 1019.00000000 1029.00000000 1033.00000000 1018.00000000 2763101.00000000 2695.00000000
1413266640000 1413273300000 1011.00000000 1018.00000000 1025.00000000 1010.00000000 4256983.00000000 4186.00000000
1413201600000 1413211200000 1008.00000000 996.00000000 1008.00000000 986.00000000 3431940.00000000 3433.00000000
1413187320000 1413201420000 1029.00000000 1008.00000000 1029.00000000 1005.00000000 12584376.00000000 12430.00000000
1413181260000 1413186960000 1027.00000000 1030.00000000 1048.00000000 1025.00000000 3183014.00000000 3072.00000000
1412942640000 1412952000000 1038.00000000 1011.00000000 1046.00000000 1006.00000000 4655541.00000000 4572.00000000
1412928480000 1412941080000 1035.00000000 1037.00000000 1040.00000000 1034.00000000 86020.00000000 83.00000000
1412921100000 1412927520000 1045.00000000 1035.00000000 1045.00000000 1026.00000000 312122.00000000 302.00000000
1412856060000 1412865540000 1045.00000000 1037.00000000 1051.00000000 1037.00000000 1667954.00000000 1594.00000000
1412841900000 1412855880000 1048.00000000 1045.00000000 1058.00000000 1045.00000000 1110084.00000000 1056.00000000
1412834460000 1412841240000 1047.00000000 1048.00000000 1048.00000000 1045.00000000 838811.00000000 801.00000000
1412770080000 1412779200000 1047.00000000 1036.00000000 1050.00000000 1035.00000000 3050490.00000000 2931.00000000
1412755500000 1412769120000 1044.00000000 1047.00000000 1049.00000000 1043.00000000 553138.00000000 530.00000000
1412748120000 1412754360000 1061.00000000 1042.00000000 1061.00000000 1040.00000000 2085170.00000000 1995.00000000
1412683260000 1412692200000 1065.00000000 1068.00000000 1075.00000000 1060.00000000 2569008.00000000 2407.00000000
1412669040000 1412682720000 1062.00000000 1063.00000000 1069.00000000 1062.00000000 1814247.00000000 1704.00000000
1412661720000 1412668560000 1077.00000000 1062.00000000 1080.00000000 1062.00000000 2016696.00000000 1886.00000000
1412596980000 1412605740000 1087.00000000 1078.00000000 1107.00000000 1078.00000000 4304643.00000000 3959.00000000
1412582760000 1412595420000 1080.00000000 1086.00000000 1090.00000000 1080.00000000 7164527.00000000 6611.00000000
1412575320000 1412582160000 1080.00000000 1081.00000000 1086.00000000 1080.00000000 1439983.00000000 1330.00000000
1412337720000 1412347140000 1067.00000000 1078.00000000 1084.00000000 1067.00000000 3226491.00000000 2997.00000000
1412323320000 1412337420000 1065.00000000 1068.00000000 1077.00000000 1064.00000000 1030574.00000000 965.00000000
1412316060000 1412323020000 1065.00000000 1065.00000000 1074.00000000 1056.00000000 3650519.00000000 3435.00000000
1412251200000 1412260800000 1045.00000000 1034.00000000 1050.00000000 1032.00000000 4379418.00000000 4196.00000000
1412237040000 1412250780000 1055.00000000 1046.00000000 1055.00000000 1046.00000000 1930098.00000000 1839.00000000
1412229720000 1412236620000 1072.00000000 1057.00000000 1076.00000000 1051.00000000 3472726.00000000 3256.00000000
1412165640000 1412174400000 1113.00000000 1085.00000000 1113.00000000 1077.00000000 5807405.00000000 5277.00000000
1412150400000 1412164500000 1110.00000000 1113.00000000 1116.00000000 1110.00000000 4613967.00000000 4145.00000000
1412143440000 1412150160000 1107.00000000 1110.00000000 1111.00000000 1107.00000000 1582565.00000000 1426.00000000
1412078460000 1412088000000 1142.50000000 1117.90000000 1146.90000000 1114.10000000 2866022.00000000 2533.00000000
1412064240000 1412078340000 1129.30000000 1141.40000000 1160.00000000 1126.90000000 12334465.10000000 10807.00000000
1412057160000 1412063880000 1119.80000000 1132.80000000 1136.00000000 1115.50000000 6146630.50000000 5457.00000000
1411993500000 1412001600000 1161.00000000 1131.30000000 1161.00000000 1120.60000000 15276346.70000000 13511.00000000
1411978080000 1411991040000 1177.90000000 1161.00000000 1179.00000000 1160.20000000 1909281.90000000 1638.00000000
1411970700000 1411976820000 1163.90000000 1179.00000000 1180.00000000 1163.90000000 794160.20000000 676.00000000
1411733160000 1411742160000 1153.50000000 1161.50000000 1161.50000000 1149.30000000 1985083.70000000 1720.00000000
1411719060000 1411732560000 1156.60000000 1157.90000000 1162.90000000 1149.80000000 4510428.60000000 3898.00000000
1411711440000 1411717680000 1154.10000000 1150.90000000 1168.80000000 1112.10000000 3514716.80000000 3030.00000000
1411646400000 1411655640000 1165.00000000 1154.00000000 1171.60000000 1154.00000000 13588789.30000000 11669.00000000
1411632000000 1411646340000 1158.50000000 1165.00000000 1165.00000000 1158.50000000 3955360.40000000 3403.00000000
1411624920000 1411631940000 1149.00000000 1154.70000000 1159.80000000 1141.40000000 1524732.50000000 1328.00000000
1411560480000 1411569000000 1117.00000000 1136.90000000 1138.40000000 1112.30000000 4416650.90000000 3915.00000000
1411546080000 1411558680000 1119.00000000 1117.00000000 1146.40000000 1112.20000000 7351321.20000000 6561.00000000
1411538580000 1411545240000 1125.00000000 1119.00000000 1125.00000000 1112.00000000 2312803.90000000 2065.00000000
1411473660000 1411483080000 1110.00000000 1125.00000000 1125.10000000 1107.70000000 9935321.80000000 8854.00000000
1411459440000 1411472400000 1115.00000000 1110.20000000 1115.00000000 1103.00000000 2531555.50000000 2287.00000000
1411452180000 1411458540000 1115.00000000 1114.90000000 1144.80000000 1114.90000000 376084.60000000 337.00000000
1411387380000 1411396680000 1137.20000000 1118.60000000 1140.20000000 1113.00000000 4676277.80000000 4145.00000000
1411373880000 1411386480000 1156.50000000 1145.90000000 1156.50000000 1137.10000000 3924206.40000000 3404.00000000
1411365720000 1411372560000 1159.90000000 1160.00000000 1179.00000000 1136.00000000 2416728.10000000 2078.00000000
1411128000000 1411137600000 1144.40000000 1148.70000000 1177.00000000 1121.60000000 15172005.20000000 13228.00000000
1411113660000 1411127760000 1144.00000000 1144.40000000 1145.90000000 1131.40000000 4719558.00000000 4153.00000000
1411106700000 1411113540000 1162.00000000 1144.00000000 1166.80000000 1144.00000000 1187796.60000000 1027.00000000
1411041600000 1411050540000 1199.80000000 1179.90000000 1205.00000000 1162.80000000 7848664.30000000 6591.00000000
1411028400000 1411041540000 1163.70000000 1195.10000000 1200.00000000 1162.90000000 11143359.50000000 9409.00000000
1411020120000 1411025100000 1173.70000000 1159.20000000 1186.00000000 1159.20000000 1409783.80000000 1205.00000000
1410955320000 1410964800000 1190.10000000 1174.10000000 1195.00000000 1165.00000000 8961736.30000000 7550.00000000
1410941100000 1410955020000 1197.80000000 1190.10000000 1202.90000000 1186.10000000 10373588.40000000 8683.00000000
1410933660000 1410940620000 1190.00000000 1195.00000000 1212.90000000 1187.50000000 6728007.20000000 5614.00000000
1410868860000 1410878280000 1189.30000000 1193.00000000 1198.40000000 1170.00000000 17896628.20000000 15076.00000000
1410854460000 1410868740000 1176.10000000 1190.00000000 1549.90000000 1173.30000000 23738481.20000000 19425.00000000
1410847260000 1410854340000 1185.00000000 1176.10000000 1200.00000000 1167.10000000 8156232.60000000 6911.00000000
1410782400000 1410792000000 1205.00000000 1205.00000000 1213.30000000 1175.00000000 11349141.90000000 9490.00000000
1410768000000 1410782340000 1198.80000000 1205.00000000 1216.80000000 1195.00000000 8222425.10000000 6799.00000000
1410760860000 1410767700000 1187.70000000 1198.40000000 1198.40000000 1187.60000000 698652.70000000 586.00000000
1410523260000 1410532800000 1152.00000000 1172.20000000 1200.90000000 1152.00000000 4505635.90000000 3845.00000000
1410509220000 1410522780000 1151.30000000 1152.00000000 1156.90000000 1151.30000000 326499.60000000 283.00000000
1410501840000 1410508020000 1144.10000000 1148.90000000 1153.20000000 1144.10000000 220785.50000000 192.00000000
1410436980000 1410446400000 1154.00000000 1160.00000000 1174.00000000 1151.00000000 2284104.30000000 1965.00000000
1410423480000 1410436500000 1160.10000000 1152.80000000 1160.10000000 1150.20000000 1101580.90000000 954.00000000
1410415320000 1410422220000 1154.00000000 1156.70000000 1156.70000000 1148.50000000 464579.20000000 402.00000000
1410350700000 1410359880000 1157.10000000 1152.00000000 1168.50000000 1145.00000000 3138418.60000000 2719.00000000
1410337440000 1410350100000 1149.00000000 1156.70000000 1156.70000000 1145.50000000 620844.40000000 540.00000000
1410329400000 1410333600000 1150.10000000 1149.00000000 1150.10000000 1141.10000000 174229.20000000 152.00000000
1410264300000 1410273180000 1167.00000000 1157.30000000 1168.00000000 1157.30000000 1359499.90000000 1169.00000000
1410249900000 1410261840000 1165.90000000 1167.00000000 1167.00000000 1164.00000000 696473.00000000 597.00000000
1410242640000 1410248700000 1170.00000000 1166.90000000 1170.00000000 1162.50000000 177184.00000000 152.00000000
1410179100000 1410187080000 1160.40000000 1173.70000000 1189.00000000 1159.70000000 5709636.70000000 4863.00000000
1410164340000 1410176220000 1175.10000000 1164.90000000 1178.00000000 1164.90000000 5544702.50000000 4719.00000000
1410156060000 1410162780000 1168.00000000 1176.00000000 1537.80000000 1167.00000000 3286245.50000000 2788.00000000
1409918880000 1409927760000 1108.50000000 1159.90000000 1160.00000000 1106.30000000 15958971.20000000 13997.00000000
1409904660000 1409918220000 1107.90000000 1107.20000000 1108.50000000 1107.00000000 366876.50000000 331.00000000
1409897400000 1409903520000 1109.90000000 1108.00000000 1110.00000000 1107.10000000 584312.10000000 527.00000000
1409832360000 1409841060000 1130.00000000 1117.90000000 1133.90000000 1113.70000000 7430900.30000000 6576.00000000
1409817600000 1409831400000 1129.00000000 1130.00000000 1130.00000000 1123.20000000 5196788.30000000 4608.00000000
1409810820000 1409816820000 1124.00000000 1129.80000000 1130.50000000 1100.10000000 2738224.30000000 2441.00000000
1409745720000 1409755080000 1095.00000000 1118.00000000 1133.30000000 1093.80000000 26421220.00000000 23778.00000000
1409731440000 1409745420000 1082.90000000 1095.00000000 1103.20000000 1079.80000000 27753950.70000000 25406.00000000
1409725680000 1409730840000 1089.90000000 1080.90000000 1089.90000000 1080.90000000 671536.60000000 619.00000000
1409659260000 1409668560000 1061.30000000 1082.70000000 1092.90000000 1061.30000000 1583876.40000000 1465.00000000
1409645040000 1409658240000 1063.90000000 1061.00000000 1064.00000000 1060.80000000 268781.90000000 253.00000000
1409638080000 1409643900000 1059.50000000 1063.90000000 1063.90000000 1057.50000000 39182.10000000 37.00000000
1409574840000 1409582100000 1052.00000000 1054.00000000 1054.10000000 1051.90000000 93642.60000000 89.00000000
1409560140000 1409572260000 1060.50000000 1051.80000000 1060.50000000 1051.80000000 78461.30000000 74.00000000
1409551680000 1409556240000 1061.70000000 1060.50000000 1061.70000000 1050.50000000 18944.00000000 18.00000000
1409313660000 1409322780000 1046.00000000 1050.00000000 1061.60000000 1044.90000000 6719296.80000000 6391.00000000
1409299680000 1409312880000 1046.20000000 1046.00000000 1048.00000000 1046.00000000 264007.90000000 252.00000000
1409292240000 1409298000000 1047.00000000 1048.00000000 1049.00000000 1045.10000000 386697.10000000 369.00000000
1409227200000 1409235240000 1054.00000000 1055.00000000 1058.90000000 1041.00000000 8453619.30000000 8041.00000000
1409213820000 1409227080000 1050.40000000 1053.90000000 1060.00000000 1050.00000000 1662898.40000000 1578.00000000
1409206800000 1409212440000 1050.20000000 1052.50000000 1052.50000000 1049.00000000 602015.20000000 573.00000000
1409141520000 1409147160000 1059.00000000 1062.10000000 1062.10000000 1059.00000000 183232.80000000 173.00000000
1409127000000 1409135580000 1060.00000000 1060.00000000 1060.00000000 1060.00000000 63600.00000000 60.00000000
1409119980000 1409126220000 1059.80000000 1060.00000000 1060.00000000 1058.00000000 237235.40000000 224.00000000
1409057340000 1409062860000 1062.00000000 1056.00000000 1068.00000000 1056.00000000 3469365.00000000 3267.00000000
1409040480000 1409051940000 1062.10000000 1062.00000000 1062.10000000 1062.00000000 80712.60000000 76.00000000
1409033640000 1409039520000 1062.00000000 1062.10000000 1065.00000000 1062.00000000 129846.60000000 122.00000000
1408968480000 1408976940000 1055.00000000 1060.70000000 1066.90000000 1051.00000000 2324238.30000000 2202.00000000
1408957140000 1408967880000 1055.90000000 1055.00000000 1056.70000000 1055.00000000 326307.70000000 309.00000000
1408947240000 1408951920000 1054.00000000 1053.10000000 1056.00000000 1053.10000000 74938.10000000 71.00000000
1408708860000 1408717980000 1062.10000000 1050.80000000 1066.00000000 1041.00000000 6800049.10000000 6450.00000000
1408694520000 1408708740000 1071.20000000 1063.10000000 1071.20000000 1063.10000000 9780930.80000000 9161.00000000
1408687260000 1408692000000 1085.00000000 1072.00000000 1085.00000000 1072.00000000 175820.20000000 163.00000000
1408624380000 1408632000000 1092.00000000 1089.20000000 1103.30000000 1085.70000000 9247304.00000000 8475.00000000
1408610220000 1408613400000 1092.60000000 1091.00000000 1092.60000000 1090.00000000 2146907.60000000 1968.00000000
1408600980000 1408606080000 1098.10000000 1093.80000000 1098.10000000 1093.80000000 321918.30000000 294.00000000
1408536420000 1408545180000 1107.90000000 1109.70000000 1116.90000000 1100.00000000 1258725.80000000 1134.00000000
1408521660000 1408532340000 1109.80000000 1107.60000000 1111.00000000 1105.10000000 2943820.70000000 2652.00000000
1408514520000 1408521480000 1081.30000000 1105.90000000 1111.00000000 1081.30000000 3077142.60000000 2791.00000000
1408450260000 1408459140000 1051.10000000 1090.00000000 1100.00000000 1051.00000000 15354711.00000000 14128.00000000
1408435860000 1408448400000 1048.80000000 1050.00000000 1051.10000000 1048.80000000 382958.60000000 365.00000000
1408428120000 1408435020000 1046.80000000 1047.50000000 1052.50000000 1040.00000000 708998.20000000 678.00000000
1408368600000 1408372800000 1030.60000000 1032.00000000 1038.40000000 1029.20000000 2724403.00000000 2634.00000000
1408349100000 1408362480000 1030.00000000 1035.00000000 1035.00000000 1030.00000000 1897236.80000000 1835.00000000
1408341660000 1408347300000 1025.00000000 1030.00000000 1032.50000000 1025.00000000 1502959.50000000 1460.00000000
1408107420000 1408113420000 1047.00000000 1041.00000000 1060.00000000 1040.00000000 3296538.00000000 3150.00000000
1408089900000 1408099740000 1050.60000000 1044.10000000 1055.70000000 1043.20000000 36763.10000000 35.00000000
1408083240000 1408088040000 1040.60000000 1051.30000000 1051.30000000 1040.60000000 27319.10000000 26.00000000
1408018380000 1408027200000 1040.00000000 1053.10000000 1065.40000000 1040.00000000 1841891.20000000 1749.00000000
1408003980000 1408017540000 1047.50000000 1040.00000000 1050.00000000 1040.00000000 1145061.00000000 1095.00000000
1407998400000 1408001460000 1047.50000000 1047.50000000 1047.50000000 1045.00000000 950867.30000000 908.00000000
1407932640000 1407940800000 1052.50000000 1056.00000000 1067.00000000 1051.00000000 1446174.10000000 1366.00000000
1407916980000 1407930480000 1049.00000000 1052.50000000 1052.50000000 1049.00000000 441763.50000000 420.00000000
1407909840000 1407915900000 1050.00000000 1050.00000000 1050.00000000 1045.10000000 272612.20000000 260.00000000
1407846180000 1407854160000 1044.20000000 1052.10000000 1053.00000000 1027.90000000 2239849.70000000 2153.00000000
1407832740000 1407843300000 1052.50000000 1050.00000000 1055.00000000 1044.90000000 2032875.70000000 1943.00000000
1407823260000 1407828660000 1050.00000000 1052.50000000 1070.00000000 1050.00000000 11871059.90000000 11107.00000000
1407763860000 1407768000000 1059.00000000 1055.40000000 1071.90000000 1050.00000000 11465176.30000000 10862.00000000
1407745500000 1407758160000 1049.80000000 1055.00000000 1055.00000000 1049.00000000 1948471.50000000 1854.00000000
1407737040000 1407741840000 1040.00000000 1049.00000000 1049.80000000 1040.00000000 559111.70000000 535.00000000
1407499620000 1407508800000 1040.10000000 1033.50000000 1048.00000000 1033.50000000 4609979.30000000 4424.00000000
1407485820000 1407499080000 1044.00000000 1040.10000000 1044.70000000 1039.50000000 1193784.50000000 1146.00000000
1407477720000 1407483780000 1055.40000000 1041.60000000 1055.40000000 1041.10000000 2143151.40000000 2047.00000000
1407413400000 1407422160000 1049.10000000 1054.50000000 1055.00000000 1045.80000000 3095608.30000000 2938.00000000
1407400200000 1407412620000 1044.60000000 1045.00000000 1048.30000000 1042.40000000 557238.20000000 534.00000000
1407391320000 1407396480000 1041.10000000 1044.60000000 1055.00000000 1041.10000000 58625.10000000 56.00000000
1407328500000 1407335640000 1067.20000000 1059.00000000 1067.20000000 1043.00000000 3084131.60000000 2914.00000000
1407312060000 1407323040000 1075.20000000 1072.60000000 1075.20000000 1065.20000000 397773.80000000 373.00000000
1407306960000 1407310260000 1076.10000000 1070.00000000 1076.10000000 1070.00000000 44077.60000000 41.00000000
1407240900000 1407247860000 1089.00000000 1094.60000000 1094.60000000 1076.10000000 167475.70000000 154.00000000
1407230160000 1407236340000 1094.50000000 1089.70000000 1094.50000000 1080.00000000 255914.90000000 236.00000000
1407218820000 1407220320000 1101.30000000 1094.80000000 1110.90000000 1089.20000000 151063.50000000 138.00000000
1407156420000 1407163200000 1089.00000000 1089.50000000 1101.90000000 1080.70000000 6817075.20000000 6253.00000000
1407139800000 1407152460000 1082.50000000 1089.90000000 1090.00000000 1082.40000000 129554.00000000 119.00000000
1407132720000 1407139080000 1073.20000000 1083.10000000 1089.90000000 1072.70000000 759828.20000000 700.00000000
1406894640000 1406904000000 1082.50000000 1062.20000000 1090.00000000 1060.00000000 6455718.80000000 6017.00000000
1406881140000 1406893200000 1081.00000000 1080.60000000 1083.30000000 1075.00000000 330223.30000000 306.00000000
1406874060000 1406879640000 1096.90000000 1085.10000000 1096.90000000 1081.00000000 322246.20000000 298.00000000
1406808120000 1406816880000 1103.00000000 1084.10000000 1103.00000000 1081.10000000 396714.60000000 363.00000000
1406793780000 1406806920000 1105.50000000 1102.00000000 1105.50000000 1092.20000000 2703126.50000000 2460.00000000
1406787120000 1406793360000 1129.90000000 1105.00000000 1129.90000000 1105.00000000 2296715.80000000 2058.00000000
1406728260000 1406732760000 1118.60000000 1120.00000000 1129.20000000 1109.90000000 1299876.90000000 1159.00000000
1406707380000 1406720340000 1111.90000000 1109.80000000 1119.50000000 1107.60000000 1046362.50000000 942.00000000
1406700180000 1406707080000 1112.30000000 1110.50000000 1129.80000000 1106.00000000 1089060.40000000 974.00000000
1406635320000 1406644500000 1086.40000000 1119.40000000 1147.60000000 1086.40000000 7942211.10000000 7113.00000000
1406620920000 1406634420000 1070.10000000 1085.40000000 1085.40000000 1057.70000000 3900378.20000000 3625.00000000
1406613900000 1406620740000 1055.10000000 1071.00000000 1076.30000000 1055.10000000 1098955.80000000 1024.00000000
1406549160000 1406558400000 1071.10000000 1059.70000000 1072.00000000 1050.10000000 2299110.60000000 2158.00000000
1406535000000 1406548140000 1067.30000000 1072.30000000 1075.00000000 1067.00000000 1906849.30000000 1781.00000000
1406528100000 1406534280000 1060.20000000 1069.00000000 1069.00000000 1060.00000000 35102.50000000 33.00000000
1406290440000 1406298840000 1092.10000000 1075.10000000 1092.80000000 1070.10000000 1990971.80000000 1836.00000000
1406276040000 1406288340000 1087.40000000 1092.20000000 1098.00000000 1087.10000000 1928780.70000000 1766.00000000
1406268060000 1406275080000 1077.80000000 1089.20000000 1109.40000000 1077.80000000 1671481.60000000 1520.00000000
1406203500000 1406212680000 1072.40000000 1084.00000000 1093.40000000 1072.30000000 2044745.30000000 1889.00000000
1406188860000 1406203080000 1071.00000000 1073.00000000 1078.00000000 1070.60000000 1043734.30000000 971.00000000
1406181660000 1406188740000 1056.20000000 1071.80000000 1078.00000000 1048.30000000 2481432.40000000 2324.00000000
1406116800000 1406126400000 1057.70000000 1056.20000000 1060.10000000 1047.40000000 3293934.50000000 3121.00000000
1406102640000 1406116740000 1052.70000000 1058.70000000 1058.70000000 1052.20000000 1110683.70000000 1054.00000000
1406096040000 1406101200000 1061.40000000 1057.60000000 1062.00000000 1051.30000000 1148825.50000000 1085.00000000
1406030400000 1406039880000 1045.10000000 1060.00000000 1060.00000000 1043.90000000 5255215.50000000 5015.00000000
1406016420000 1406030340000 1049.90000000 1045.20000000 1052.00000000 1045.10000000 2453459.30000000 2335.00000000
1406009100000 1406015700000 1050.40000000 1050.00000000 1052.00000000 1047.50000000 2975109.20000000 2832.00000000
1405944360000 1405953600000 1072.50000000 1049.50000000 1072.50000000 1035.00000000 6664108.20000000 6261.00000000
1405929660000 1405943580000 1072.50000000 1072.50000000 1077.00000000 1068.30000000 1881729.30000000 1757.00000000
1405922460000 1405929480000 1080.00000000 1072.50000000 1081.40000000 1071.00000000 322031.60000000 299.00000000
1405685040000 1405694040000 1058.50000000 1072.30000000 1075.60000000 1054.10000000 4637481.00000000 4372.00000000
1405670400000 1405684260000 1065.70000000 1058.50000000 1068.40000000 1057.00000000 1549925.60000000 1460.00000000
1405663260000 1405670340000 1080.40000000 1065.70000000 1081.40000000 1065.00000000 1381329.80000000 1291.00000000
1405598580000 1405607880000 1098.00000000 1088.50000000 1102.20000000 1067.60000000 1804082.70000000 1658.00000000
1405584120000 1405598340000 1106.00000000 1100.50000000 1107.50000000 1096.90000000 4146107.70000000 3772.00000000
1405576980000 1405583820000 1098.00000000 1106.90000000 1107.40000000 1091.00000000 1955957.80000000 1779.00000000
1405513800000 1405521540000 1105.00000000 1106.50000000 1110.00000000 1099.00000000 673137.50000000 611.00000000
1405497600000 1405511880000 1105.90000000 1100.40000000 1109.60000000 1098.10000000 5063311.50000000 4598.00000000
1405490580000 1405497540000 1114.20000000 1105.80000000 1115.50000000 1100.00000000 2362786.60000000 2129.00000000
1405425720000 1405434840000 1116.00000000 1114.30000000 1118.60000000 1110.00000000 2029792.70000000 1823.00000000
1405411380000 1405424340000 1114.50000000 1116.00000000 1120.70000000 1114.50000000 800937.30000000 717.00000000
1405404180000 1405409820000 1123.30000000 1114.20000000 1127.50000000 1114.10000000 274827.60000000 246.00000000
1405339500000 1405348800000 1105.70000000 1118.90000000 1123.50000000 1102.80000000 4855069.20000000 4359.00000000
1405324800000 1405337220000 1100.00000000 1102.20000000 1107.90000000 1100.00000000 1634987.50000000 1482.00000000
1405317780000 1405323960000 1095.10000000 1100.00000000 1103.50000000 1090.20000000 385602.10000000 351.00000000
1405080060000 1405089540000 1086.50000000 1099.30000000 1101.50000000 1084.70000000 31170763.50000000 28345.00000000
1405065720000 1405079580000 1088.00000000 1086.60000000 1090.50000000 1082.60000000 1057191.70000000 971.00000000
1405058640000 1405064640000 1072.20000000 1088.00000000 1092.10000000 1056.00000000 6798737.50000000 6247.00000000
1404993840000 1405003200000 1086.80000000 1078.00000000 1088.80000000 1061.50000000 7042611.10000000 6514.00000000
1404979200000 1404993180000 1100.60000000 1086.80000000 1100.60000000 1085.00000000 2575650.10000000 2355.00000000
1404972060000 1404978600000 1100.00000000 1103.40000000 1125.70000000 1100.00000000 2575714.70000000 2325.00000000
1404907200000 1404916800000 1082.50000000 1099.80000000 1099.80000000 1073.80000000 10500868.00000000 9690.00000000
1404892800000 1404907080000 1088.20000000 1082.50000000 1088.20000000 1080.10000000 5107032.80000000 4718.00000000
1404885660000 1404892740000 1100.00000000 1088.20000000 1111.00000000 1088.00000000 5496322.70000000 4992.00000000
1404821340000 1404830400000 1172.90000000 1108.60000000 1172.90000000 1100.00000000 24094202.60000000 21420.00000000
1404806580000 1404820140000 1168.10000000 1172.90000000 1180.00000000 1163.00000000 2752404.80000000 2341.00000000
1404799260000 1404804960000 1165.00000000 1167.70000000 1174.70000000 1164.00000000 2305796.60000000 1976.00000000
1404735420000 1404744000000 1198.30000000 1162.20000000 1200.00000000 1152.00000000 20553250.70000000 17679.00000000
1404720360000 1404732060000 1201.10000000 1198.90000000 1210.00000000 1194.00000000 1453551.10000000 1214.00000000
1404714120000 1404719880000 1200.00000000 1200.00000000 1211.80000000 1199.20000000 517198.10000000 431.00000000
1404475500000 1404484800000 1194.00000000 1186.00000000 1194.00000000 1186.00000000 602838.70000000 506.00000000
1404460800000 1404475140000 1190.00000000 1193.10000000 1204.90000000 1186.30000000 1560476.80000000 1305.00000000
1404453660000 1404460680000 1184.90000000 1190.00000000 1190.80000000 1183.00000000 377880.00000000 318.00000000
1404390180000 1404398400000 1203.00000000 1192.00000000 1207.00000000 1191.50000000 13723908.60000000 11457.00000000
1404374820000 1404387180000 1208.60000000 1203.00000000 1213.80000000 1199.70000000 10593995.80000000 8779.00000000
1404367320000 1404374160000 1188.90000000 1207.80000000 1207.80000000 1184.00000000 6161550.20000000 5135.00000000
1404302820000 1404312000000 1210.60000000 1197.50000000 1220.00000000 1195.00000000 12429829.00000000 10251.00000000
1404288060000 1404302280000 1205.30000000 1213.90000000 1217.00000000 1201.00000000 27170133.10000000 22506.00000000
1404281040000 1404287520000 1218.00000000 1201.00000000 1218.10000000 1201.00000000 833264.40000000 690.00000000
1404220560000 1404225540000 1229.80000000 1218.20000000 1231.00000000 1218.10000000 2200436.30000000 1802.00000000
1404202560000 1404214560000 1230.00000000 1230.70000000 1230.80000000 1221.00000000 226580.50000000 185.00000000
1404194520000 1404201240000 1212.50000000 1231.90000000 1239.80000000 1212.50000000 1283846.50000000 1049.00000000
1404129780000 1404139200000 1187.90000000 1218.00000000 1218.10000000 1187.00000000 3463193.30000000 2869.00000000
1404115500000 1404129060000 1185.00000000 1187.00000000 1188.90000000 1184.10000000 5964230.20000000 5033.00000000
1404108300000 1404112500000 1189.90000000 1184.60000000 1189.90000000 1184.40000000 1003331.80000000 847.00000000
1403870460000 1403879880000 1183.60000000 1184.20000000 1197.00000000 1171.30000000 981335.60000000 827.00000000
1403857020000 1403869260000 1174.00000000 1171.40000000 1183.80000000 1170.00000000 103333.90000000 88.00000000
1403848860000 1403853960000 1172.10000000 1174.00000000 1175.00000000 1165.00000000 269838.50000000 230.00000000
1403784420000 1403793600000 1170.50000000 1185.00000000 1188.50000000 1170.20000000 1367399.40000000 1159.00000000
1403769720000 1403781300000 1175.00000000 1174.80000000 1175.00000000 1168.90000000 1001428.80000000 854.00000000
1403762460000 1403768820000 1185.00000000 1174.90000000 1185.00000000 1170.20000000 445683.70000000 379.00000000
1403697720000 1403707140000 1179.70000000 1176.70000000 1179.70000000 1153.10000000 2811048.90000000 2415.00000000
1403683200000 1403697540000 1180.40000000 1175.20000000 1183.80000000 1170.00000000 640537.00000000 544.00000000
1403676060000 1403683140000 1185.00000000 1176.40000000 1195.00000000 1176.00000000 1172628.90000000 988.00000000
1403611200000 1403620800000 1201.80000000 1199.80000000 1206.60000000 1195.50000000 1859888.00000000 1550.00000000
1403596800000 1403611080000 1207.90000000 1201.90000000 1208.00000000 1191.00000000 1636322.80000000 1366.00000000
1403589660000 1403596080000 1200.00000000 1207.80000000 1208.90000000 1200.00000000 978026.90000000 810.00000000
1403524860000 1403534400000 1213.50000000 1196.00000000 1216.90000000 1187.70000000 4071609.30000000 3399.00000000
1403510520000 1403523960000 1209.40000000 1212.70000000 1218.80000000 1203.10000000 3306871.80000000 2730.00000000
1403503260000 1403510220000 1185.00000000 1210.00000000 1217.90000000 1185.00000000 9576986.00000000 7951.00000000
1403265900000 1403275200000 1163.90000000 1175.00000000 1179.00000000 1163.00000000 2117949.30000000 1804.00000000
1403251380000 1403265420000 1160.10000000 1160.30000000 1164.00000000 1160.00000000 415392.70000000 357.00000000
1403244480000 1403251020000 1165.20000000 1164.20000000 1176.50000000 1160.00000000 629376.80000000 541.00000000
1403180640000 1403188800000 1171.00000000 1168.00000000 1177.90000000 1165.00000000 738938.20000000 633.00000000
1403164860000 1403177640000 1175.00000000 1174.30000000 1179.30000000 1167.10000000 452514.10000000 387.00000000
1403157660000 1403163360000 1176.00000000 1175.00000000 1182.70000000 1165.00000000 425186.70000000 364.00000000
1403092860000 1403102400000 1179.40000000 1180.30000000 1183.90000000 1177.10000000 266515.80000000 226.00000000
1403078460000 1403091060000 1180.20000000 1180.00000000 1185.00000000 1177.00000000 685434.20000000 580.00000000
1403071740000 1403078040000 1180.10000000 1180.10000000 1184.90000000 1176.00000000 764681.10000000 648.00000000
1403009100000 1403015940000 1178.90000000 1185.00000000 1187.70000000 1170.00000000 2093602.60000000 1774.00000000
1402992540000 1403005440000 1179.00000000 1175.90000000 1183.40000000 1172.70000000 1733853.10000000 1472.00000000
1402984920000 1402991760000 1166.90000000 1178.90000000 1179.00000000 1166.90000000 6144567.30000000 5229.00000000
1402920660000 1402929540000 1170.00000000 1165.10000000 1178.50000000 1150.00000000 4415665.10000000 3791.00000000
1402905960000 1402919820000 1169.90000000 1177.50000000 1179.00000000 1165.20000000 11539337.20000000 9863.00000000
1402898700000 1402905420000 1164.00000000 1169.90000000 1181.20000000 1162.00000000 262611.00000000 225.00000000
1402488300000 1402497600000 1162.90000000 1179.80000000 1183.00000000 1157.10000000 9038381.50000000 7691.00000000
1402476120000 1402486560000 1165.20000000 1163.00000000 1165.20000000 1159.40000000 1142227.40000000 983.00000000
1402466520000 1402471920000 1175.00000000 1165.20000000 1175.00000000 1162.30000000 186665.90000000 160.00000000
1402403040000 1402411200000 1167.40000000 1165.10000000 1177.00000000 1160.10000000 787300.30000000 674.00000000
1402387320000 1402401060000 1170.00000000 1167.10000000 1178.30000000 1167.00000000 1480855.10000000 1264.00000000
1402380120000 1402387140000 1172.10000000 1178.00000000 1181.00000000 1165.10000000 1474610.70000000 1256.00000000
1402315200000 1402324800000 1157.50000000 1165.00000000 1172.90000000 1155.90000000 4874252.00000000 4206.00000000
1402301040000 1402315140000 1165.90000000 1157.50000000 1169.90000000 1155.70000000 2853534.20000000 2457.00000000
1402294020000 1402300620000 1178.90000000 1169.80000000 1185.60000000 1167.00000000 740988.10000000 630.00000000
1402056000000 1402065540000 1153.90000000 1161.30000000 1173.50000000 1152.60000000 5476569.60000000 4703.00000000
1402041900000 1402055940000 1154.70000000 1153.90000000 1157.40000000 1151.00000000 1417333.20000000 1227.00000000
1402034580000 1402041540000 1158.30000000 1153.00000000 1160.40000000 1152.60000000 2159343.50000000 1867.00000000
1401969660000 1401979140000 1158.80000000 1145.00000000 1162.50000000 1141.10000000 14825563.60000000 12875.00000000
1401955200000 1401969360000 1166.10000000 1158.80000000 1172.00000000 1150.00000000 6998498.90000000 6041.00000000
1401948060000 1401955140000 1175.00000000 1168.00000000 1195.00000000 1162.10000000 7028762.90000000 5993.00000000
1401883200000 1401892800000 1281.10000000 1169.50000000 1298.80000000 1163.00000000 21324933.40000000 17791.00000000
1401869700000 1401883140000 1546.80000000 1299.00000000 1546.80000000 1200.00000000 13599179.70000000 9864.00000000
1401861900000 1401868560000 1546.70000000 1546.80000000 1546.80000000 1545.00000000 10676648.70000000 6903.00000000
